Tue Oct 19 2021,Brooklyn Nets,104,Milwaukee Bucks,127
Tue Oct 19 2021,Golden State Warriors,121,Los Angeles Lakers,114
Wed Oct 20 2021,Indiana Pacers,122,Charlotte Hornets,123
Wed Oct 20 2021,Chicago Bulls,94,Detroit Pistons,88
Wed Oct 20 2021,Boston Celtics,134,New York Knicks,138
Wed Oct 20 2021,Washington Wizards,98,Toronto Raptors,83
Wed Oct 20 2021,Cleveland Cavaliers,121,Memphis Grizzlies,132
Wed Oct 20 2021,Houston Rockets,106,Minnesota Timberwolves,124
Wed Oct 20 2021,Philadelphia 76ers,117,New Orleans Pelicans,97
Wed Oct 20 2021,Orlando Magic,97,San Antonio Spurs,123
Wed Oct 20 2021,Oklahoma City Thunder,86,Utah Jazz,107
Wed Oct 20 2021,Sacramento Kings,124,Portland Trail Blazers,121
Wed Oct 20 2021,Denver Nuggets,110,Phoenix Suns,98
Thu Oct 21 2021,Dallas Mavericks,87,Atlanta Hawks,113
Thu Oct 21 2021,Milwaukee Bucks,95,Miami Heat,137
Thu Oct 21 2021,Los Angeles Clippers,113,Golden State Warriors,115
Fri Oct 22 2021,New York Knicks,121,Orlando Magic,96
Fri Oct 22 2021,Indiana Pacers,134,Washington Wizards,135
Fri Oct 22 2021,Charlotte Hornets,123,Cleveland Cavaliers,112
Fri Oct 22 2021,Toronto Raptors,115,Boston Celtics,83
Fri Oct 22 2021,Brooklyn Nets,114,Philadelphia 76ers,109
Fri Oct 22 2021,Oklahoma City Thunder,91,Houston Rockets,124
Fri Oct 22 2021,New Orleans Pelicans,112,Chicago Bulls,128
Fri Oct 22 2021,San Antonio Spurs,96,Denver Nuggets,102
Fri Oct 22 2021,Phoenix Suns,115,Los Angeles Lakers,105
Fri Oct 22 2021,Utah Jazz,110,Sacramento Kings,101
Sat Oct 23 2021,Atlanta Hawks,95,Cleveland Cavaliers,101
Sat Oct 23 2021,Miami Heat,91,Indiana Pacers,102
Sat Oct 23 2021,Dallas Mavericks,103,Toronto Raptors,95
Sat Oct 23 2021,Detroit Pistons,82,Chicago Bulls,97
Sat Oct 23 2021,New Orleans Pelicans,89,Minnesota Timberwolves,96
Sat Oct 23 2021,Milwaukee Bucks,121,San Antonio Spurs,111
Sat Oct 23 2021,Phoenix Suns,105,Portland Trail Blazers,134
Sat Oct 23 2021,Memphis Grizzlies,120,Los Angeles Clippers,114
Sun Oct 24 2021,Charlotte Hornets,111,Brooklyn Nets,95
Sun Oct 24 2021,Boston Celtics,107,Houston Rockets,97
Sun Oct 24 2021,Orlando Magic,110,New York Knicks,104
Sun Oct 24 2021,Philadelphia 76ers,115,Oklahoma City Thunder,103
Sun Oct 24 2021,Golden State Warriors,119,Sacramento Kings,107
Sun Oct 24 2021,Memphis Grizzlies,118,Los Angeles Lakers,121
Mon Oct 25 2021,Boston Celtics,140,Charlotte Hornets,129
Mon Oct 25 2021,Milwaukee Bucks,119,Indiana Pacers,109
Mon Oct 25 2021,Chicago Bulls,111,Toronto Raptors,108
Mon Oct 25 2021,Orlando Magic,90,Miami Heat,107
Mon Oct 25 2021,Washington Wizards,90,Brooklyn Nets,104
Mon Oct 25 2021,Detroit Pistons,104,Atlanta Hawks,122
Mon Oct 25 2021,New Orleans Pelicans,107,Minnesota Timberwolves,98
Mon Oct 25 2021,Cleveland Cavaliers,99,Denver Nuggets,87
Mon Oct 25 2021,Portland Trail Blazers,86,Los Angeles Clippers,116
Tue Oct 26 2021,Philadelphia 76ers,99,New York Knicks,112
Tue Oct 26 2021,Golden State Warriors,106,Oklahoma City Thunder,98
Tue Oct 26 2021,Los Angeles Lakers,125,San Antonio Spurs,121
Tue Oct 26 2021,Houston Rockets,106,Dallas Mavericks,116
Tue Oct 26 2021,Denver Nuggets,110,Utah Jazz,122
Wed Oct 27 2021,Charlotte Hornets,120,Orlando Magic,111
Wed Oct 27 2021,Washington Wizards,116,Boston Celtics,107
Wed Oct 27 2021,Miami Heat,106,Brooklyn Nets,93
Wed Oct 27 2021,Indiana Pacers,100,Toronto Raptors,118
Wed Oct 27 2021,Atlanta Hawks,102,New Orleans Pelicans,99
Wed Oct 27 2021,Minnesota Timberwolves,113,Milwaukee Bucks,108
Wed Oct 27 2021,Los Angeles Lakers,115,Oklahoma City Thunder,123
Wed Oct 27 2021,Sacramento Kings,110,Phoenix Suns,107
Wed Oct 27 2021,Memphis Grizzlies,96,Portland Trail Blazers,116
Wed Oct 27 2021,Cleveland Cavaliers,92,Los Angeles Clippers,79
Thu Oct 28 2021,Atlanta Hawks,111,Washington Wizards,122
Thu Oct 28 2021,Detroit Pistons,102,Philadelphia 76ers,110
Thu Oct 28 2021,Utah Jazz,122,Houston Rockets,91
Thu Oct 28 2021,New York Knicks,104,Chicago Bulls,103
Thu Oct 28 2021,San Antonio Spurs,99,Dallas Mavericks,104
Thu Oct 28 2021,Memphis Grizzlies,104,Golden State Warriors,101
Fri Oct 29 2021,Orlando Magic,109,Toronto Raptors,110
Fri Oct 29 2021,Charlotte Hornets,99,Miami Heat,114
Fri Oct 29 2021,Indiana Pacers,98,Brooklyn Nets,105
Fri Oct 29 2021,Sacramento Kings,113,New Orleans Pelicans,109
Fri Oct 29 2021,Dallas Mavericks,75,Denver Nuggets,106
Fri Oct 29 2021,Los Angeles Clippers,92,Portland Trail Blazers,111
Fri Oct 29 2021,Cleveland Cavaliers,101,Los Angeles Lakers,113
Sat Oct 30 2021,Boston Celtics,112,Washington Wizards,115
Sat Oct 30 2021,Orlando Magic,103,Detroit Pistons,110
Sat Oct 30 2021,New York Knicks,123,New Orleans Pelicans,117
Sat Oct 30 2021,Toronto Raptors,97,Indiana Pacers,94
Sat Oct 30 2021,Atlanta Hawks,94,Philadelphia 76ers,122
Sat Oct 30 2021,Utah Jazz,99,Chicago Bulls,107
Sat Oct 30 2021,Miami Heat,129,Memphis Grizzlies,103
Sat Oct 30 2021,San Antonio Spurs,102,Milwaukee Bucks,93
Sat Oct 30 2021,Oklahoma City Thunder,82,Golden State Warriors,103
Sat Oct 30 2021,Denver Nuggets,93,Minnesota Timberwolves,91
Sat Oct 30 2021,Cleveland Cavaliers,92,Phoenix Suns,101
Sun Oct 31 2021,Sacramento Kings,99,Dallas Mavericks,105
Sun Oct 31 2021,Portland Trail Blazers,113,Charlotte Hornets,125
Sun Oct 31 2021,Utah Jazz,107,Milwaukee Bucks,95
Sun Oct 31 2021,Detroit Pistons,91,Brooklyn Nets,117
Sun Oct 31 2021,Houston Rockets,85,Los Angeles Lakers,95
Mon Nov 1 2021,Cleveland Cavaliers,113,Charlotte Hornets,110
Mon Nov 1 2021,San Antonio Spurs,118,Indiana Pacers,131
Mon Nov 1 2021,Portland Trail Blazers,103,Philadelphia 76ers,113
Mon Nov 1 2021,Washington Wizards,111,Atlanta Hawks,118
Mon Nov 1 2021,Chicago Bulls,128,Boston Celtics,114
Mon Nov 1 2021,Toronto Raptors,113,New York Knicks,104
Mon Nov 1 2021,Denver Nuggets,97,Memphis Grizzlies,106
Mon Nov 1 2021,Orlando Magic,115,Minnesota Timberwolves,97
Mon Nov 1 2021,Oklahoma City Thunder,94,Los Angeles Clippers,99
Tue Nov 2 2021,Milwaukee Bucks,117,Detroit Pistons,89
Tue Nov 2 2021,Miami Heat,125,Dallas Mavericks,110
Tue Nov 2 2021,Sacramento Kings,113,Utah Jazz,119
Tue Nov 2 2021,New Orleans Pelicans,100,Phoenix Suns,112
Tue Nov 2 2021,Houston Rockets,117,Los Angeles Lakers,119
Wed Nov 3 2021,Portland Trail Blazers,104,Cleveland Cavaliers,107
Wed Nov 3 2021,New York Knicks,98,Indiana Pacers,111
Wed Nov 3 2021,Boston Celtics,92,Orlando Magic,79
Wed Nov 3 2021,Chicago Bulls,98,Philadelphia 76ers,103
Wed Nov 3 2021,Toronto Raptors,109,Washington Wizards,100
Wed Nov 3 2021,Atlanta Hawks,108,Brooklyn Nets,117
Wed Nov 3 2021,Denver Nuggets,106,Memphis Grizzlies,108
Wed Nov 3 2021,Los Angeles Clippers,126,Minnesota Timberwolves,115
Wed Nov 3 2021,Dallas Mavericks,109,San Antonio Spurs,108
Wed Nov 3 2021,Charlotte Hornets,92,Golden State Warriors,114
Wed Nov 3 2021,New Orleans Pelicans,99,Sacramento Kings,112
Thu Nov 4 2021,Philadelphia 76ers,109,Detroit Pistons,98
Thu Nov 4 2021,Utah Jazz,116,Atlanta Hawks,98
Thu Nov 4 2021,Boston Celtics,95,Miami Heat,78
Thu Nov 4 2021,Houston Rockets,111,Phoenix Suns,123
Thu Nov 4 2021,Oklahoma City Thunder,107,Los Angeles Lakers,104
Fri Nov 5 2021,Brooklyn Nets,96,Detroit Pistons,90
Fri Nov 5 2021,San Antonio Spurs,102,Orlando Magic,89
Fri Nov 5 2021,Memphis Grizzlies,87,Washington Wizards,115
Fri Nov 5 2021,New York Knicks,113,Milwaukee Bucks,98
Fri Nov 5 2021,Cleveland Cavaliers,102,Toronto Raptors,101
Fri Nov 5 2021,Los Angeles Clippers,104,Minnesota Timberwolves,84
Fri Nov 5 2021,New Orleans Pelicans,85,Golden State Warriors,126
Fri Nov 5 2021,Indiana Pacers,106,Portland Trail Blazers,110
Fri Nov 5 2021,Charlotte Hornets,110,Sacramento Kings,140
Sat Nov 6 2021,Houston Rockets,94,Denver Nuggets,95
Sat Nov 6 2021,Utah Jazz,115,Miami Heat,118
Sat Nov 6 2021,Philadelphia 76ers,114,Chicago Bulls,105
Sat Nov 6 2021,Boston Celtics,104,Dallas Mavericks,107
Sat Nov 6 2021,Atlanta Hawks,117,Phoenix Suns,121
Sat Nov 6 2021,Los Angeles Lakers,90,Portland Trail Blazers,105
Sun Nov 7 2021,Brooklyn Nets,116,Toronto Raptors,103
Sun Nov 7 2021,Cleveland Cavaliers,126,New York Knicks,109
Sun Nov 7 2021,Utah Jazz,100,Orlando Magic,107
Sun Nov 7 2021,Indiana Pacers,94,Sacramento Kings,91
Sun Nov 7 2021,Milwaukee Bucks,94,Washington Wizards,101
Sun Nov 7 2021,San Antonio Spurs,94,Oklahoma City Thunder,99
Sun Nov 7 2021,Houston Rockets,107,Golden State Warriors,120
Sun Nov 7 2021,Charlotte Hornets,106,Los Angeles Clippers,120
Mon Nov 8 2021,New York Knicks,103,Philadelphia 76ers,96
Mon Nov 8 2021,Brooklyn Nets,95,Chicago Bulls,118
Mon Nov 8 2021,Minnesota Timberwolves,118,Memphis Grizzlies,125
Mon Nov 8 2021,New Orleans Pelicans,92,Dallas Mavericks,108
Mon Nov 8 2021,Miami Heat,96,Denver Nuggets,113
Mon Nov 8 2021,Atlanta Hawks,113,Golden State Warriors,127
Mon Nov 8 2021,Phoenix Suns,109,Sacramento Kings,104
Mon Nov 8 2021,Charlotte Hornets,123,Los Angeles Lakers,126
Tue Nov 9 2021,Milwaukee Bucks,118,Philadelphia 76ers,109
Tue Nov 9 2021,Atlanta Hawks,98,Utah Jazz,110
Tue Nov 9 2021,Portland Trail Blazers,109,Los Angeles Clippers,117
Wed Nov 10 2021,Washington Wizards,97,Cleveland Cavaliers,94
Wed Nov 10 2021,Brooklyn Nets,123,Orlando Magic,90
Wed Nov 10 2021,Toronto Raptors,88,Boston Celtics,104
Wed Nov 10 2021,Detroit Pistons,112,Houston Rockets,104
Wed Nov 10 2021,Milwaukee Bucks,112,New York Knicks,100
Wed Nov 10 2021,Dallas Mavericks,107,Chicago Bulls,117
Wed Nov 10 2021,Charlotte Hornets,118,Memphis Grizzlies,108
Wed Nov 10 2021,Oklahoma City Thunder,108,New Orleans Pelicans,100
Wed Nov 10 2021,Sacramento Kings,117,San Antonio Spurs,136
Wed Nov 10 2021,Indiana Pacers,98,Denver Nuggets,101
Wed Nov 10 2021,Portland Trail Blazers,109,Phoenix Suns,119
Wed Nov 10 2021,Minnesota Timberwolves,110,Golden State Warriors,123
Wed Nov 10 2021,Miami Heat,117,Los Angeles Lakers,120
Thu Nov 11 2021,Toronto Raptors,115,Philadelphia 76ers,109
Thu Nov 11 2021,Indiana Pacers,111,Utah Jazz,100
Thu Nov 11 2021,Miami Heat,109,Los Angeles Clippers,112
Fri Nov 12 2021,New York Knicks,96,Charlotte Hornets,104
Fri Nov 12 2021,Milwaukee Bucks,113,Boston Celtics,122
Fri Nov 12 2021,Detroit Pistons,78,Cleveland Cavaliers,98
Fri Nov 12 2021,Portland Trail Blazers,104,Houston Rockets,92
Fri Nov 12 2021,Phoenix Suns,119,Memphis Grizzlies,94
Fri Nov 12 2021,Brooklyn Nets,120,New Orleans Pelicans,112
Fri Nov 12 2021,Sacramento Kings,103,Oklahoma City Thunder,105
Fri Nov 12 2021,Dallas Mavericks,123,San Antonio Spurs,109
Fri Nov 12 2021,Atlanta Hawks,96,Denver Nuggets,105
Fri Nov 12 2021,Chicago Bulls,93,Golden State Warriors,119
Fri Nov 12 2021,Minnesota Timberwolves,107,Los Angeles Lakers,83
Sat Nov 13 2021,Miami Heat,111,Utah Jazz,105
Sat Nov 13 2021,Philadelphia 76ers,113,Indiana Pacers,118
Sat Nov 13 2021,Memphis Grizzlies,101,New Orleans Pelicans,112
Sat Nov 13 2021,Washington Wizards,104,Orlando Magic,92
Sat Nov 13 2021,Detroit Pistons,127,Toronto Raptors,121
Sat Nov 13 2021,Boston Celtics,89,Cleveland Cavaliers,91
Sat Nov 13 2021,Minnesota Timberwolves,102,Los Angeles Clippers,129
Sun Nov 14 2021,San Antonio Spurs,106,Los Angeles Lakers,114
Sun Nov 14 2021,Milwaukee Bucks,100,Atlanta Hawks,120
Sun Nov 14 2021,Golden State Warriors,102,Charlotte Hornets,106
Sun Nov 14 2021,Phoenix Suns,115,Houston Rockets,89
Sun Nov 14 2021,Brooklyn Nets,120,Oklahoma City Thunder,96
Sun Nov 14 2021,Portland Trail Blazers,95,Denver Nuggets,124
Sun Nov 14 2021,Chicago Bulls,100,Los Angeles Clippers,90
Mon Nov 15 2021,Boston Celtics,98,Cleveland Cavaliers,92
Mon Nov 15 2021,Sacramento Kings,129,Detroit Pistons,107
Mon Nov 15 2021,New Orleans Pelicans,100,Washington Wizards,105
Mon Nov 15 2021,Orlando Magic,111,Atlanta Hawks,129
Mon Nov 15 2021,Indiana Pacers,84,New York Knicks,92
Mon Nov 15 2021,Denver Nuggets,101,Dallas Mavericks,111
Mon Nov 15 2021,Houston Rockets,102,Memphis Grizzlies,136
Mon Nov 15 2021,Phoenix Suns,99,Minnesota Timberwolves,96
Mon Nov 15 2021,Miami Heat,103,Oklahoma City Thunder,90
Mon Nov 15 2021,Toronto Raptors,113,Portland Trail Blazers,118
Mon Nov 15 2021,Chicago Bulls,121,Los Angeles Lakers,103
Tue Nov 16 2021,Golden State Warriors,117,Brooklyn Nets,99
Tue Nov 16 2021,Philadelphia 76ers,85,Utah Jazz,120
Tue Nov 16 2021,San Antonio Spurs,92,Los Angeles Clippers,106
Wed Nov 17 2021,Washington Wizards,87,Charlotte Hornets,97
Wed Nov 17 2021,Indiana Pacers,89,Detroit Pistons,97
Wed Nov 17 2021,Boston Celtics,99,Atlanta Hawks,110
Wed Nov 17 2021,Cleveland Cavaliers,99,Brooklyn Nets,109
Wed Nov 17 2021,New Orleans Pelicans,98,Miami Heat,113
Wed Nov 17 2021,Los Angeles Lakers,102,Milwaukee Bucks,109
Wed Nov 17 2021,Orlando Magic,104,New York Knicks,98
Wed Nov 17 2021,Sacramento Kings,97,Minnesota Timberwolves,107
Wed Nov 17 2021,Houston Rockets,89,Oklahoma City Thunder,101
Wed Nov 17 2021,Dallas Mavericks,98,Phoenix Suns,105
Wed Nov 17 2021,Chicago Bulls,107,Portland Trail Blazers,112
Thu Nov 18 2021,Golden State Warriors,104,Cleveland Cavaliers,89
Thu Nov 18 2021,Washington Wizards,97,Miami Heat,112
Thu Nov 18 2021,Los Angeles Clippers,108,Memphis Grizzlies,120
Thu Nov 18 2021,San Antonio Spurs,90,Minnesota Timberwolves,115
Thu Nov 18 2021,Philadelphia 76ers,103,Denver Nuggets,89
Thu Nov 18 2021,Toronto Raptors,103,Utah Jazz,119
Fri Nov 19 2021,Indiana Pacers,118,Charlotte Hornets,121
Fri Nov 19 2021,Golden State Warriors,105,Detroit Pistons,102
Fri Nov 19 2021,Los Angeles Lakers,108,Boston Celtics,130
Fri Nov 19 2021,Orlando Magic,113,Brooklyn Nets,115
Fri Nov 19 2021,Oklahoma City Thunder,89,Milwaukee Bucks,96
Fri Nov 19 2021,Los Angeles Clippers,81,New Orleans Pelicans,94
Fri Nov 19 2021,Chicago Bulls,114,Denver Nuggets,108
Fri Nov 19 2021,Dallas Mavericks,104,Phoenix Suns,112
Fri Nov 19 2021,Toronto Raptors,108,Sacramento Kings,89
Sat Nov 20 2021,Houston Rockets,99,New York Knicks,106
Sat Nov 20 2021,New Orleans Pelicans,94,Indiana Pacers,111
Sat Nov 20 2021,Miami Heat,100,Washington Wizards,103
Sat Nov 20 2021,Charlotte Hornets,105,Atlanta Hawks,115
Sat Nov 20 2021,Oklahoma City Thunder,105,Boston Celtics,111
Sat Nov 20 2021,Orlando Magic,108,Milwaukee Bucks,117
Sat Nov 20 2021,Memphis Grizzlies,95,Minnesota Timberwolves,138
Sat Nov 20 2021,Philadelphia 76ers,111,Portland Trail Blazers,118
Sat Nov 20 2021,Utah Jazz,123,Sacramento Kings,105
Sun Nov 21 2021,Dallas Mavericks,91,Los Angeles Clippers,97
Sun Nov 21 2021,Los Angeles Lakers,121,Detroit Pistons,116
Sun Nov 21 2021,New York Knicks,103,Chicago Bulls,109
Sun Nov 21 2021,Denver Nuggets,97,Phoenix Suns,126
Sun Nov 21 2021,Toronto Raptors,104,Golden State Warriors,119
Mon Nov 22 2021,Brooklyn Nets,117,Cleveland Cavaliers,112
Mon Nov 22 2021,Charlotte Hornets,109,Washington Wizards,103
Mon Nov 22 2021,Oklahoma City Thunder,101,Atlanta Hawks,113
Mon Nov 22 2021,Houston Rockets,90,Boston Celtics,108
Mon Nov 22 2021,Indiana Pacers,109,Chicago Bulls,77
Mon Nov 22 2021,Orlando Magic,92,Milwaukee Bucks,123
Mon Nov 22 2021,Minnesota Timberwolves,110,New Orleans Pelicans,96
Mon Nov 22 2021,Phoenix Suns,115,San Antonio Spurs,111
Mon Nov 22 2021,Memphis Grizzlies,119,Utah Jazz,118
Mon Nov 22 2021,Philadelphia 76ers,102,Sacramento Kings,94
Tue Nov 23 2021,Miami Heat,100,Detroit Pistons,92
Tue Nov 23 2021,Los Angeles Lakers,100,New York Knicks,106
Tue Nov 23 2021,Denver Nuggets,100,Portland Trail Blazers,119
Tue Nov 23 2021,Dallas Mavericks,112,Los Angeles Clippers,104
Wed Nov 24 2021,Phoenix Suns,120,Cleveland Cavaliers,115
Wed Nov 24 2021,Los Angeles Lakers,124,Indiana Pacers,116
Wed Nov 24 2021,Charlotte Hornets,106,Orlando Magic,99
Wed Nov 24 2021,Brooklyn Nets,123,Boston Celtics,104
Wed Nov 24 2021,Chicago Bulls,113,Houston Rockets,118
Wed Nov 24 2021,Toronto Raptors,126,Memphis Grizzlies,113
Wed Nov 24 2021,Detroit Pistons,93,Milwaukee Bucks,114
Wed Nov 24 2021,Miami Heat,101,Minnesota Timberwolves,113
Wed Nov 24 2021,Washington Wizards,102,New Orleans Pelicans,127
Wed Nov 24 2021,Utah Jazz,110,Oklahoma City Thunder,104
Wed Nov 24 2021,Atlanta Hawks,124,San Antonio Spurs,106
Wed Nov 24 2021,Philadelphia 76ers,96,Golden State Warriors,116
Wed Nov 24 2021,Portland Trail Blazers,121,Sacramento Kings,125
Fri Nov 26 2021,Detroit Pistons,96,Los Angeles Clippers,107
Fri Nov 26 2021,Minnesota Timberwolves,115,Charlotte Hornets,133
Fri Nov 26 2021,Phoenix Suns,118,New York Knicks,97
Fri Nov 26 2021,Chicago Bulls,123,Orlando Magic,88
Fri Nov 26 2021,Toronto Raptors,97,Indiana Pacers,114
Fri Nov 26 2021,Atlanta Hawks,132,Memphis Grizzlies,100
Fri Nov 26 2021,Washington Wizards,101,Oklahoma City Thunder,99
Fri Nov 26 2021,Boston Celtics,88,San Antonio Spurs,96
Fri Nov 26 2021,Milwaukee Bucks,120,Denver Nuggets,109
Fri Nov 26 2021,New Orleans Pelicans,98,Utah Jazz,97
Fri Nov 26 2021,Portland Trail Blazers,103,Golden State Warriors,118
Fri Nov 26 2021,Sacramento Kings,141,Los Angeles Lakers,137
Sat Nov 27 2021,Minnesota Timberwolves,121,Philadelphia 76ers,120
Sat Nov 27 2021,New York Knicks,99,Atlanta Hawks,90
Sat Nov 27 2021,Phoenix Suns,113,Brooklyn Nets,107
Sat Nov 27 2021,Miami Heat,107,Chicago Bulls,104
Sat Nov 27 2021,Orlando Magic,92,Cleveland Cavaliers,105
Sat Nov 27 2021,Charlotte Hornets,143,Houston Rockets,146
Sat Nov 27 2021,Washington Wizards,120,Dallas Mavericks,114
Sat Nov 27 2021,New Orleans Pelicans,105,Utah Jazz,127
Sun Nov 28 2021,Golden State Warriors,105,Los Angeles Clippers,90
Sun Nov 28 2021,Milwaukee Bucks,118,Indiana Pacers,100
Sun Nov 28 2021,Sacramento Kings,101,Memphis Grizzlies,128
Sun Nov 28 2021,Boston Celtics,109,Toronto Raptors,97
Sun Nov 28 2021,Detroit Pistons,106,Los Angeles Lakers,110
Mon Nov 29 2021,Orlando Magic,96,Philadelphia 76ers,101
Mon Nov 29 2021,Denver Nuggets,120,Miami Heat,111
Mon Nov 29 2021,Charlotte Hornets,119,Chicago Bulls,133
Mon Nov 29 2021,Oklahoma City Thunder,89,Houston Rockets,102
Mon Nov 29 2021,Indiana Pacers,98,Minnesota Timberwolves,100
Mon Nov 29 2021,Cleveland Cavaliers,114,Dallas Mavericks,96
Mon Nov 29 2021,Washington Wizards,99,San Antonio Spurs,116
Mon Nov 29 2021,Portland Trail Blazers,107,Utah Jazz,129
Mon Nov 29 2021,New Orleans Pelicans,123,Los Angeles Clippers,104
Tue Nov 30 2021,New York Knicks,110,Brooklyn Nets,112
Tue Nov 30 2021,Memphis Grizzlies,98,Toronto Raptors,91
Tue Nov 30 2021,Golden State Warriors,96,Phoenix Suns,104
Tue Nov 30 2021,Detroit Pistons,92,Portland Trail Blazers,110
Tue Nov 30 2021,Los Angeles Lakers,117,Sacramento Kings,92
Wed Dec 1 2021,Atlanta Hawks,114,Indiana Pacers,111
Wed Dec 1 2021,Denver Nuggets,103,Orlando Magic,108
Wed Dec 1 2021,Minnesota Timberwolves,107,Washington Wizards,115
Wed Dec 1 2021,Philadelphia 76ers,87,Boston Celtics,88
Wed Dec 1 2021,Cleveland Cavaliers,111,Miami Heat,85
Wed Dec 1 2021,Charlotte Hornets,125,Milwaukee Bucks,127
Wed Dec 1 2021,Dallas Mavericks,139,New Orleans Pelicans,107
Wed Dec 1 2021,Houston Rockets,114,Oklahoma City Thunder,110
Wed Dec 1 2021,Sacramento Kings,124,Los Angeles Clippers,115
Thu Dec 2 2021,Chicago Bulls,119,New York Knicks,115
Thu Dec 2 2021,Milwaukee Bucks,93,Toronto Raptors,97
Thu Dec 2 2021,Oklahoma City Thunder,79,Memphis Grizzlies,152
Thu Dec 2 2021,Detroit Pistons,103,Phoenix Suns,114
Thu Dec 2 2021,San Antonio Spurs,114,Portland Trail Blazers,83
Fri Dec 3 2021,Miami Heat,113,Indiana Pacers,104
Fri Dec 3 2021,Cleveland Cavaliers,116,Washington Wizards,101
Fri Dec 3 2021,Philadelphia 76ers,98,Atlanta Hawks,96
Fri Dec 3 2021,Minnesota Timberwolves,105,Brooklyn Nets,110
Fri Dec 3 2021,Orlando Magic,116,Houston Rockets,118
Fri Dec 3 2021,New Orleans Pelicans,107,Dallas Mavericks,91
Fri Dec 3 2021,Boston Celtics,130,Utah Jazz,137
Fri Dec 3 2021,Phoenix Suns,96,Golden State Warriors,118
Fri Dec 3 2021,Los Angeles Clippers,119,Los Angeles Lakers,115
Sat Dec 4 2021,Denver Nuggets,113,New York Knicks,99
Sat Dec 4 2021,Chicago Bulls,111,Brooklyn Nets,107
Sat Dec 4 2021,Miami Heat,102,Milwaukee Bucks,124
Sat Dec 4 2021,Memphis Grizzlies,97,Dallas Mavericks,90
Sat Dec 4 2021,San Antonio Spurs,112,Golden State Warriors,107
Sat Dec 4 2021,Boston Celtics,145,Portland Trail Blazers,117
Sat Dec 4 2021,Los Angeles Clippers,99,Sacramento Kings,104
Sun Dec 5 2021,Utah Jazz,109,Cleveland Cavaliers,108
Sun Dec 5 2021,Charlotte Hornets,130,Atlanta Hawks,127
Sun Dec 5 2021,Washington Wizards,90,Toronto Raptors,102
Sun Dec 5 2021,New Orleans Pelicans,108,Houston Rockets,118
Mon Dec 6 2021,Philadelphia 76ers,127,Charlotte Hornets,124
Mon Dec 6 2021,Oklahoma City Thunder,114,Detroit Pistons,103
Mon Dec 6 2021,Washington Wizards,110,Indiana Pacers,116
Mon Dec 6 2021,Memphis Grizzlies,105,Miami Heat,90
Mon Dec 6 2021,Denver Nuggets,97,Chicago Bulls,109
Mon Dec 6 2021,Cleveland Cavaliers,104,Milwaukee Bucks,112
Mon Dec 6 2021,Atlanta Hawks,121,Minnesota Timberwolves,110
Mon Dec 6 2021,San Antonio Spurs,104,Phoenix Suns,108
Mon Dec 6 2021,Orlando Magic,95,Golden State Warriors,126
Mon Dec 6 2021,Los Angeles Clippers,102,Portland Trail Blazers,90
Tue Dec 7 2021,Brooklyn Nets,102,Dallas Mavericks,99
Tue Dec 7 2021,New York Knicks,121,San Antonio Spurs,109
Tue Dec 7 2021,Boston Celtics,102,Los Angeles Lakers,117
Wed Dec 8 2021,Philadelphia 76ers,110,Charlotte Hornets,106
Wed Dec 8 2021,Chicago Bulls,92,Cleveland Cavaliers,115
Wed Dec 8 2021,Washington Wizards,119,Detroit Pistons,116
Wed Dec 8 2021,New York Knicks,102,Indiana Pacers,122
Wed Dec 8 2021,Milwaukee Bucks,104,Miami Heat,113
Wed Dec 8 2021,Oklahoma City Thunder,110,Toronto Raptors,109
Wed Dec 8 2021,Brooklyn Nets,104,Houston Rockets,114
Wed Dec 8 2021,Dallas Mavericks,104,Memphis Grizzlies,96
Wed Dec 8 2021,Utah Jazz,136,Minnesota Timberwolves,104
Wed Dec 8 2021,Denver Nuggets,120,New Orleans Pelicans,114
Wed Dec 8 2021,Portland Trail Blazers,94,Golden State Warriors,104
Wed Dec 8 2021,Orlando Magic,130,Sacramento Kings,142
Wed Dec 8 2021,Boston Celtics,111,Los Angeles Clippers,114
Thu Dec 9 2021,Utah Jazz,118,Philadelphia 76ers,96
Thu Dec 9 2021,Los Angeles Lakers,95,Memphis Grizzlies,108
Thu Dec 9 2021,Denver Nuggets,111,San Antonio Spurs,123
Fri Dec 10 2021,Sacramento Kings,123,Charlotte Hornets,124
Fri Dec 10 2021,Dallas Mavericks,93,Indiana Pacers,106
Fri Dec 10 2021,Brooklyn Nets,113,Atlanta Hawks,105
Fri Dec 10 2021,New York Knicks,87,Toronto Raptors,90
Fri Dec 10 2021,Milwaukee Bucks,123,Houston Rockets,114
Fri Dec 10 2021,Cleveland Cavaliers,123,Minnesota Timberwolves,106
Fri Dec 10 2021,Detroit Pistons,93,New Orleans Pelicans,109
Fri Dec 10 2021,Los Angeles Lakers,116,Oklahoma City Thunder,95
Fri Dec 10 2021,Boston Celtics,90,Phoenix Suns,111
Sat Dec 11 2021,Orlando Magic,104,Los Angeles Clippers,106
Sat Dec 11 2021,Utah Jazz,123,Washington Wizards,98
Sat Dec 11 2021,Sacramento Kings,103,Cleveland Cavaliers,117
Sat Dec 11 2021,Houston Rockets,106,Memphis Grizzlies,113
Sat Dec 11 2021,Chicago Bulls,92,Miami Heat,118
Sat Dec 11 2021,Golden State Warriors,93,Philadelphia 76ers,102
Sat Dec 11 2021,Denver Nuggets,127,San Antonio Spurs,112
Sun Dec 12 2021,Milwaukee Bucks,112,New York Knicks,97
Sun Dec 12 2021,Brooklyn Nets,116,Detroit Pistons,104
Sun Dec 12 2021,Dallas Mavericks,103,Oklahoma City Thunder,84
Sun Dec 12 2021,New Orleans Pelicans,97,San Antonio Spurs,112
Sun Dec 12 2021,Minnesota Timberwolves,116,Portland Trail Blazers,111
Sun Dec 12 2021,Orlando Magic,94,Los Angeles Lakers,106
Mon Dec 13 2021,Miami Heat,94,Cleveland Cavaliers,105
Mon Dec 13 2021,Golden State Warriors,102,Indiana Pacers,100
Mon Dec 13 2021,Sacramento Kings,101,Toronto Raptors,124
Mon Dec 13 2021,Houston Rockets,132,Atlanta Hawks,126
Mon Dec 13 2021,Milwaukee Bucks,103,Boston Celtics,117
Mon Dec 13 2021,Philadelphia 76ers,91,Memphis Grizzlies,126
Mon Dec 13 2021,Charlotte Hornets,96,Dallas Mavericks,120
Mon Dec 13 2021,Washington Wizards,107,Denver Nuggets,113
Mon Dec 13 2021,Phoenix Suns,95,Los Angeles Clippers,111
Tue Dec 14 2021,Toronto Raptors,129,Brooklyn Nets,131
Tue Dec 14 2021,Golden State Warriors,105,New York Knicks,96
Tue Dec 14 2021,Phoenix Suns,111,Portland Trail Blazers,107
Wed Dec 15 2021,Houston Rockets,89,Cleveland Cavaliers,124
Wed Dec 15 2021,Atlanta Hawks,111,Orlando Magic,99
Wed Dec 15 2021,Miami Heat,101,Philadelphia 76ers,96
Wed Dec 15 2021,Los Angeles Lakers,107,Dallas Mavericks,104
Wed Dec 15 2021,Indiana Pacers,99,Milwaukee Bucks,114
Wed Dec 15 2021,New Orleans Pelicans,113,Oklahoma City Thunder,110
Wed Dec 15 2021,Charlotte Hornets,131,San Antonio Spurs,115
Wed Dec 15 2021,Minnesota Timberwolves,124,Denver Nuggets,107
Wed Dec 15 2021,Memphis Grizzlies,113,Portland Trail Blazers,103
Wed Dec 15 2021,Washington Wizards,105,Sacramento Kings,119
Wed Dec 15 2021,Los Angeles Clippers,103,Utah Jazz,124
Thu Dec 16 2021,Detroit Pistons,113,Indiana Pacers,122
Thu Dec 16 2021,Philadelphia 76ers,105,Brooklyn Nets,114
Thu Dec 16 2021,New York Knicks,116,Houston Rockets,103
Thu Dec 16 2021,Washington Wizards,98,Phoenix Suns,118
Fri Dec 17 2021,Miami Heat,115,Orlando Magic,105
Fri Dec 17 2021,Denver Nuggets,133,Atlanta Hawks,115
Fri Dec 17 2021,Golden State Warriors,111,Boston Celtics,107
Fri Dec 17 2021,Milwaukee Bucks,112,New Orleans Pelicans,116
Fri Dec 17 2021,San Antonio Spurs,128,Utah Jazz,126
Fri Dec 17 2021,Los Angeles Lakers,92,Minnesota Timberwolves,110
Fri Dec 17 2021,Charlotte Hornets,116,Portland Trail Blazers,125
Fri Dec 17 2021,Memphis Grizzlies,124,Sacramento Kings,105
Sat Dec 18 2021,Houston Rockets,116,Detroit Pistons,107
Sat Dec 18 2021,New York Knicks,107,Boston Celtics,114
Sat Dec 18 2021,Orlando Magic,100,Brooklyn Nets,93
Sat Dec 18 2021,Golden State Warriors,100,Toronto Raptors,119
Sat Dec 18 2021,Los Angeles Clippers,103,Oklahoma City Thunder,104
Sat Dec 18 2021,Cleveland Cavaliers,119,Milwaukee Bucks,90
Sat Dec 18 2021,Washington Wizards,109,Utah Jazz,103
Sun Dec 19 2021,Miami Heat,90,Detroit Pistons,100
Sun Dec 19 2021,Portland Trail Blazers,105,Memphis Grizzlies,100
Sun Dec 19 2021,San Antonio Spurs,114,Sacramento Kings,121
Sun Dec 19 2021,Los Angeles Lakers,110,Chicago Bulls,115
Sun Dec 19 2021,Dallas Mavericks,105,Minnesota Timberwolves,111
Sun Dec 19 2021,Charlotte Hornets,106,Phoenix Suns,137
Mon Dec 20 2021,Philadelphia 76ers,108,Boston Celtics,103
Mon Dec 20 2021,Houston Rockets,118,Chicago Bulls,133
Mon Dec 20 2021,Oklahoma City Thunder,102,Memphis Grizzlies,99
Mon Dec 20 2021,Charlotte Hornets,102,Utah Jazz,112
Mon Dec 20 2021,Sacramento Kings,98,Golden State Warriors,113
Mon Dec 20 2021,San Antonio Spurs,116,Los Angeles Clippers,92
Tue Dec 21 2021,Indiana Pacers,96,Miami Heat,125
Tue Dec 21 2021,Detroit Pistons,91,New York Knicks,105
Tue Dec 21 2021,Portland Trail Blazers,97,New Orleans Pelicans,111
Tue Dec 21 2021,Minnesota Timberwolves,102,Dallas Mavericks,114
Tue Dec 21 2021,Phoenix Suns,108,Los Angeles Lakers,90
Wed Dec 22 2021,Orlando Magic,104,Atlanta Hawks,98
Wed Dec 22 2021,Cleveland Cavaliers,101,Boston Celtics,111
Wed Dec 22 2021,Houston Rockets,106,Milwaukee Bucks,126
Wed Dec 22 2021,Denver Nuggets,94,Oklahoma City Thunder,108
Wed Dec 22 2021,Los Angeles Clippers,105,Sacramento Kings,89
Thu Dec 23 2021,Houston Rockets,106,Indiana Pacers,118
Thu Dec 23 2021,New Orleans Pelicans,110,Orlando Magic,104
Thu Dec 23 2021,Atlanta Hawks,98,Philadelphia 76ers,96
Thu Dec 23 2021,Detroit Pistons,112,Miami Heat,115
Thu Dec 23 2021,Washington Wizards,124,New York Knicks,117
Thu Dec 23 2021,Milwaukee Bucks,102,Dallas Mavericks,95
Thu Dec 23 2021,Charlotte Hornets,115,Denver Nuggets,107
Thu Dec 23 2021,Oklahoma City Thunder,101,Phoenix Suns,113
Thu Dec 23 2021,Minnesota Timberwolves,116,Utah Jazz,128
Thu Dec 23 2021,Memphis Grizzlies,104,Golden State Warriors,113
Thu Dec 23 2021,San Antonio Spurs,138,Los Angeles Lakers,110
Sat Dec 25 2021,Atlanta Hawks,87,New York Knicks,101
Sat Dec 25 2021,Boston Celtics,113,Milwaukee Bucks,117
Sat Dec 25 2021,Golden State Warriors,116,Phoenix Suns,107
Sat Dec 25 2021,Brooklyn Nets,122,Los Angeles Lakers,115
Sat Dec 25 2021,Dallas Mavericks,116,Utah Jazz,120
Sun Dec 26 2021,Orlando Magic,83,Miami Heat,93
Sun Dec 26 2021,Toronto Raptors,99,Cleveland Cavaliers,144
Sun Dec 26 2021,Memphis Grizzlies,127,Sacramento Kings,102
Sun Dec 26 2021,Philadelphia 76ers,117,Washington Wizards,96
Sun Dec 26 2021,New Orleans Pelicans,112,Oklahoma City Thunder,117
Sun Dec 26 2021,Detroit Pistons,109,San Antonio Spurs,144
Sun Dec 26 2021,Indiana Pacers,105,Chicago Bulls,113
Sun Dec 26 2021,Denver Nuggets,103,Los Angeles Clippers,100
Mon Dec 27 2021,Houston Rockets,99,Charlotte Hornets,123
Mon Dec 27 2021,Chicago Bulls,130,Atlanta Hawks,118
Mon Dec 27 2021,Boston Celtics,103,Minnesota Timberwolves,108
Mon Dec 27 2021,Utah Jazz,110,San Antonio Spurs,104
Mon Dec 27 2021,Memphis Grizzlies,114,Phoenix Suns,113
Mon Dec 27 2021,Dallas Mavericks,132,Portland Trail Blazers,117
Mon Dec 27 2021,Brooklyn Nets,124,Los Angeles Clippers,108
Tue Dec 28 2021,Milwaukee Bucks,127,Orlando Magic,110
Tue Dec 28 2021,Washington Wizards,112,Miami Heat,119
Tue Dec 28 2021,Philadelphia 76ers,114,Toronto Raptors,109
Tue Dec 28 2021,Los Angeles Lakers,132,Houston Rockets,123
Tue Dec 28 2021,New York Knicks,96,Minnesota Timberwolves,88
Tue Dec 28 2021,Cleveland Cavaliers,104,New Orleans Pelicans,108
Tue Dec 28 2021,Denver Nuggets,89,Golden State Warriors,86
Tue Dec 28 2021,Oklahoma City Thunder,111,Sacramento Kings,117
Wed Dec 29 2021,New York Knicks,94,Detroit Pistons,85
Wed Dec 29 2021,Charlotte Hornets,116,Indiana Pacers,108
Wed Dec 29 2021,Los Angeles Clippers,91,Boston Celtics,82
Wed Dec 29 2021,Atlanta Hawks,117,Chicago Bulls,131
Wed Dec 29 2021,Los Angeles Lakers,99,Memphis Grizzlies,104
Wed Dec 29 2021,Oklahoma City Thunder,97,Phoenix Suns,115
Wed Dec 29 2021,Utah Jazz,120,Portland Trail Blazers,105
Wed Dec 29 2021,Dallas Mavericks,94,Sacramento Kings,95
Thu Dec 30 2021,Philadelphia 76ers,110,Brooklyn Nets,102
Thu Dec 30 2021,Milwaukee Bucks,136,Orlando Magic,118
Thu Dec 30 2021,Cleveland Cavaliers,93,Washington Wizards,110
Fri Dec 31 2021,Phoenix Suns,108,Boston Celtics,123
Fri Dec 31 2021,Chicago Bulls,108,Indiana Pacers,106
Fri Dec 31 2021,Dallas Mavericks,112,Sacramento Kings,96
Fri Dec 31 2021,Miami Heat,120,Houston Rockets,110
Fri Dec 31 2021,Atlanta Hawks,121,Cleveland Cavaliers,118
Fri Dec 31 2021,Los Angeles Clippers,108,Toronto Raptors,116
Fri Dec 31 2021,San Antonio Spurs,105,Memphis Grizzlies,118
Fri Dec 31 2021,New York Knicks,80,Oklahoma City Thunder,95
Fri Dec 31 2021,Minnesota Timberwolves,108,Utah Jazz,120
Fri Dec 31 2021,Portland Trail Blazers,106,Los Angeles Lakers,139
Sat Jan 1 2022,New Orleans Pelicans,113,Milwaukee Bucks,136
Sat Jan 1 2022,San Antonio Spurs,116,Detroit Pistons,117
Sat Jan 1 2022,Chicago Bulls,120,Washington Wizards,119
Sat Jan 1 2022,Los Angeles Clippers,120,Brooklyn Nets,116
Sat Jan 1 2022,Denver Nuggets,124,Houston Rockets,111
Sat Jan 1 2022,Golden State Warriors,123,Utah Jazz,116
Sun Jan 2 2022,New York Knicks,105,Toronto Raptors,120
Sun Jan 2 2022,Orlando Magic,111,Boston Celtics,116
Sun Jan 2 2022,Indiana Pacers,104,Cleveland Cavaliers,108
Sun Jan 2 2022,Miami Heat,113,Sacramento Kings,115
Sun Jan 2 2022,Phoenix Suns,133,Charlotte Hornets,99
Sun Jan 2 2022,Dallas Mavericks,95,Oklahoma City Thunder,86
Sun Jan 2 2022,Minnesota Timberwolves,103,Los Angeles Lakers,108
Mon Jan 3 2022,Houston Rockets,113,Philadelphia 76ers,133
Mon Jan 3 2022,Charlotte Hornets,121,Washington Wizards,124
Mon Jan 3 2022,Memphis Grizzlies,118,Brooklyn Nets,104
Mon Jan 3 2022,Orlando Magic,98,Chicago Bulls,102
Mon Jan 3 2022,Detroit Pistons,115,Milwaukee Bucks,106
Mon Jan 3 2022,Utah Jazz,115,New Orleans Pelicans,104
Mon Jan 3 2022,Denver Nuggets,89,Dallas Mavericks,103
Mon Jan 3 2022,Miami Heat,108,Golden State Warriors,115
Mon Jan 3 2022,Atlanta Hawks,131,Portland Trail Blazers,136
Mon Jan 3 2022,Minnesota Timberwolves,122,Los Angeles Clippers,104
Tue Jan 4 2022,Memphis Grizzlies,110,Cleveland Cavaliers,106
Tue Jan 4 2022,San Antonio Spurs,104,Toronto Raptors,129
Tue Jan 4 2022,Indiana Pacers,94,New York Knicks,104
Tue Jan 4 2022,Phoenix Suns,123,New Orleans Pelicans,110
Tue Jan 4 2022,Sacramento Kings,114,Los Angeles Lakers,122
Wed Jan 5 2022,Detroit Pistons,111,Charlotte Hornets,140
Wed Jan 5 2022,Philadelphia 76ers,116,Orlando Magic,106
Wed Jan 5 2022,Houston Rockets,114,Washington Wizards,111
Wed Jan 5 2022,San Antonio Spurs,99,Boston Celtics,97
Wed Jan 5 2022,Golden State Warriors,82,Dallas Mavericks,99
Wed Jan 5 2022,Brooklyn Nets,129,Indiana Pacers,121
Wed Jan 5 2022,Toronto Raptors,117,Milwaukee Bucks,111
Wed Jan 5 2022,Oklahoma City Thunder,90,Minnesota Timberwolves,98
Wed Jan 5 2022,Utah Jazz,115,Denver Nuggets,109
Wed Jan 5 2022,Miami Heat,115,Portland Trail Blazers,109
Wed Jan 5 2022,Atlanta Hawks,108,Sacramento Kings,102
Thu Jan 6 2022,Boston Celtics,105,New York Knicks,108
Thu Jan 6 2022,Detroit Pistons,88,Memphis Grizzlies,118
Thu Jan 6 2022,Golden State Warriors,96,New Orleans Pelicans,101
Thu Jan 6 2022,Los Angeles Clippers,89,Phoenix Suns,106
Fri Jan 7 2022,San Antonio Spurs,100,Philadelphia 76ers,119
Fri Jan 7 2022,Milwaukee Bucks,121,Brooklyn Nets,109
Fri Jan 7 2022,Utah Jazz,108,Toronto Raptors,122
Fri Jan 7 2022,Washington Wizards,122,Chicago Bulls,130
Fri Jan 7 2022,Dallas Mavericks,130,Houston Rockets,106
Fri Jan 7 2022,Minnesota Timberwolves,135,Oklahoma City Thunder,105
Fri Jan 7 2022,Sacramento Kings,111,Denver Nuggets,121
Fri Jan 7 2022,Atlanta Hawks,118,Los Angeles Lakers,134
Fri Jan 7 2022,Cleveland Cavaliers,114,Portland Trail Blazers,101
Sat Jan 8 2022,Memphis Grizzlies,123,Los Angeles Clippers,108
Sat Jan 8 2022,Milwaukee Bucks,106,Charlotte Hornets,114
Sat Jan 8 2022,Orlando Magic,92,Detroit Pistons,97
Sat Jan 8 2022,Utah Jazz,113,Indiana Pacers,125
Sat Jan 8 2022,New York Knicks,75,Boston Celtics,99
Sat Jan 8 2022,Miami Heat,123,Phoenix Suns,100
Sun Jan 9 2022,San Antonio Spurs,119,Brooklyn Nets,121
Sun Jan 9 2022,Atlanta Hawks,93,Los Angeles Clippers,106
Sun Jan 9 2022,Washington Wizards,102,Orlando Magic,100
Sun Jan 9 2022,New Orleans Pelicans,101,Toronto Raptors,105
Sun Jan 9 2022,Minnesota Timberwolves,141,Houston Rockets,123
Sun Jan 9 2022,Denver Nuggets,99,Oklahoma City Thunder,95
Sun Jan 9 2022,Chicago Bulls,99,Dallas Mavericks,113
Sun Jan 9 2022,Cleveland Cavaliers,82,Golden State Warriors,96
Sun Jan 9 2022,Sacramento Kings,88,Portland Trail Blazers,103
Sun Jan 9 2022,Memphis Grizzlies,127,Los Angeles Lakers,119
Mon Jan 10 2022,Milwaukee Bucks,99,Charlotte Hornets,103
Mon Jan 10 2022,Utah Jazz,116,Detroit Pistons,126
Mon Jan 10 2022,Indiana Pacers,98,Boston Celtics,101
Mon Jan 10 2022,San Antonio Spurs,96,New York Knicks,111
Mon Jan 10 2022,Philadelphia 76ers,111,Houston Rockets,91
Mon Jan 10 2022,Brooklyn Nets,108,Portland Trail Blazers,114
Mon Jan 10 2022,Cleveland Cavaliers,109,Sacramento Kings,108
Tue Jan 11 2022,Oklahoma City Thunder,118,Washington Wizards,122
Tue Jan 11 2022,Phoenix Suns,99,Toronto Raptors,95
Tue Jan 11 2022,Detroit Pistons,87,Chicago Bulls,133
Tue Jan 11 2022,Golden State Warriors,108,Memphis Grizzlies,116
Tue Jan 11 2022,Minnesota Timberwolves,125,New Orleans Pelicans,128
Tue Jan 11 2022,Denver Nuggets,85,Los Angeles Clippers,87
Wed Jan 12 2022,Boston Celtics,119,Indiana Pacers,100
Wed Jan 12 2022,Charlotte Hornets,109,Philadelphia 76ers,98
Wed Jan 12 2022,Orlando Magic,106,Washington Wizards,112
Wed Jan 12 2022,Miami Heat,115,Atlanta Hawks,91
Wed Jan 12 2022,Dallas Mavericks,85,New York Knicks,108
Wed Jan 12 2022,Houston Rockets,128,San Antonio Spurs,124
Wed Jan 12 2022,Cleveland Cavaliers,111,Utah Jazz,91
Wed Jan 12 2022,Brooklyn Nets,138,Chicago Bulls,112
Wed Jan 12 2022,Los Angeles Lakers,116,Sacramento Kings,125
Thu Jan 13 2022,Golden State Warriors,99,Milwaukee Bucks,118
Thu Jan 13 2022,Minnesota Timberwolves,108,Memphis Grizzlies,116
Thu Jan 13 2022,Los Angeles Clippers,89,New Orleans Pelicans,113
Thu Jan 13 2022,Oklahoma City Thunder,130,Brooklyn Nets,109
Thu Jan 13 2022,Portland Trail Blazers,108,Denver Nuggets,140
Fri Jan 14 2022,Orlando Magic,116,Charlotte Hornets,109
Fri Jan 14 2022,Toronto Raptors,87,Detroit Pistons,103
Fri Jan 14 2022,Phoenix Suns,112,Indiana Pacers,94
Fri Jan 14 2022,Boston Celtics,99,Philadelphia 76ers,111
Fri Jan 14 2022,Golden State Warriors,138,Chicago Bulls,96
Fri Jan 14 2022,Atlanta Hawks,118,Miami Heat,124
Fri Jan 14 2022,Cleveland Cavaliers,114,San Antonio Spurs,109
Fri Jan 14 2022,Dallas Mavericks,112,Memphis Grizzlies,85
Fri Jan 14 2022,Houston Rockets,114,Sacramento Kings,126
Sat Jan 15 2022,Toronto Raptors,103,Milwaukee Bucks,96
Sat Jan 15 2022,Portland Trail Blazers,115,Washington Wizards,110
Sat Jan 15 2022,New York Knicks,117,Atlanta Hawks,108
Sat Jan 15 2022,New Orleans Pelicans,105,Brooklyn Nets,120
Sat Jan 15 2022,Philadelphia 76ers,109,Miami Heat,98
Sat Jan 15 2022,Cleveland Cavaliers,107,Oklahoma City Thunder,102
Sat Jan 15 2022,Chicago Bulls,112,Boston Celtics,114
Sat Jan 15 2022,Los Angeles Clippers,94,San Antonio Spurs,101
Sat Jan 15 2022,Los Angeles Lakers,96,Denver Nuggets,133
Sat Jan 15 2022,Orlando Magic,92,Dallas Mavericks,108
Sun Jan 16 2022,Phoenix Suns,135,Detroit Pistons,108
Sun Jan 16 2022,Houston Rockets,118,Sacramento Kings,112
Sun Jan 16 2022,Utah Jazz,125,Denver Nuggets,102
Sun Jan 16 2022,Golden State Warriors,99,Minnesota Timberwolves,119
Mon Jan 17 2022,New Orleans Pelicans,92,Boston Celtics,104
Mon Jan 17 2022,Charlotte Hornets,97,New York Knicks,87
Mon Jan 17 2022,Philadelphia 76ers,98,Washington Wizards,117
Mon Jan 17 2022,Brooklyn Nets,107,Cleveland Cavaliers,114
Mon Jan 17 2022,Indiana Pacers,133,Los Angeles Clippers,139
Mon Jan 17 2022,Chicago Bulls,106,Memphis Grizzlies,119
Mon Jan 17 2022,Milwaukee Bucks,114,Atlanta Hawks,121
Mon Jan 17 2022,Portland Trail Blazers,98,Orlando Magic,88
Mon Jan 17 2022,Toronto Raptors,99,Miami Heat,104
Mon Jan 17 2022,Oklahoma City Thunder,102,Dallas Mavericks,104
Mon Jan 17 2022,Phoenix Suns,121,San Antonio Spurs,107
Mon Jan 17 2022,Utah Jazz,95,Los Angeles Lakers,101
Tue Jan 18 2022,Minnesota Timberwolves,112,New York Knicks,110
Tue Jan 18 2022,Detroit Pistons,86,Golden State Warriors,102
Wed Jan 19 2022,Orlando Magic,110,Philadelphia 76ers,123
Wed Jan 19 2022,Brooklyn Nets,119,Washington Wizards,118
Wed Jan 19 2022,Minnesota Timberwolves,122,Atlanta Hawks,134
Wed Jan 19 2022,Charlotte Hornets,111,Boston Celtics,102
Wed Jan 19 2022,Portland Trail Blazers,92,Miami Heat,104
Wed Jan 19 2022,Cleveland Cavaliers,104,Chicago Bulls,117
Wed Jan 19 2022,Memphis Grizzlies,114,Milwaukee Bucks,126
Wed Jan 19 2022,Toronto Raptors,98,Dallas Mavericks,102
Wed Jan 19 2022,Oklahoma City Thunder,96,San Antonio Spurs,118
Wed Jan 19 2022,Houston Rockets,116,Utah Jazz,111
Wed Jan 19 2022,Los Angeles Clippers,128,Denver Nuggets,130
Wed Jan 19 2022,Detroit Pistons,133,Sacramento Kings,131
Wed Jan 19 2022,Indiana Pacers,111,Los Angeles Lakers,104
Thu Jan 20 2022,Phoenix Suns,109,Dallas Mavericks,101
Thu Jan 20 2022,New Orleans Pelicans,102,New York Knicks,91
Thu Jan 20 2022,Indiana Pacers,121,Golden State Warriors,117
Fri Jan 21 2022,Oklahoma City Thunder,98,Charlotte Hornets,121
Fri Jan 21 2022,Los Angeles Lakers,116,Orlando Magic,105
Fri Jan 21 2022,Los Angeles Clippers,102,Philadelphia 76ers,101
Fri Jan 21 2022,Miami Heat,108,Atlanta Hawks,110
Fri Jan 21 2022,Portland Trail Blazers,109,Boston Celtics,105
Fri Jan 21 2022,Chicago Bulls,90,Milwaukee Bucks,94
Fri Jan 21 2022,Toronto Raptors,109,Washington Wizards,105
Fri Jan 21 2022,Brooklyn Nets,117,San Antonio Spurs,102
Fri Jan 21 2022,Memphis Grizzlies,122,Denver Nuggets,118
Fri Jan 21 2022,Detroit Pistons,101,Utah Jazz,111
Fri Jan 21 2022,Houston Rockets,103,Golden State Warriors,105
Sat Jan 22 2022,Sacramento Kings,127,Milwaukee Bucks,133
Sat Jan 22 2022,Oklahoma City Thunder,87,Cleveland Cavaliers,94
Sat Jan 22 2022,Indiana Pacers,103,Phoenix Suns,113
Sun Jan 23 2022,Los Angeles Clippers,102,New York Knicks,110
Sun Jan 23 2022,Boston Celtics,116,Washington Wizards,87
Sun Jan 23 2022,Los Angeles Lakers,107,Miami Heat,113
Sun Jan 23 2022,Chicago Bulls,95,Orlando Magic,114
Sun Jan 23 2022,Portland Trail Blazers,114,Toronto Raptors,105
Sun Jan 23 2022,Atlanta Hawks,113,Charlotte Hornets,91
Sun Jan 23 2022,Philadelphia 76ers,115,San Antonio Spurs,109
Sun Jan 23 2022,Memphis Grizzlies,91,Dallas Mavericks,104
Sun Jan 23 2022,Detroit Pistons,111,Denver Nuggets,117
Sun Jan 23 2022,Brooklyn Nets,125,Minnesota Timberwolves,136
Sun Jan 23 2022,Utah Jazz,92,Golden State Warriors,94
Mon Jan 24 2022,New York Knicks,93,Cleveland Cavaliers,95
Mon Jan 24 2022,Indiana Pacers,113,New Orleans Pelicans,117
Mon Jan 24 2022,Chicago Bulls,111,Oklahoma City Thunder,110
Mon Jan 24 2022,Utah Jazz,109,Phoenix Suns,115
Tue Jan 25 2022,Denver Nuggets,110,Detroit Pistons,105
Tue Jan 25 2022,New Orleans Pelicans,107,Philadelphia 76ers,117
Tue Jan 25 2022,Charlotte Hornets,113,Toronto Raptors,125
Tue Jan 25 2022,Los Angeles Clippers,116,Washington Wizards,115
Tue Jan 25 2022,Sacramento Kings,75,Boston Celtics,128
Tue Jan 25 2022,Los Angeles Lakers,106,Brooklyn Nets,96
Tue Jan 25 2022,San Antonio Spurs,134,Houston Rockets,104
Tue Jan 25 2022,Dallas Mavericks,92,Golden State Warriors,130
Tue Jan 25 2022,Minnesota Timberwolves,109,Portland Trail Blazers,107
Wed Jan 26 2022,Milwaukee Bucks,99,Cleveland Cavaliers,115
Wed Jan 26 2022,Charlotte Hornets,158,Indiana Pacers,126
Wed Jan 26 2022,Los Angeles Clippers,111,Orlando Magic,102
Wed Jan 26 2022,Sacramento Kings,104,Atlanta Hawks,121
Wed Jan 26 2022,New York Knicks,96,Miami Heat,110
Wed Jan 26 2022,Denver Nuggets,124,Brooklyn Nets,118
Wed Jan 26 2022,Toronto Raptors,105,Chicago Bulls,111
Wed Jan 26 2022,Memphis Grizzlies,118,San Antonio Spurs,110
Wed Jan 26 2022,Dallas Mavericks,132,Portland Trail Blazers,112
Wed Jan 26 2022,Phoenix Suns,105,Utah Jazz,97
Thu Jan 27 2022,Los Angeles Lakers,87,Philadelphia 76ers,105
Thu Jan 27 2022,Minnesota Timberwolves,115,Golden State Warriors,124
Fri Jan 28 2022,Detroit Pistons,103,Orlando Magic,119
Fri Jan 28 2022,Boston Celtics,92,Atlanta Hawks,108
Fri Jan 28 2022,Los Angeles Lakers,114,Charlotte Hornets,117
Fri Jan 28 2022,Portland Trail Blazers,125,Houston Rockets,110
Fri Jan 28 2022,Utah Jazz,109,Memphis Grizzlies,119
Fri Jan 28 2022,Los Angeles Clippers,114,Miami Heat,121
Fri Jan 28 2022,Denver Nuggets,116,New Orleans Pelicans,105
Fri Jan 28 2022,Indiana Pacers,113,Oklahoma City Thunder,110
Fri Jan 28 2022,Chicago Bulls,122,San Antonio Spurs,131
Fri Jan 28 2022,Minnesota Timberwolves,124,Phoenix Suns,134
Fri Jan 28 2022,New York Knicks,108,Milwaukee Bucks,123
Sat Jan 29 2022,Indiana Pacers,105,Dallas Mavericks,132
Sat Jan 29 2022,Boston Celtics,107,New Orleans Pelicans,97
Sat Jan 29 2022,Sacramento Kings,101,Philadelphia 76ers,103
Sat Jan 29 2022,Washington Wizards,95,Memphis Grizzlies,115
Sat Jan 29 2022,Toronto Raptors,124,Miami Heat,120
Sat Jan 29 2022,Brooklyn Nets,106,Golden State Warriors,110
Sun Jan 30 2022,Los Angeles Lakers,121,Atlanta Hawks,129
Sun Jan 30 2022,Los Angeles Clippers,115,Charlotte Hornets,90
Sun Jan 30 2022,Portland Trail Blazers,116,Chicago Bulls,130
Sun Jan 30 2022,Cleveland Cavaliers,105,Detroit Pistons,115
Sun Jan 30 2022,Denver Nuggets,136,Milwaukee Bucks,100
Sun Jan 30 2022,Dallas Mavericks,108,Orlando Magic,110
Sun Jan 30 2022,Utah Jazz,106,Minnesota Timberwolves,126
Sun Jan 30 2022,San Antonio Spurs,110,Phoenix Suns,115
Mon Jan 31 2022,New Orleans Pelicans,90,Cleveland Cavaliers,93
Mon Jan 31 2022,Los Angeles Clippers,116,Indiana Pacers,122
Mon Jan 31 2022,Memphis Grizzlies,119,Philadelphia 76ers,122
Mon Jan 31 2022,Toronto Raptors,106,Atlanta Hawks,100
Mon Jan 31 2022,Miami Heat,92,Boston Celtics,122
Mon Jan 31 2022,Sacramento Kings,96,New York Knicks,116
Mon Jan 31 2022,Golden State Warriors,122,Houston Rockets,108
Mon Jan 31 2022,Portland Trail Blazers,81,Oklahoma City Thunder,98
Tue Feb 1 2022,New Orleans Pelicans,111,Detroit Pistons,101
Tue Feb 1 2022,Washington Wizards,98,Milwaukee Bucks,112
Tue Feb 1 2022,Miami Heat,106,Toronto Raptors,110
Tue Feb 1 2022,Orlando Magic,115,Chicago Bulls,126
Tue Feb 1 2022,Denver Nuggets,115,Minnesota Timberwolves,130
Tue Feb 1 2022,Golden State Warriors,124,San Antonio Spurs,120
Tue Feb 1 2022,Brooklyn Nets,111,Phoenix Suns,121
Wed Feb 2 2022,Orlando Magic,119,Indiana Pacers,118
Wed Feb 2 2022,Washington Wizards,106,Philadelphia 76ers,103
Wed Feb 2 2022,Charlotte Hornets,107,Boston Celtics,113
Wed Feb 2 2022,Memphis Grizzlies,120,New York Knicks,108
Wed Feb 2 2022,Cleveland Cavaliers,104,Houston Rockets,115
Wed Feb 2 2022,Oklahoma City Thunder,120,Dallas Mavericks,114
Wed Feb 2 2022,Brooklyn Nets,101,Sacramento Kings,112
Wed Feb 2 2022,Denver Nuggets,104,Utah Jazz,108
Wed Feb 2 2022,Portland Trail Blazers,94,Los Angeles Lakers,99
Thu Feb 3 2022,Minnesota Timberwolves,128,Detroit Pistons,117
Thu Feb 3 2022,Miami Heat,112,San Antonio Spurs,95
Thu Feb 3 2022,Phoenix Suns,115,Atlanta Hawks,124
Thu Feb 3 2022,Chicago Bulls,120,Toronto Raptors,127
Thu Feb 3 2022,Sacramento Kings,114,Golden State Warriors,126
Thu Feb 3 2022,Los Angeles Lakers,110,Los Angeles Clippers,111
Fri Feb 4 2022,Cleveland Cavaliers,102,Charlotte Hornets,101
Fri Feb 4 2022,Boston Celtics,102,Detroit Pistons,93
Fri Feb 4 2022,Chicago Bulls,122,Indiana Pacers,115
Fri Feb 4 2022,Atlanta Hawks,114,Toronto Raptors,125
Fri Feb 4 2022,Houston Rockets,106,San Antonio Spurs,131
Fri Feb 4 2022,New Orleans Pelicans,113,Denver Nuggets,105
Fri Feb 4 2022,Brooklyn Nets,102,Utah Jazz,125
Fri Feb 4 2022,Philadelphia 76ers,98,Dallas Mavericks,107
Fri Feb 4 2022,Oklahoma City Thunder,96,Portland Trail Blazers,93
Sat Feb 5 2022,Memphis Grizzlies,135,Orlando Magic,115
Sat Feb 5 2022,Miami Heat,104,Charlotte Hornets,86
Sat Feb 5 2022,Phoenix Suns,95,Washington Wizards,80
Sat Feb 5 2022,New York Knicks,115,Los Angeles Lakers,122
Sat Feb 5 2022,Milwaukee Bucks,137,Portland Trail Blazers,108
Sat Feb 5 2022,Oklahoma City Thunder,103,Sacramento Kings,113
Sun Feb 6 2022,Philadelphia 76ers,119,Chicago Bulls,108
Sun Feb 6 2022,Brooklyn Nets,104,Denver Nuggets,124
Sun Feb 6 2022,Detroit Pistons,105,Minnesota Timberwolves,118
Sun Feb 6 2022,Indiana Pacers,85,Cleveland Cavaliers,98
Sun Feb 6 2022,Atlanta Hawks,94,Dallas Mavericks,103
Sun Feb 6 2022,Boston Celtics,116,Orlando Magic,83
Sun Feb 6 2022,New Orleans Pelicans,120,Houston Rockets,107
Sun Feb 6 2022,Milwaukee Bucks,137,Los Angeles Clippers,113
Mon Feb 7 2022,Toronto Raptors,116,Charlotte Hornets,101
Mon Feb 7 2022,Miami Heat,121,Washington Wizards,100
Mon Feb 7 2022,Phoenix Suns,127,Chicago Bulls,124
Mon Feb 7 2022,Golden State Warriors,110,Oklahoma City Thunder,98
Mon Feb 7 2022,New York Knicks,104,Utah Jazz,113
Tue Feb 8 2022,Phoenix Suns,114,Philadelphia 76ers,109
Tue Feb 8 2022,Indiana Pacers,112,Atlanta Hawks,133
Tue Feb 8 2022,Boston Celtics,126,Brooklyn Nets,91
Tue Feb 8 2022,Los Angeles Clippers,109,Memphis Grizzlies,135
Tue Feb 8 2022,Houston Rockets,97,New Orleans Pelicans,110
Tue Feb 8 2022,Detroit Pistons,86,Dallas Mavericks,116
Tue Feb 8 2022,New York Knicks,115,Denver Nuggets,132
Tue Feb 8 2022,Milwaukee Bucks,131,Los Angeles Lakers,116
Tue Feb 8 2022,Orlando Magic,113,Portland Trail Blazers,95
Tue Feb 8 2022,Minnesota Timberwolves,134,Sacramento Kings,114
Wed Feb 9 2022,San Antonio Spurs,92,Cleveland Cavaliers,105
Wed Feb 9 2022,Chicago Bulls,121,Charlotte Hornets,109
Wed Feb 9 2022,Toronto Raptors,117,Oklahoma City Thunder,98
Wed Feb 9 2022,Los Angeles Lakers,105,Portland Trail Blazers,107
Wed Feb 9 2022,Minnesota Timberwolves,119,Sacramento Kings,132
Wed Feb 9 2022,Golden State Warriors,85,Utah Jazz,111
Thu Feb 10 2022,Memphis Grizzlies,132,Detroit Pistons,107
Thu Feb 10 2022,Miami Heat,112,New Orleans Pelicans,97
Thu Feb 10 2022,Brooklyn Nets,112,Washington Wizards,113
Thu Feb 10 2022,Toronto Raptors,139,Houston Rockets,120
Thu Feb 10 2022,Los Angeles Clippers,105,Dallas Mavericks,112
Thu Feb 10 2022,New York Knicks,116,Golden State Warriors,114
Thu Feb 10 2022,Milwaukee Bucks,107,Phoenix Suns,131
Fri Feb 11 2022,Charlotte Hornets,141,Detroit Pistons,119
Fri Feb 11 2022,Cleveland Cavaliers,120,Indiana Pacers,113
Fri Feb 11 2022,Oklahoma City Thunder,87,Philadelphia 76ers,100
Fri Feb 11 2022,San Antonio Spurs,136,Atlanta Hawks,121
Fri Feb 11 2022,Denver Nuggets,102,Boston Celtics,108
Fri Feb 11 2022,Minnesota Timberwolves,122,Chicago Bulls,134
Fri Feb 11 2022,Orlando Magic,99,Utah Jazz,114
Sat Feb 12 2022,New York Knicks,103,Portland Trail Blazers,112
Sat Feb 12 2022,Memphis Grizzlies,125,Charlotte Hornets,118
Sat Feb 12 2022,San Antonio Spurs,124,New Orleans Pelicans,114
Sat Feb 12 2022,Sacramento Kings,123,Washington Wizards,110
Sat Feb 12 2022,Cleveland Cavaliers,93,Philadelphia 76ers,103
Sat Feb 12 2022,Denver Nuggets,110,Toronto Raptors,109
Sat Feb 12 2022,Oklahoma City Thunder,101,Chicago Bulls,106
Sat Feb 12 2022,Brooklyn Nets,111,Miami Heat,115
Sat Feb 12 2022,Los Angeles Clippers,99,Dallas Mavericks,97
Sat Feb 12 2022,Los Angeles Lakers,115,Golden State Warriors,117
Sat Feb 12 2022,Orlando Magic,105,Phoenix Suns,132
Sun Feb 13 2022,Atlanta Hawks,95,Boston Celtics,105
Sun Feb 13 2022,Minnesota Timberwolves,129,Indiana Pacers,120
Mon Feb 14 2022,Detroit Pistons,94,Washington Wizards,103
Mon Feb 14 2022,Sacramento Kings,85,Brooklyn Nets,109
Mon Feb 14 2022,Oklahoma City Thunder,127,New York Knicks,123
Mon Feb 14 2022,San Antonio Spurs,109,Chicago Bulls,120
Mon Feb 14 2022,Portland Trail Blazers,122,Milwaukee Bucks,107
Mon Feb 14 2022,Toronto Raptors,90,New Orleans Pelicans,120
Mon Feb 14 2022,Orlando Magic,111,Denver Nuggets,121
Mon Feb 14 2022,Houston Rockets,101,Utah Jazz,135
Mon Feb 14 2022,Golden State Warriors,104,Los Angeles Clippers,119
Tue Feb 15 2022,Cleveland Cavaliers,116,Atlanta Hawks,124
Tue Feb 15 2022,Dallas Mavericks,107,Miami Heat,99
Tue Feb 15 2022,Boston Celtics,135,Philadelphia 76ers,87
Tue Feb 15 2022,Indiana Pacers,119,Milwaukee Bucks,128
Tue Feb 15 2022,Charlotte Hornets,120,Minnesota Timberwolves,126
Tue Feb 15 2022,Memphis Grizzlies,121,New Orleans Pelicans,109
Tue Feb 15 2022,Los Angeles Clippers,96,Phoenix Suns,103
Wed Feb 16 2022,Atlanta Hawks,130,Orlando Magic,109
Wed Feb 16 2022,Detroit Pistons,112,Boston Celtics,111
Wed Feb 16 2022,Washington Wizards,108,Indiana Pacers,113
Wed Feb 16 2022,Brooklyn Nets,111,New York Knicks,106
Wed Feb 16 2022,Sacramento Kings,118,Chicago Bulls,125
Wed Feb 16 2022,Portland Trail Blazers,123,Memphis Grizzlies,119
Wed Feb 16 2022,Toronto Raptors,103,Minnesota Timberwolves,91
Wed Feb 16 2022,San Antonio Spurs,114,Oklahoma City Thunder,106
Wed Feb 16 2022,Houston Rockets,121,Phoenix Suns,124
Wed Feb 16 2022,Denver Nuggets,117,Golden State Warriors,116
Wed Feb 16 2022,Utah Jazz,101,Los Angeles Lakers,106
Thu Feb 17 2022,Miami Heat,111,Charlotte Hornets,107
Thu Feb 17 2022,Washington Wizards,117,Brooklyn Nets,103
Thu Feb 17 2022,Dallas Mavericks,125,New Orleans Pelicans,118
Thu Feb 17 2022,Philadelphia 76ers,123,Milwaukee Bucks,120
Thu Feb 17 2022,Houston Rockets,111,Los Angeles Clippers,142
Thu Feb 24 2022,Cleveland Cavaliers,103,Detroit Pistons,106
Thu Feb 24 2022,Boston Celtics,129,Brooklyn Nets,106
Thu Feb 24 2022,Atlanta Hawks,108,Chicago Bulls,112
Thu Feb 24 2022,Memphis Grizzlies,114,Minnesota Timberwolves,119
Thu Feb 24 2022,Phoenix Suns,124,Oklahoma City Thunder,104
Thu Feb 24 2022,Golden State Warriors,132,Portland Trail Blazers,95
Thu Feb 24 2022,Denver Nuggets,128,Sacramento Kings,110
Fri Feb 25 2022,Toronto Raptors,93,Charlotte Hornets,125
Fri Feb 25 2022,Oklahoma City Thunder,129,Indiana Pacers,125
Fri Feb 25 2022,Houston Rockets,111,Orlando Magic,119
Fri Feb 25 2022,San Antonio Spurs,157,Washington Wizards,153
Fri Feb 25 2022,Miami Heat,115,New York Knicks,100
Fri Feb 25 2022,Philadelphia 76ers,133,Minnesota Timberwolves,102
Fri Feb 25 2022,New Orleans Pelicans,117,Phoenix Suns,102
Fri Feb 25 2022,Dallas Mavericks,109,Utah Jazz,114
Fri Feb 25 2022,Los Angeles Clippers,105,Los Angeles Lakers,102
Sat Feb 26 2022,Boston Celtics,113,Detroit Pistons,104
Sat Feb 26 2022,Toronto Raptors,100,Atlanta Hawks,127
Sat Feb 26 2022,Memphis Grizzlies,116,Chicago Bulls,110
Sat Feb 26 2022,Washington Wizards,86,Cleveland Cavaliers,92
Sat Feb 26 2022,San Antonio Spurs,129,Miami Heat,133
Sat Feb 26 2022,Brooklyn Nets,126,Milwaukee Bucks,123
Sat Feb 26 2022,Sacramento Kings,110,Denver Nuggets,115
Sun Feb 27 2022,Philadelphia 76ers,125,New York Knicks,109
Sun Feb 27 2022,Utah Jazz,118,Phoenix Suns,114
Sun Feb 27 2022,Boston Celtics,107,Indiana Pacers,128
Sun Feb 27 2022,Detroit Pistons,127,Charlotte Hornets,126
Sun Feb 27 2022,Los Angeles Clippers,99,Houston Rockets,98
Sun Feb 27 2022,Dallas Mavericks,107,Golden State Warriors,101
Sun Feb 27 2022,Denver Nuggets,124,Portland Trail Blazers,92
Sun Feb 27 2022,New Orleans Pelicans,123,Los Angeles Lakers,95
Mon Feb 28 2022,Minnesota Timberwolves,127,Cleveland Cavaliers,122
Mon Feb 28 2022,Indiana Pacers,103,Orlando Magic,119
Mon Feb 28 2022,Toronto Raptors,133,Brooklyn Nets,97
Mon Feb 28 2022,Chicago Bulls,99,Miami Heat,112
Mon Feb 28 2022,San Antonio Spurs,105,Memphis Grizzlies,118
Mon Feb 28 2022,Charlotte Hornets,106,Milwaukee Bucks,130
Mon Feb 28 2022,Sacramento Kings,131,Oklahoma City Thunder,110
Tue Mar 1 2022,Detroit Pistons,113,Washington Wizards,116
Tue Mar 1 2022,Atlanta Hawks,98,Boston Celtics,107
Tue Mar 1 2022,Brooklyn Nets,108,Toronto Raptors,109
Tue Mar 1 2022,Los Angeles Clippers,113,Houston Rockets,100
Tue Mar 1 2022,Golden State Warriors,114,Minnesota Timberwolves,129
Tue Mar 1 2022,Dallas Mavericks,109,Los Angeles Lakers,104
Wed Mar 2 2022,Charlotte Hornets,119,Cleveland Cavaliers,98
Wed Mar 2 2022,Indiana Pacers,122,Orlando Magic,114
Wed Mar 2 2022,New York Knicks,108,Philadelphia 76ers,123
Wed Mar 2 2022,Utah Jazz,132,Houston Rockets,127
Wed Mar 2 2022,Miami Heat,119,Milwaukee Bucks,120
Wed Mar 2 2022,Sacramento Kings,95,New Orleans Pelicans,125
Wed Mar 2 2022,Oklahoma City Thunder,119,Denver Nuggets,107
Wed Mar 2 2022,Portland Trail Blazers,90,Phoenix Suns,120
Thu Mar 3 2022,Chicago Bulls,124,Atlanta Hawks,130
Thu Mar 3 2022,Memphis Grizzlies,107,Boston Celtics,120
Thu Mar 3 2022,Miami Heat,113,Brooklyn Nets,107
Thu Mar 3 2022,Detroit Pistons,108,Toronto Raptors,106
Thu Mar 3 2022,Golden State Warriors,113,Dallas Mavericks,122
Thu Mar 3 2022,Sacramento Kings,115,San Antonio Spurs,112
Thu Mar 3 2022,Los Angeles Lakers,111,Los Angeles Clippers,132
Fri Mar 4 2022,Indiana Pacers,106,Detroit Pistons,111
Fri Mar 4 2022,Cleveland Cavaliers,119,Philadelphia 76ers,125
Fri Mar 4 2022,Atlanta Hawks,117,Washington Wizards,114
Fri Mar 4 2022,Milwaukee Bucks,118,Chicago Bulls,112
Fri Mar 4 2022,Orlando Magic,103,Toronto Raptors,97
Fri Mar 4 2022,Utah Jazz,90,New Orleans Pelicans,124
Fri Mar 4 2022,Minnesota Timberwolves,138,Oklahoma City Thunder,101
Fri Mar 4 2022,Houston Rockets,101,Denver Nuggets,116
Fri Mar 4 2022,New York Knicks,114,Phoenix Suns,115
Sat Mar 5 2022,Sacramento Kings,113,Dallas Mavericks,114
Sat Mar 5 2022,San Antonio Spurs,117,Charlotte Hornets,123
Sat Mar 5 2022,Orlando Magic,96,Memphis Grizzlies,124
Sat Mar 5 2022,Philadelphia 76ers,82,Miami Heat,99
Sat Mar 5 2022,Portland Trail Blazers,121,Minnesota Timberwolves,135
Sat Mar 5 2022,Golden State Warriors,116,Los Angeles Lakers,124
Sun Mar 6 2022,Brooklyn Nets,120,Boston Celtics,126
Sun Mar 6 2022,Phoenix Suns,122,Milwaukee Bucks,132
Sun Mar 6 2022,Indiana Pacers,123,Washington Wizards,133
Sun Mar 6 2022,Memphis Grizzlies,112,Houston Rockets,123
Sun Mar 6 2022,Utah Jazz,116,Oklahoma City Thunder,103
Sun Mar 6 2022,Toronto Raptors,96,Cleveland Cavaliers,104
Sun Mar 6 2022,New Orleans Pelicans,130,Denver Nuggets,138
Sun Mar 6 2022,New York Knicks,116,Los Angeles Clippers,93
Mon Mar 7 2022,Atlanta Hawks,110,Detroit Pistons,113
Mon Mar 7 2022,Chicago Bulls,106,Philadelphia 76ers,121
Mon Mar 7 2022,Houston Rockets,106,Miami Heat,123
Mon Mar 7 2022,Portland Trail Blazers,81,Minnesota Timberwolves,124
Mon Mar 7 2022,Utah Jazz,103,Dallas Mavericks,111
Mon Mar 7 2022,Los Angeles Lakers,110,San Antonio Spurs,117
Mon Mar 7 2022,Golden State Warriors,124,Denver Nuggets,131
Mon Mar 7 2022,New York Knicks,131,Sacramento Kings,115
Tue Mar 8 2022,Brooklyn Nets,132,Charlotte Hornets,121
Tue Mar 8 2022,Cleveland Cavaliers,127,Indiana Pacers,124
Tue Mar 8 2022,Phoenix Suns,102,Orlando Magic,99
Tue Mar 8 2022,New Orleans Pelicans,111,Memphis Grizzlies,132
Tue Mar 8 2022,Milwaukee Bucks,142,Oklahoma City Thunder,115
Tue Mar 8 2022,Los Angeles Clippers,97,Golden State Warriors,112
Wed Mar 9 2022,Boston Celtics,115,Charlotte Hornets,101
Wed Mar 9 2022,Chicago Bulls,114,Detroit Pistons,108
Wed Mar 9 2022,Phoenix Suns,111,Miami Heat,90
Wed Mar 9 2022,Los Angeles Lakers,130,Houston Rockets,139
Wed Mar 9 2022,Atlanta Hawks,115,Milwaukee Bucks,124
Wed Mar 9 2022,Oklahoma City Thunder,102,Minnesota Timberwolves,132
Wed Mar 9 2022,Orlando Magic,108,New Orleans Pelicans,102
Wed Mar 9 2022,New York Knicks,107,Dallas Mavericks,77
Wed Mar 9 2022,Toronto Raptors,119,San Antonio Spurs,104
Wed Mar 9 2022,Denver Nuggets,106,Sacramento Kings,100
Wed Mar 9 2022,Portland Trail Blazers,85,Utah Jazz,123
Wed Mar 9 2022,Washington Wizards,109,Los Angeles Clippers,115
Thu Mar 10 2022,Brooklyn Nets,129,Philadelphia 76ers,100
Thu Mar 10 2022,Golden State Warriors,113,Denver Nuggets,102
Fri Mar 11 2022,Minnesota Timberwolves,110,Orlando Magic,118
Fri Mar 11 2022,Los Angeles Clippers,106,Atlanta Hawks,112
Fri Mar 11 2022,Detroit Pistons,103,Boston Celtics,114
Fri Mar 11 2022,Dallas Mavericks,113,Houston Rockets,100
Fri Mar 11 2022,New York Knicks,114,Memphis Grizzlies,118
Fri Mar 11 2022,Cleveland Cavaliers,105,Miami Heat,117
Fri Mar 11 2022,Charlotte Hornets,142,New Orleans Pelicans,120
Fri Mar 11 2022,Utah Jazz,102,San Antonio Spurs,104
Fri Mar 11 2022,Toronto Raptors,117,Phoenix Suns,112
Fri Mar 11 2022,Washington Wizards,109,Los Angeles Lakers,122
Sat Mar 12 2022,Cleveland Cavaliers,91,Chicago Bulls,101
Sat Mar 12 2022,Minnesota Timberwolves,113,Miami Heat,104
Sat Mar 12 2022,Indiana Pacers,119,San Antonio Spurs,108
Sat Mar 12 2022,Milwaukee Bucks,109,Golden State Warriors,122
Sat Mar 12 2022,Toronto Raptors,127,Denver Nuggets,115
Sat Mar 12 2022,Sacramento Kings,125,Utah Jazz,134
Sat Mar 12 2022,Washington Wizards,118,Portland Trail Blazers,127
Sun Mar 13 2022,New York Knicks,107,Brooklyn Nets,110
Sun Mar 13 2022,Los Angeles Clippers,106,Detroit Pistons,102
Sun Mar 13 2022,Dallas Mavericks,95,Boston Celtics,92
Sun Mar 13 2022,Philadelphia 76ers,116,Orlando Magic,114
Sun Mar 13 2022,Indiana Pacers,128,Atlanta Hawks,131
Sun Mar 13 2022,Houston Rockets,105,New Orleans Pelicans,130
Sun Mar 13 2022,Memphis Grizzlies,125,Oklahoma City Thunder,118
Sun Mar 13 2022,Los Angeles Lakers,111,Phoenix Suns,140
Mon Mar 14 2022,Los Angeles Clippers,111,Cleveland Cavaliers,120
Mon Mar 14 2022,Portland Trail Blazers,113,Atlanta Hawks,122
Mon Mar 14 2022,Denver Nuggets,114,Philadelphia 76ers,110
Mon Mar 14 2022,Charlotte Hornets,134,Oklahoma City Thunder,116
Mon Mar 14 2022,Minnesota Timberwolves,149,San Antonio Spurs,139
Mon Mar 14 2022,Washington Wizards,112,Golden State Warriors,126
Mon Mar 14 2022,Chicago Bulls,103,Sacramento Kings,112
Mon Mar 14 2022,Milwaukee Bucks,117,Utah Jazz,111
Mon Mar 14 2022,Toronto Raptors,114,Los Angeles Lakers,103
Tue Mar 15 2022,Memphis Grizzlies,135,Indiana Pacers,102
Tue Mar 15 2022,Brooklyn Nets,150,Orlando Magic,108
Tue Mar 15 2022,Detroit Pistons,98,Miami Heat,105
Tue Mar 15 2022,Phoenix Suns,131,New Orleans Pelicans,115
Wed Mar 16 2022,Atlanta Hawks,106,Charlotte Hornets,116
Wed Mar 16 2022,Philadelphia 76ers,118,Cleveland Cavaliers,114
Wed Mar 16 2022,Denver Nuggets,127,Washington Wizards,109
Wed Mar 16 2022,Dallas Mavericks,113,Brooklyn Nets,111
Wed Mar 16 2022,Portland Trail Blazers,98,New York Knicks,128
Wed Mar 16 2022,Phoenix Suns,129,Houston Rockets,112
Wed Mar 16 2022,Los Angeles Lakers,104,Minnesota Timberwolves,124
Wed Mar 16 2022,Oklahoma City Thunder,120,San Antonio Spurs,122
Wed Mar 16 2022,Chicago Bulls,110,Utah Jazz,125
Wed Mar 16 2022,Boston Celtics,110,Golden State Warriors,88
Wed Mar 16 2022,Milwaukee Bucks,135,Sacramento Kings,126
Wed Mar 16 2022,Toronto Raptors,103,Los Angeles Clippers,100
Thu Mar 17 2022,Detroit Pistons,134,Orlando Magic,120
Fri Mar 18 2022,Dallas Mavericks,101,Philadelphia 76ers,111
Fri Mar 18 2022,Memphis Grizzlies,105,Atlanta Hawks,120
Fri Mar 18 2022,Portland Trail Blazers,123,Brooklyn Nets,128
Fri Mar 18 2022,Denver Nuggets,116,Cleveland Cavaliers,119
Fri Mar 18 2022,Washington Wizards,97,New York Knicks,100
Fri Mar 18 2022,Los Angeles Lakers,128,Toronto Raptors,123
Fri Mar 18 2022,Indiana Pacers,121,Houston Rockets,118
Fri Mar 18 2022,Oklahoma City Thunder,108,Miami Heat,120
Fri Mar 18 2022,New Orleans Pelicans,124,San Antonio Spurs,91
Fri Mar 18 2022,Los Angeles Clippers,92,Utah Jazz,121
Fri Mar 18 2022,Chicago Bulls,102,Phoenix Suns,129
Fri Mar 18 2022,Boston Celtics,126,Sacramento Kings,97
Sat Mar 19 2022,Milwaukee Bucks,119,Minnesota Timberwolves,138
Sat Mar 19 2022,Dallas Mavericks,108,Charlotte Hornets,129
Sat Mar 19 2022,Detroit Pistons,109,Cleveland Cavaliers,113
Sat Mar 19 2022,Los Angeles Lakers,119,Washington Wizards,127
Sun Mar 20 2022,Memphis Grizzlies,122,Houston Rockets,98
Sun Mar 20 2022,Portland Trail Blazers,98,Indiana Pacers,129
Sun Mar 20 2022,New Orleans Pelicans,117,Atlanta Hawks,112
Sun Mar 20 2022,Oklahoma City Thunder,85,Orlando Magic,90
Sun Mar 20 2022,Phoenix Suns,127,Sacramento Kings,124
Sun Mar 20 2022,Utah Jazz,108,New York Knicks,93
Sun Mar 20 2022,Boston Celtics,124,Denver Nuggets,104
Sun Mar 20 2022,San Antonio Spurs,110,Golden State Warriors,108
Sun Mar 20 2022,Toronto Raptors,93,Philadelphia 76ers,88
Mon Mar 21 2022,New Orleans Pelicans,103,Charlotte Hornets,106
Mon Mar 21 2022,Los Angeles Lakers,131,Cleveland Cavaliers,120
Mon Mar 21 2022,Portland Trail Blazers,119,Detroit Pistons,115
Mon Mar 21 2022,Utah Jazz,106,Brooklyn Nets,114
Mon Mar 21 2022,Miami Heat,106,Philadelphia 76ers,113
Mon Mar 21 2022,Toronto Raptors,99,Chicago Bulls,113
Mon Mar 21 2022,Washington Wizards,97,Houston Rockets,115
Mon Mar 21 2022,Boston Celtics,132,Oklahoma City Thunder,123
Mon Mar 21 2022,Minnesota Timberwolves,108,Dallas Mavericks,110
Tue Mar 22 2022,Golden State Warriors,90,Orlando Magic,94
Tue Mar 22 2022,Atlanta Hawks,117,New York Knicks,111
Tue Mar 22 2022,Chicago Bulls,98,Milwaukee Bucks,126
Tue Mar 22 2022,Los Angeles Clippers,115,Denver Nuggets,127
Wed Mar 23 2022,New York Knicks,121,Charlotte Hornets,106
Wed Mar 23 2022,Atlanta Hawks,101,Detroit Pistons,122
Wed Mar 23 2022,Sacramento Kings,110,Indiana Pacers,109
Wed Mar 23 2022,Utah Jazz,97,Boston Celtics,125
Wed Mar 23 2022,Brooklyn Nets,120,Memphis Grizzlies,132
Wed Mar 23 2022,Golden State Warriors,118,Miami Heat,104
Wed Mar 23 2022,Phoenix Suns,125,Minnesota Timberwolves,116
Wed Mar 23 2022,Orlando Magic,102,Oklahoma City Thunder,118
Wed Mar 23 2022,Houston Rockets,91,Dallas Mavericks,110
Wed Mar 23 2022,Philadelphia 76ers,126,Los Angeles Lakers,121
Wed Mar 23 2022,San Antonio Spurs,133,Portland Trail Blazers,96
Thu Mar 24 2022,Cleveland Cavaliers,104,Toronto Raptors,117
Thu Mar 24 2022,Indiana Pacers,103,Memphis Grizzlies,133
Thu Mar 24 2022,Washington Wizards,102,Milwaukee Bucks,114
Thu Mar 24 2022,Chicago Bulls,109,New Orleans Pelicans,126
Thu Mar 24 2022,Phoenix Suns,140,Denver Nuggets,130
Fri Mar 25 2022,Utah Jazz,101,Charlotte Hornets,107
Fri Mar 25 2022,Washington Wizards,100,Detroit Pistons,97
Fri Mar 25 2022,Golden State Warriors,110,Atlanta Hawks,121
Fri Mar 25 2022,New York Knicks,111,Miami Heat,103
Fri Mar 25 2022,Dallas Mavericks,95,Minnesota Timberwolves,116
Fri Mar 25 2022,Houston Rockets,125,Portland Trail Blazers,106
Fri Mar 25 2022,Philadelphia 76ers,122,Los Angeles Clippers,97
Sat Mar 26 2022,San Antonio Spurs,107,New Orleans Pelicans,103
Sat Mar 26 2022,Sacramento Kings,114,Orlando Magic,110
Sat Mar 26 2022,Indiana Pacers,91,Toronto Raptors,131
Sat Mar 26 2022,Chicago Bulls,98,Cleveland Cavaliers,94
Sat Mar 26 2022,Milwaukee Bucks,102,Memphis Grizzlies,127
Sat Mar 26 2022,Brooklyn Nets,110,Miami Heat,95
Sat Mar 26 2022,Oklahoma City Thunder,107,Denver Nuggets,113
Sat Mar 26 2022,Houston Rockets,115,Portland Trail Blazers,98
Sun Mar 27 2022,New York Knicks,104,Detroit Pistons,102
Sun Mar 27 2022,Minnesota Timberwolves,112,Boston Celtics,134
Sun Mar 27 2022,Philadelphia 76ers,104,Phoenix Suns,114
Sun Mar 27 2022,Golden State Warriors,115,Washington Wizards,123
Sun Mar 27 2022,Los Angeles Lakers,108,New Orleans Pelicans,116
Sun Mar 27 2022,Charlotte Hornets,119,Brooklyn Nets,110
Sun Mar 27 2022,Utah Jazz,100,Dallas Mavericks,114
Mon Mar 28 2022,Denver Nuggets,113,Charlotte Hornets,109
Mon Mar 28 2022,Orlando Magic,101,Cleveland Cavaliers,107
Mon Mar 28 2022,Atlanta Hawks,132,Indiana Pacers,123
Mon Mar 28 2022,Sacramento Kings,100,Miami Heat,123
Mon Mar 28 2022,Chicago Bulls,104,New York Knicks,109
Mon Mar 28 2022,Boston Celtics,112,Toronto Raptors,115
Mon Mar 28 2022,San Antonio Spurs,123,Houston Rockets,120
Mon Mar 28 2022,Golden State Warriors,95,Memphis Grizzlies,123
Mon Mar 28 2022,Oklahoma City Thunder,134,Portland Trail Blazers,131
Tue Mar 29 2022,Milwaukee Bucks,118,Philadelphia 76ers,116
Tue Mar 29 2022,Chicago Bulls,107,Washington Wizards,94
Tue Mar 29 2022,Detroit Pistons,123,Brooklyn Nets,130
Tue Mar 29 2022,Los Angeles Lakers,110,Dallas Mavericks,128
Tue Mar 29 2022,Utah Jazz,115,Los Angeles Clippers,121
Wed Mar 30 2022,Dallas Mavericks,120,Cleveland Cavaliers,112
Wed Mar 30 2022,Denver Nuggets,125,Indiana Pacers,118
Wed Mar 30 2022,Orlando Magic,110,Washington Wizards,127
Wed Mar 30 2022,Miami Heat,106,Boston Celtics,98
Wed Mar 30 2022,Charlotte Hornets,125,New York Knicks,114
Wed Mar 30 2022,Minnesota Timberwolves,102,Toronto Raptors,125
Wed Mar 30 2022,Sacramento Kings,121,Houston Rockets,118
Wed Mar 30 2022,Atlanta Hawks,136,Oklahoma City Thunder,118
Wed Mar 30 2022,Memphis Grizzlies,112,San Antonio Spurs,111
Wed Mar 30 2022,Phoenix Suns,107,Golden State Warriors,103
Wed Mar 30 2022,New Orleans Pelicans,117,Portland Trail Blazers,107
Thu Mar 31 2022,Philadelphia 76ers,94,Detroit Pistons,102
Thu Mar 31 2022,Cleveland Cavaliers,107,Atlanta Hawks,131
Thu Mar 31 2022,Milwaukee Bucks,120,Brooklyn Nets,119
Thu Mar 31 2022,Los Angeles Clippers,130,Chicago Bulls,135
Thu Mar 31 2022,Los Angeles Lakers,109,Utah Jazz,122
Fri Apr 1 2022,Toronto Raptors,102,Orlando Magic,89
Fri Apr 1 2022,Dallas Mavericks,103,Washington Wizards,135
Fri Apr 1 2022,Indiana Pacers,123,Boston Celtics,128
Fri Apr 1 2022,Sacramento Kings,122,Houston Rockets,117
Fri Apr 1 2022,Phoenix Suns,114,Memphis Grizzlies,122
Fri Apr 1 2022,Los Angeles Clippers,153,Milwaukee Bucks,119
Fri Apr 1 2022,Detroit Pistons,110,Oklahoma City Thunder,101
Fri Apr 1 2022,Portland Trail Blazers,111,San Antonio Spurs,130
Fri Apr 1 2022,Minnesota Timberwolves,136,Denver Nuggets,130
Fri Apr 1 2022,New Orleans Pelicans,114,Los Angeles Lakers,111
Sat Apr 2 2022,Charlotte Hornets,114,Philadelphia 76ers,144
Sat Apr 2 2022,Cleveland Cavaliers,119,New York Knicks,101
Sat Apr 2 2022,Brooklyn Nets,115,Atlanta Hawks,122
Sat Apr 2 2022,Miami Heat,127,Chicago Bulls,109
Sat Apr 2 2022,Utah Jazz,107,Golden State Warriors,111
Sun Apr 3 2022,Washington Wizards,102,Boston Celtics,144
Sun Apr 3 2022,Dallas Mavericks,118,Milwaukee Bucks,112
Sun Apr 3 2022,Denver Nuggets,129,Los Angeles Lakers,118
Sun Apr 3 2022,Detroit Pistons,121,Indiana Pacers,117
Sun Apr 3 2022,Philadelphia 76ers,112,Cleveland Cavaliers,108
Sun Apr 3 2022,New York Knicks,118,Orlando Magic,88
Sun Apr 3 2022,Minnesota Timberwolves,139,Houston Rockets,132
Sun Apr 3 2022,Phoenix Suns,96,Oklahoma City Thunder,117
Sun Apr 3 2022,Portland Trail Blazers,92,San Antonio Spurs,113
Sun Apr 3 2022,Miami Heat,114,Toronto Raptors,109
Sun Apr 3 2022,Golden State Warriors,109,Sacramento Kings,90
Sun Apr 3 2022,New Orleans Pelicans,100,Los Angeles Clippers,119
Tue Apr 5 2022,Philadelphia 76ers,131,Indiana Pacers,122
Tue Apr 5 2022,Cleveland Cavaliers,115,Orlando Magic,120
Tue Apr 5 2022,Houston Rockets,105,Brooklyn Nets,118
Tue Apr 5 2022,Charlotte Hornets,115,Miami Heat,144
Tue Apr 5 2022,Atlanta Hawks,108,Toronto Raptors,118
Tue Apr 5 2022,Milwaukee Bucks,127,Chicago Bulls,106
Tue Apr 5 2022,Washington Wizards,132,Minnesota Timberwolves,114
Tue Apr 5 2022,Portland Trail Blazers,94,Oklahoma City Thunder,98
Tue Apr 5 2022,San Antonio Spurs,116,Denver Nuggets,97
Tue Apr 5 2022,Memphis Grizzlies,115,Utah Jazz,121
Tue Apr 5 2022,New Orleans Pelicans,123,Sacramento Kings,109
Tue Apr 5 2022,Los Angeles Lakers,110,Phoenix Suns,121
Wed Apr 6 2022,Dallas Mavericks,131,Detroit Pistons,113
Wed Apr 6 2022,Brooklyn Nets,110,New York Knicks,98
Wed Apr 6 2022,Washington Wizards,103,Atlanta Hawks,118
Wed Apr 6 2022,Boston Celtics,117,Chicago Bulls,94
Wed Apr 6 2022,Oklahoma City Thunder,101,Utah Jazz,137
Wed Apr 6 2022,Phoenix Suns,109,Los Angeles Clippers,113
Thu Apr 7 2022,Orlando Magic,101,Charlotte Hornets,128
Thu Apr 7 2022,Boston Celtics,121,Milwaukee Bucks,127
Thu Apr 7 2022,Philadelphia 76ers,114,Toronto Raptors,119
Thu Apr 7 2022,San Antonio Spurs,121,Minnesota Timberwolves,127
Thu Apr 7 2022,Portland Trail Blazers,94,New Orleans Pelicans,127
Thu Apr 7 2022,Memphis Grizzlies,109,Denver Nuggets,122
Thu Apr 7 2022,Los Angeles Lakers,112,Golden State Warriors,128
Fri Apr 8 2022,Milwaukee Bucks,131,Detroit Pistons,101
Fri Apr 8 2022,New York Knicks,114,Washington Wizards,92
Fri Apr 8 2022,Cleveland Cavaliers,107,Brooklyn Nets,118
Fri Apr 8 2022,Houston Rockets,115,Toronto Raptors,117
Fri Apr 8 2022,Charlotte Hornets,133,Chicago Bulls,117
Fri Apr 8 2022,Atlanta Hawks,109,Miami Heat,113
Fri Apr 8 2022,Portland Trail Blazers,78,Dallas Mavericks,128
Fri Apr 8 2022,Phoenix Suns,111,Utah Jazz,105
Fri Apr 8 2022,Oklahoma City Thunder,101,Los Angeles Lakers,120
Sat Apr 9 2022,Indiana Pacers,120,Philadelphia 76ers,133
Sat Apr 9 2022,New Orleans Pelicans,114,Memphis Grizzlies,141
Sat Apr 9 2022,Golden State Warriors,100,San Antonio Spurs,94
Sat Apr 9 2022,Sacramento Kings,98,Los Angeles Clippers,117
Sun Apr 10 2022,Indiana Pacers,126,Brooklyn Nets,134
Sun Apr 10 2022,Washington Wizards,108,Charlotte Hornets,124
Sun Apr 10 2022,Milwaukee Bucks,115,Cleveland Cavaliers,133
Sun Apr 10 2022,Atlanta Hawks,130,Houston Rockets,114
Sun Apr 10 2022,Boston Celtics,139,Memphis Grizzlies,110
Sun Apr 10 2022,Toronto Raptors,94,New York Knicks,105
Sun Apr 10 2022,Miami Heat,111,Orlando Magic,125
Sun Apr 10 2022,Detroit Pistons,106,Philadelphia 76ers,118
Sun Apr 10 2022,Chicago Bulls,124,Minnesota Timberwolves,120
Sun Apr 10 2022,San Antonio Spurs,120,Dallas Mavericks,130
Sun Apr 10 2022,Los Angeles Lakers,146,Denver Nuggets,141
Sun Apr 10 2022,Oklahoma City Thunder,88,Los Angeles Clippers,138
Sun Apr 10 2022,Golden State Warriors,128,New Orleans Pelicans,107
Sun Apr 10 2022,Sacramento Kings,116,Phoenix Suns,109
Sun Apr 10 2022,Utah Jazz,111,Portland Trail Blazers,80
Tue Apr 12 2022,Cleveland Cavaliers,108,Brooklyn Nets,115
Tue Apr 12 2022,Los Angeles Clippers,104,Minnesota Timberwolves,109
Wed Apr 13 2022,Charlotte Hornets,103,Atlanta Hawks,132
Wed Apr 13 2022,San Antonio Spurs,103,New Orleans Pelicans,113
Fri Apr 15 2022,Atlanta Hawks,107,Cleveland Cavaliers,101
Fri Apr 15 2022,New Orleans Pelicans,105,Los Angeles Clippers,101
Sat Apr 16 2022,Utah Jazz,99,Dallas Mavericks,93
Sat Apr 16 2022,Minnesota Timberwolves,130,Memphis Grizzlies,117
Sat Apr 16 2022,Toronto Raptors,111,Philadelphia 76ers,131
Sat Apr 16 2022,Denver Nuggets,107,Golden State Warriors,123
Sun Apr 17 2022,Atlanta Hawks,91,Miami Heat,115
Sun Apr 17 2022,Brooklyn Nets,114,Boston Celtics,115
Sun Apr 17 2022,Chicago Bulls,86,Milwaukee Bucks,93
Sun Apr 17 2022,New Orleans Pelicans,99,Phoenix Suns,110
Mon Apr 18 2022,Toronto Raptors,97,Philadelphia 76ers,112
Mon Apr 18 2022,Utah Jazz,104,Dallas Mavericks,110
Mon Apr 18 2022,Denver Nuggets,106,Golden State Warriors,126
Tue Apr 19 2022,Atlanta Hawks,105,Miami Heat,115
Tue Apr 19 2022,Minnesota Timberwolves,96,Memphis Grizzlies,124
Tue Apr 19 2022,New Orleans Pelicans,125,Phoenix Suns,114
Wed Apr 20 2022,Brooklyn Nets,107,Boston Celtics,114
Wed Apr 20 2022,Philadelphia 76ers,104,Toronto Raptors,101
Wed Apr 20 2022,Chicago Bulls,114,Milwaukee Bucks,110
Thu Apr 21 2022,Memphis Grizzlies,104,Minnesota Timberwolves,95
Thu Apr 21 2022,Dallas Mavericks,126,Utah Jazz,118
Thu Apr 21 2022,Golden State Warriors,118,Denver Nuggets,113
Fri Apr 22 2022,Miami Heat,110,Atlanta Hawks,111
Fri Apr 22 2022,Milwaukee Bucks,111,Chicago Bulls,81
Fri Apr 22 2022,Phoenix Suns,114,New Orleans Pelicans,111
Sat Apr 23 2022,Philadelphia 76ers,102,Toronto Raptors,110
Sat Apr 23 2022,Dallas Mavericks,99,Utah Jazz,100
Sat Apr 23 2022,Boston Celtics,109,Brooklyn Nets,103
Sat Apr 23 2022,Memphis Grizzlies,118,Minnesota Timberwolves,119
Sun Apr 24 2022,Milwaukee Bucks,119,Chicago Bulls,95
Sun Apr 24 2022,Golden State Warriors,121,Denver Nuggets,126
Sun Apr 24 2022,Miami Heat,110,Atlanta Hawks,86
Sun Apr 24 2022,Phoenix Suns,103,New Orleans Pelicans,118
Mon Apr 25 2022,Boston Celtics,116,Brooklyn Nets,112
Mon Apr 25 2022,Toronto Raptors,103,Philadelphia 76ers,88
Mon Apr 25 2022,Utah Jazz,77,Dallas Mavericks,102
Tue Apr 26 2022,Atlanta Hawks,94,Miami Heat,97
Tue Apr 26 2022,Minnesota Timberwolves,109,Memphis Grizzlies,111
Tue Apr 26 2022,New Orleans Pelicans,97,Phoenix Suns,112
Wed Apr 27 2022,Chicago Bulls,100,Milwaukee Bucks,116
Wed Apr 27 2022,Denver Nuggets,98,Golden State Warriors,102
Thu Apr 28 2022,Philadelphia 76ers,132,Toronto Raptors,97
Thu Apr 28 2022,Phoenix Suns,115,New Orleans Pelicans,109
Thu Apr 28 2022,Dallas Mavericks,98,Utah Jazz,96
Fri Apr 29 2022,Memphis Grizzlies,114,Minnesota Timberwolves,106
Sun May 1 2022,Milwaukee Bucks,101,Boston Celtics,89
Sun May 1 2022,Golden State Warriors,117,Memphis Grizzlies,116
Mon May 2 2022,Philadelphia 76ers,92,Miami Heat,106
Mon May 2 2022,Dallas Mavericks,114,Phoenix Suns,121
Tue May 3 2022,Milwaukee Bucks,86,Boston Celtics,109
Tue May 3 2022,Golden State Warriors,101,Memphis Grizzlies,106
Wed May 4 2022,Philadelphia 76ers,103,Miami Heat,119
Wed May 4 2022,Dallas Mavericks,109,Phoenix Suns,129
Fri May 6 2022,Miami Heat,79,Philadelphia 76ers,99
Fri May 6 2022,Phoenix Suns,94,Dallas Mavericks,103
Sat May 7 2022,Boston Celtics,101,Milwaukee Bucks,103
Sat May 7 2022,Memphis Grizzlies,112,Golden State Warriors,142
Sun May 8 2022,Phoenix Suns,101,Dallas Mavericks,111
Sun May 8 2022,Miami Heat,108,Philadelphia 76ers,116
Mon May 9 2022,Boston Celtics,116,Milwaukee Bucks,108
Mon May 9 2022,Memphis Grizzlies,98,Golden State Warriors,101
Tue May 10 2022,Philadelphia 76ers,85,Miami Heat,120
Tue May 10 2022,Dallas Mavericks,80,Phoenix Suns,110
Wed May 11 2022,Milwaukee Bucks,110,Boston Celtics,107
Wed May 11 2022,Golden State Warriors,95,Memphis Grizzlies,134
Thu May 12 2022,Miami Heat,99,Philadelphia 76ers,90
Thu May 12 2022,Phoenix Suns,86,Dallas Mavericks,113
Fri May 13 2022,Boston Celtics,108,Milwaukee Bucks,95
Fri May 13 2022,Memphis Grizzlies,96,Golden State Warriors,110
Sun May 15 2022,Milwaukee Bucks,81,Boston Celtics,109
Sun May 15 2022,Dallas Mavericks,123,Phoenix Suns,90
Tue May 17 2022,Boston Celtics,107,Miami Heat,118
Wed May 18 2022,Dallas Mavericks,87,Golden State Warriors,112
Thu May 19 2022,Boston Celtics,127,Miami Heat,102
Fri May 20 2022,Dallas Mavericks,117,Golden State Warriors,126
Sat May 21 2022,Miami Heat,109,Boston Celtics,103
Sun May 22 2022,Golden State Warriors,109,Dallas Mavericks,100
Mon May 23 2022,Miami Heat,82,Boston Celtics,102
Tue May 24 2022,Golden State Warriors,109,Dallas Mavericks,119
Wed May 25 2022,Boston Celtics,93,Miami Heat,80
Thu May 26 2022,Dallas Mavericks,110,Golden State Warriors,120
Fri May 27 2022,Miami Heat,111,Boston Celtics,103
Sun May 29 2022,Boston Celtics,100,Miami Heat,96
Thu Jun 2 2022,Boston Celtics,120,Golden State Warriors,108
Sun Jun 5 2022,Boston Celtics,88,Golden State Warriors,107
Wed Jun 8 2022,Golden State Warriors,100,Boston Celtics,116
Fri Jun 10 2022,Golden State Warriors,107,Boston Celtics,97
Mon Jun 13 2022,Boston Celtics,94,Golden State Warriors,104
Thu Jun 16 2022,Golden State Warriors,103,Boston Celtics,90