Tue Oct 18 2022,7:30p,Philadelphia 76ers,117,Boston Celtics,126
Tue Oct 18 2022,10:00p,Los Angeles Lakers,109,Golden State Warriors,123
Wed Oct 19 2022,7:00p,Orlando Magic,109,Detroit Pistons,113
Wed Oct 19 2022,7:00p,Washington Wizards,114,Indiana Pacers,107
Wed Oct 19 2022,7:30p,Houston Rockets,107,Atlanta Hawks,117
Wed Oct 19 2022,7:30p,New Orleans Pelicans,130,Brooklyn Nets,108
Wed Oct 19 2022,7:30p,New York Knicks,112,Memphis Grizzlies,115
Wed Oct 19 2022,7:30p,Chicago Bulls,116,Miami Heat,108
Wed Oct 19 2022,7:30p,Cleveland Cavaliers,105,Toronto Raptors,108
Wed Oct 19 2022,8:00p,Oklahoma City Thunder,108,Minnesota Timberwolves,115
Wed Oct 19 2022,8:00p,Charlotte Hornets,129,San Antonio Spurs,102
Wed Oct 19 2022,9:00p,Denver Nuggets,102,Utah Jazz,123
Wed Oct 19 2022,10:00p,Dallas Mavericks,105,Phoenix Suns,107
Wed Oct 19 2022,10:00p,Portland Trail Blazers,115,Sacramento Kings,108
Thu Oct 20 2022,7:30p,Milwaukee Bucks,90,Philadelphia 76ers,88
Thu Oct 20 2022,10:00p,Los Angeles Clippers,103,Los Angeles Lakers,97
Fri Oct 21 2022,7:00p,New Orleans Pelicans,124,Charlotte Hornets,112
Fri Oct 21 2022,7:00p,San Antonio Spurs,137,Indiana Pacers,134
Fri Oct 21 2022,7:00p,Chicago Bulls,100,Washington Wizards,102
Fri Oct 21 2022,7:30p,Orlando Magic,98,Atlanta Hawks,108
Fri Oct 21 2022,7:30p,Toronto Raptors,105,Brooklyn Nets,109
Fri Oct 21 2022,7:30p,Boston Celtics,111,Miami Heat,104
Fri Oct 21 2022,7:30p,Detroit Pistons,106,New York Knicks,130
Fri Oct 21 2022,8:00p,Memphis Grizzlies,129,Houston Rockets,122
Fri Oct 21 2022,8:00p,Utah Jazz,132,Minnesota Timberwolves,126
Fri Oct 21 2022,10:00p,Denver Nuggets,128,Golden State Warriors,123
Fri Oct 21 2022,10:00p,Phoenix Suns,111,Portland Trail Blazers,113
Sat Oct 22 2022,6:00p,San Antonio Spurs,114,Philadelphia 76ers,105
Sat Oct 22 2022,7:00p,Detroit Pistons,115,Indiana Pacers,124
Sat Oct 22 2022,7:00p,Boston Celtics,126,Orlando Magic,120
Sat Oct 22 2022,8:00p,Cleveland Cavaliers,128,Chicago Bulls,96
Sat Oct 22 2022,8:00p,Toronto Raptors,109,Miami Heat,112
Sat Oct 22 2022,8:00p,Houston Rockets,105,Milwaukee Bucks,125
Sat Oct 22 2022,8:30p,Memphis Grizzlies,96,Dallas Mavericks,137
Sat Oct 22 2022,9:00p,Oklahoma City Thunder,117,Denver Nuggets,122
Sat Oct 22 2022,10:00p,Los Angeles Clippers,111,Sacramento Kings,109
Sun Oct 23 2022,3:30p,Portland Trail Blazers,106,Los Angeles Lakers,104
Sun Oct 23 2022,5:00p,Charlotte Hornets,126,Atlanta Hawks,109
Sun Oct 23 2022,7:00p,Washington Wizards,107,Cleveland Cavaliers,117
Sun Oct 23 2022,7:00p,Utah Jazz,122,New Orleans Pelicans,121
Sun Oct 23 2022,8:00p,Minnesota Timberwolves,116,Oklahoma City Thunder,106
Sun Oct 23 2022,8:30p,Sacramento Kings,125,Golden State Warriors,130
Sun Oct 23 2022,10:00p,Phoenix Suns,112,Los Angeles Clippers,95
Mon Oct 24 2022,7:00p,Indiana Pacers,106,Philadelphia 76ers,120
Mon Oct 24 2022,7:30p,Toronto Raptors,98,Miami Heat,90
Mon Oct 24 2022,7:30p,Orlando Magic,102,New York Knicks,115
Mon Oct 24 2022,8:00p,Boston Celtics,102,Chicago Bulls,120
Mon Oct 24 2022,8:00p,Utah Jazz,108,Houston Rockets,114
Mon Oct 24 2022,8:00p,Brooklyn Nets,124,Memphis Grizzlies,134
Mon Oct 24 2022,8:00p,San Antonio Spurs,115,Minnesota Timberwolves,106
Mon Oct 24 2022,10:00p,Denver Nuggets,110,Portland Trail Blazers,135
Tue Oct 25 2022,7:00p,Detroit Pistons,99,Washington Wizards,120
Tue Oct 25 2022,7:30p,Dallas Mavericks,111,New Orleans Pelicans,113
Tue Oct 25 2022,8:00p,Los Angeles Clippers,94,Oklahoma City Thunder,108
Tue Oct 25 2022,10:00p,Golden State Warriors,105,Phoenix Suns,134
Wed Oct 26 2022,7:00p,Orlando Magic,92,Cleveland Cavaliers,103
Wed Oct 26 2022,7:00p,Atlanta Hawks,118,Detroit Pistons,113
Wed Oct 26 2022,7:30p,Brooklyn Nets,99,Milwaukee Bucks,110
Wed Oct 26 2022,7:30p,Charlotte Hornets,131,New York Knicks,134
Wed Oct 26 2022,7:30p,Philadelphia 76ers,109,Toronto Raptors,119
Wed Oct 26 2022,8:00p,Indiana Pacers,109,Chicago Bulls,124
Wed Oct 26 2022,8:00p,San Antonio Spurs,122,Minnesota Timberwolves,134
Wed Oct 26 2022,9:00p,Houston Rockets,101,Utah Jazz,109
Wed Oct 26 2022,10:00p,Los Angeles Lakers,99,Denver Nuggets,110
Wed Oct 26 2022,10:00p,Miami Heat,119,Portland Trail Blazers,98
Thu Oct 27 2022,7:30p,Dallas Mavericks,129,Brooklyn Nets,125
Thu Oct 27 2022,8:00p,Los Angeles Clippers,110,Oklahoma City Thunder,118
Thu Oct 27 2022,10:00p,Miami Heat,110,Golden State Warriors,123
Thu Oct 27 2022,10:00p,Memphis Grizzlies,125,Sacramento Kings,110
Fri Oct 28 2022,7:00p,Atlanta Hawks,136,Detroit Pistons,112
Fri Oct 28 2022,7:00p,Charlotte Hornets,93,Orlando Magic,113
Fri Oct 28 2022,7:30p,Cleveland Cavaliers,132,Boston Celtics,123
Fri Oct 28 2022,7:30p,Philadelphia 76ers,112,Toronto Raptors,90
Fri Oct 28 2022,7:30p,Indiana Pacers,127,Washington Wizards,117
Fri Oct 28 2022,8:00p,New York Knicks,108,Milwaukee Bucks,119
Fri Oct 28 2022,8:00p,Los Angeles Lakers,102,Minnesota Timberwolves,111
Fri Oct 28 2022,8:30p,Chicago Bulls,124,San Antonio Spurs,129
Fri Oct 28 2022,9:00p,Utah Jazz,101,Denver Nuggets,117
Fri Oct 28 2022,10:00p,New Orleans Pelicans,111,Phoenix Suns,124
Fri Oct 28 2022,10:00p,Houston Rockets,111,Portland Trail Blazers,125
Sat Oct 29 2022,6:00p,Miami Heat,113,Sacramento Kings,119
Sat Oct 29 2022,7:00p,Golden State Warriors,113,Charlotte Hornets,120
Sat Oct 29 2022,7:30p,Indiana Pacers,125,Brooklyn Nets,116
Sat Oct 29 2022,8:00p,Philadelphia 76ers,114,Chicago Bulls,109
Sat Oct 29 2022,8:00p,Atlanta Hawks,115,Milwaukee Bucks,123
Sat Oct 29 2022,9:00p,Oklahoma City Thunder,117,Dallas Mavericks,111
Sat Oct 29 2022,9:00p,Memphis Grizzlies,123,Utah Jazz,124
Sun Oct 30 2022,3:00p,New Orleans Pelicans,112,Los Angeles Clippers,91
Sun Oct 30 2022,6:00p,Washington Wizards,94,Boston Celtics,112
Sun Oct 30 2022,6:00p,New York Knicks,108,Cleveland Cavaliers,121
Sun Oct 30 2022,6:00p,Golden State Warriors,114,Detroit Pistons,128
Sun Oct 30 2022,7:00p,Minnesota Timberwolves,98,San Antonio Spurs,107
Sun Oct 30 2022,7:30p,Orlando Magic,105,Dallas Mavericks,114
Sun Oct 30 2022,9:00p,Houston Rockets,109,Phoenix Suns,124
Sun Oct 30 2022,9:30p,Denver Nuggets,110,Los Angeles Lakers,121
Mon Oct 31 2022,7:00p,Sacramento Kings,115,Charlotte Hornets,108
Mon Oct 31 2022,7:00p,Philadelphia 76ers,118,Washington Wizards,111
Mon Oct 31 2022,7:30p,Indiana Pacers,109,Brooklyn Nets,116
Mon Oct 31 2022,7:30p,Atlanta Hawks,109,Toronto Raptors,139
Mon Oct 31 2022,8:00p,Detroit Pistons,108,Milwaukee Bucks,110
Mon Oct 31 2022,9:00p,Memphis Grizzlies,105,Utah Jazz,121
Mon Oct 31 2022,10:30p,Houston Rockets,93,Los Angeles Clippers,95
Tue Nov 1 2022,7:30p,Chicago Bulls,108,Brooklyn Nets,99
Tue Nov 1 2022,7:30p,Golden State Warriors,109,Miami Heat,116
Tue Nov 1 2022,8:00p,Orlando Magic,108,Oklahoma City Thunder,116
Tue Nov 1 2022,10:00p,Minnesota Timberwolves,107,Phoenix Suns,116
Wed Nov 2 2022,6:00p,Washington Wizards,121,Philadelphia 76ers,111
Wed Nov 2 2022,7:30p,Boston Celtics,113,Cleveland Cavaliers,114
Wed Nov 2 2022,7:30p,Sacramento Kings,107,Miami Heat,110
Wed Nov 2 2022,7:30p,Atlanta Hawks,112,New York Knicks,99
Wed Nov 2 2022,8:00p,Charlotte Hornets,88,Chicago Bulls,106
Wed Nov 2 2022,8:00p,Los Angeles Clippers,109,Houston Rockets,101
Wed Nov 2 2022,8:00p,Detroit Pistons,91,Milwaukee Bucks,116
Wed Nov 2 2022,8:00p,Toronto Raptors,143,San Antonio Spurs,100
Wed Nov 2 2022,8:30p,Utah Jazz,100,Dallas Mavericks,103
Wed Nov 2 2022,10:00p,Memphis Grizzlies,111,Portland Trail Blazers,106
Wed Nov 2 2022,10:30p,New Orleans Pelicans,117,Los Angeles Lakers,120
Thu Nov 3 2022,7:00p,Golden State Warriors,129,Orlando Magic,130
Thu Nov 3 2022,8:00p,Denver Nuggets,122,Oklahoma City Thunder,110
Fri Nov 4 2022,7:00p,Cleveland Cavaliers,112,Detroit Pistons,88
Fri Nov 4 2022,7:00p,Miami Heat,99,Indiana Pacers,101
Fri Nov 4 2022,7:00p,New York Knicks,106,Philadelphia 76ers,104
Fri Nov 4 2022,7:00p,Brooklyn Nets,128,Washington Wizards,86
Fri Nov 4 2022,7:30p,Chicago Bulls,119,Boston Celtics,123
Fri Nov 4 2022,8:00p,Charlotte Hornets,99,Memphis Grizzlies,130
Fri Nov 4 2022,8:00p,Los Angeles Clippers,113,San Antonio Spurs,106
Fri Nov 4 2022,8:30p,Toronto Raptors,110,Dallas Mavericks,111
Fri Nov 4 2022,8:30p,Golden State Warriors,105,New Orleans Pelicans,114
Fri Nov 4 2022,10:00p,Milwaukee Bucks,115,Minnesota Timberwolves,102
Fri Nov 4 2022,10:00p,Portland Trail Blazers,108,Phoenix Suns,106
Fri Nov 4 2022,10:30p,Utah Jazz,130,Los Angeles Lakers,116
Sat Nov 5 2022,5:00p,Sacramento Kings,126,Orlando Magic,123
Sat Nov 5 2022,7:00p,Brooklyn Nets,98,Charlotte Hornets,94
Sat Nov 5 2022,7:30p,New Orleans Pelicans,121,Atlanta Hawks,124
Sat Nov 5 2022,7:30p,Boston Celtics,133,New York Knicks,118
Sat Nov 5 2022,8:00p,Oklahoma City Thunder,94,Milwaukee Bucks,108
Sat Nov 5 2022,8:00p,Houston Rockets,117,Minnesota Timberwolves,129
Sat Nov 5 2022,9:00p,San Antonio Spurs,101,Denver Nuggets,126
Sat Nov 5 2022,10:00p,Portland Trail Blazers,82,Phoenix Suns,102
Sun Nov 6 2022,3:30p,Cleveland Cavaliers,114,Los Angeles Lakers,100
Sun Nov 6 2022,6:00p,Washington Wizards,97,Memphis Grizzlies,103
Sun Nov 6 2022,6:00p,Chicago Bulls,104,Toronto Raptors,113
Sun Nov 6 2022,10:00p,Utah Jazz,110,Los Angeles Clippers,102
Mon Nov 7 2022,7:00p,Washington Wizards,108,Charlotte Hornets,100
Mon Nov 7 2022,7:15p,Houston Rockets,134,Orlando Magic,127
Mon Nov 7 2022,7:30p,Oklahoma City Thunder,103,Detroit Pistons,112
Mon Nov 7 2022,7:45p,New Orleans Pelicans,122,Indiana Pacers,129
Mon Nov 7 2022,8:00p,Phoenix Suns,88,Philadelphia 76ers,100
Mon Nov 7 2022,8:15p,Milwaukee Bucks,98,Atlanta Hawks,117
Mon Nov 7 2022,8:30p,Portland Trail Blazers,110,Miami Heat,107
Mon Nov 7 2022,8:45p,Toronto Raptors,97,Chicago Bulls,111
Mon Nov 7 2022,9:00p,Boston Celtics,109,Memphis Grizzlies,106
Mon Nov 7 2022,9:15p,New York Knicks,120,Minnesota Timberwolves,107
Mon Nov 7 2022,9:30p,Denver Nuggets,115,San Antonio Spurs,109
Mon Nov 7 2022,9:45p,Brooklyn Nets,94,Dallas Mavericks,96
Mon Nov 7 2022,10:00p,Sacramento Kings,113,Golden State Warriors,116
Mon Nov 7 2022,10:15p,Los Angeles Lakers,116,Utah Jazz,139
Mon Nov 7 2022,10:30p,Cleveland Cavaliers,117,Los Angeles Clippers,119
Wed Nov 9 2022,5:30p,Dallas Mavericks,87,Orlando Magic,94
Wed Nov 9 2022,7:00p,Portland Trail Blazers,105,Charlotte Hornets,95
Wed Nov 9 2022,7:00p,Denver Nuggets,122,Indiana Pacers,119
Wed Nov 9 2022,7:30p,Utah Jazz,125,Atlanta Hawks,119
Wed Nov 9 2022,7:30p,Detroit Pistons,112,Boston Celtics,128
Wed Nov 9 2022,7:30p,New York Knicks,85,Brooklyn Nets,112
Wed Nov 9 2022,7:30p,Houston Rockets,109,Toronto Raptors,116
Wed Nov 9 2022,8:00p,New Orleans Pelicans,115,Chicago Bulls,111
Wed Nov 9 2022,8:00p,Phoenix Suns,129,Minnesota Timberwolves,117
Wed Nov 9 2022,8:00p,Milwaukee Bucks,136,Oklahoma City Thunder,132
Wed Nov 9 2022,8:00p,Memphis Grizzlies,124,San Antonio Spurs,122
Wed Nov 9 2022,10:00p,Los Angeles Lakers,101,Los Angeles Clippers,114
Wed Nov 9 2022,10:00p,Cleveland Cavaliers,120,Sacramento Kings,127
Thu Nov 10 2022,7:00p,Dallas Mavericks,105,Washington Wizards,113
Thu Nov 10 2022,7:30p,Philadelphia 76ers,95,Atlanta Hawks,104
Thu Nov 10 2022,7:30p,Charlotte Hornets,112,Miami Heat,117
Thu Nov 10 2022,8:00p,Portland Trail Blazers,106,New Orleans Pelicans,95
Fri Nov 11 2022,7:00p,Denver Nuggets,112,Boston Celtics,131
Fri Nov 11 2022,7:00p,Phoenix Suns,97,Orlando Magic,114
Fri Nov 11 2022,7:30p,Detroit Pistons,112,New York Knicks,121
Fri Nov 11 2022,8:00p,Toronto Raptors,113,Oklahoma City Thunder,132
Fri Nov 11 2022,8:00p,Milwaukee Bucks,93,San Antonio Spurs,111
Fri Nov 11 2022,9:30p,Minnesota Timberwolves,103,Memphis Grizzlies,114
Fri Nov 11 2022,10:00p,Cleveland Cavaliers,101,Golden State Warriors,106
Fri Nov 11 2022,10:30p,Sacramento Kings,120,Los Angeles Lakers,114
Sat Nov 12 2022,4:00p,Brooklyn Nets,110,Los Angeles Clippers,95
Sat Nov 12 2022,6:00p,Utah Jazz,112,Washington Wizards,121
Sat Nov 12 2022,7:00p,Boston Celtics,117,Detroit Pistons,108
Sat Nov 12 2022,7:00p,Toronto Raptors,104,Indiana Pacers,118
Sat Nov 12 2022,7:30p,Atlanta Hawks,109,Philadelphia 76ers,121
Sat Nov 12 2022,8:00p,Charlotte Hornets,115,Miami Heat,132
Sat Nov 12 2022,8:30p,Portland Trail Blazers,112,Dallas Mavericks,117
Sat Nov 12 2022,8:30p,Houston Rockets,106,New Orleans Pelicans,119
Sun Nov 13 2022,12:00p,Oklahoma City Thunder,145,New York Knicks,135
Sun Nov 13 2022,6:00p,Minnesota Timberwolves,129,Cleveland Cavaliers,124
Sun Nov 13 2022,6:00p,Memphis Grizzlies,92,Washington Wizards,102
Sun Nov 13 2022,7:30p,Utah Jazz,98,Philadelphia 76ers,105
Sun Nov 13 2022,8:00p,Denver Nuggets,126,Chicago Bulls,103
Sun Nov 13 2022,9:00p,Golden State Warriors,115,Sacramento Kings,122
Sun Nov 13 2022,9:30p,Brooklyn Nets,103,Los Angeles Lakers,116
Mon Nov 14 2022,7:00p,Toronto Raptors,115,Detroit Pistons,111
Mon Nov 14 2022,7:00p,Charlotte Hornets,112,Orlando Magic,105
Mon Nov 14 2022,7:30p,Oklahoma City Thunder,122,Boston Celtics,126
Mon Nov 14 2022,7:30p,Phoenix Suns,112,Miami Heat,113
Mon Nov 14 2022,8:00p,Los Angeles Clippers,122,Houston Rockets,106
Mon Nov 14 2022,8:00p,Atlanta Hawks,121,Milwaukee Bucks,106
Mon Nov 14 2022,10:00p,San Antonio Spurs,95,Golden State Warriors,132
Tue Nov 15 2022,7:30p,Memphis Grizzlies,102,New Orleans Pelicans,113
Tue Nov 15 2022,8:30p,Los Angeles Clippers,101,Dallas Mavericks,103
Tue Nov 15 2022,9:00p,New York Knicks,118,Utah Jazz,111
Tue Nov 15 2022,10:00p,San Antonio Spurs,110,Portland Trail Blazers,117
Tue Nov 15 2022,10:00p,Brooklyn Nets,121,Sacramento Kings,153
Wed Nov 16 2022,7:00p,Indiana Pacers,125,Charlotte Hornets,113
Wed Nov 16 2022,7:00p,Minnesota Timberwolves,126,Orlando Magic,108
Wed Nov 16 2022,7:00p,Oklahoma City Thunder,121,Washington Wizards,120
Wed Nov 16 2022,7:30p,Boston Celtics,126,Atlanta Hawks,101
Wed Nov 16 2022,7:30p,Miami Heat,104,Toronto Raptors,112
Wed Nov 16 2022,8:00p,Cleveland Cavaliers,98,Milwaukee Bucks,113
Wed Nov 16 2022,8:00p,Chicago Bulls,110,New Orleans Pelicans,124
Wed Nov 16 2022,8:30p,Houston Rockets,101,Dallas Mavericks,92
Wed Nov 16 2022,10:00p,New York Knicks,106,Denver Nuggets,103
Wed Nov 16 2022,10:00p,Golden State Warriors,119,Phoenix Suns,130
Thu Nov 17 2022,10:00p,Brooklyn Nets,109,Portland Trail Blazers,107
Thu Nov 17 2022,10:00p,San Antonio Spurs,112,Sacramento Kings,130
Thu Nov 17 2022,10:30p,Detroit Pistons,91,Los Angeles Clippers,96
Fri Nov 18 2022,7:00p,Miami Heat,106,Washington Wizards,107
Fri Nov 18 2022,7:30p,Charlotte Hornets,122,Cleveland Cavaliers,132
Fri Nov 18 2022,7:30p,Milwaukee Bucks,102,Philadelphia 76ers,110
Fri Nov 18 2022,8:00p,Orlando Magic,108,Chicago Bulls,107
Fri Nov 18 2022,8:00p,Indiana Pacers,99,Houston Rockets,91
Fri Nov 18 2022,8:00p,Oklahoma City Thunder,110,Memphis Grizzlies,121
Fri Nov 18 2022,8:30p,Denver Nuggets,99,Dallas Mavericks,127
Fri Nov 18 2022,8:30p,Boston Celtics,117,New Orleans Pelicans,109
Fri Nov 18 2022,9:00p,Phoenix Suns,133,Utah Jazz,134
Fri Nov 18 2022,10:00p,New York Knicks,101,Golden State Warriors,111
Fri Nov 18 2022,10:30p,Detroit Pistons,121,Los Angeles Lakers,128
Sat Nov 19 2022,6:00p,Toronto Raptors,122,Atlanta Hawks,124
Sat Nov 19 2022,7:00p,Orlando Magic,113,Indiana Pacers,114
Sat Nov 19 2022,7:30p,Minnesota Timberwolves,112,Philadelphia 76ers,109
Sat Nov 19 2022,10:00p,Utah Jazz,118,Portland Trail Blazers,113
Sat Nov 19 2022,10:30p,San Antonio Spurs,97,Los Angeles Clippers,119
Sun Nov 20 2022,3:30p,New York Knicks,95,Phoenix Suns,116
Sun Nov 20 2022,6:00p,Detroit Pistons,129,Sacramento Kings,137
Sun Nov 20 2022,6:00p,Charlotte Hornets,102,Washington Wizards,106
Sun Nov 20 2022,7:00p,Memphis Grizzlies,115,Brooklyn Nets,127
Sun Nov 20 2022,7:00p,Miami Heat,87,Cleveland Cavaliers,113
Sun Nov 20 2022,7:00p,Golden State Warriors,127,Houston Rockets,120
Sun Nov 20 2022,7:30p,Denver Nuggets,98,Dallas Mavericks,97
Sun Nov 20 2022,9:30p,San Antonio Spurs,92,Los Angeles Lakers,123
Mon Nov 21 2022,7:00p,Atlanta Hawks,102,Cleveland Cavaliers,114
Mon Nov 21 2022,7:00p,Orlando Magic,102,Indiana Pacers,123
Mon Nov 21 2022,8:00p,Boston Celtics,107,Chicago Bulls,121
Mon Nov 21 2022,8:00p,Portland Trail Blazers,111,Milwaukee Bucks,119
Mon Nov 21 2022,8:00p,Miami Heat,101,Minnesota Timberwolves,105
Mon Nov 21 2022,8:00p,Golden State Warriors,83,New Orleans Pelicans,128
Mon Nov 21 2022,8:00p,New York Knicks,129,Oklahoma City Thunder,119
Mon Nov 21 2022,10:30p,Utah Jazz,114,Los Angeles Clippers,121
Tue Nov 22 2022,7:30p,Brooklyn Nets,106,Philadelphia 76ers,115
Tue Nov 22 2022,8:00p,Sacramento Kings,113,Memphis Grizzlies,109
Tue Nov 22 2022,9:00p,Detroit Pistons,110,Denver Nuggets,108
Tue Nov 22 2022,10:00p,Los Angeles Lakers,105,Phoenix Suns,115
Wed Nov 23 2022,7:00p,Philadelphia 76ers,101,Charlotte Hornets,107
Wed Nov 23 2022,7:00p,Portland Trail Blazers,96,Cleveland Cavaliers,114
Wed Nov 23 2022,7:00p,Minnesota Timberwolves,115,Indiana Pacers,101
Wed Nov 23 2022,7:30p,Sacramento Kings,106,Atlanta Hawks,115
Wed Nov 23 2022,7:30p,Dallas Mavericks,112,Boston Celtics,125
Wed Nov 23 2022,7:30p,Washington Wizards,105,Miami Heat,113
Wed Nov 23 2022,7:30p,Brooklyn Nets,112,Toronto Raptors,98
Wed Nov 23 2022,8:00p,Chicago Bulls,118,Milwaukee Bucks,113
Wed Nov 23 2022,8:00p,Denver Nuggets,131,Oklahoma City Thunder,126
Wed Nov 23 2022,8:00p,New Orleans Pelicans,129,San Antonio Spurs,110
Wed Nov 23 2022,9:00p,Detroit Pistons,125,Utah Jazz,116
Wed Nov 23 2022,10:00p,Los Angeles Clippers,107,Golden State Warriors,124
Fri Nov 25 2022,5:00p,Minnesota Timberwolves,108,Charlotte Hornets,110
Fri Nov 25 2022,7:00p,Philadelphia 76ers,107,Orlando Magic,99
Fri Nov 25 2022,7:30p,Portland Trail Blazers,132,New York Knicks,129
Fri Nov 25 2022,8:00p,Sacramento Kings,104,Boston Celtics,122
Fri Nov 25 2022,8:00p,Atlanta Hawks,122,Houston Rockets,128
Fri Nov 25 2022,8:00p,Brooklyn Nets,117,Indiana Pacers,128
Fri Nov 25 2022,8:00p,New Orleans Pelicans,111,Memphis Grizzlies,132
Fri Nov 25 2022,8:00p,Washington Wizards,107,Miami Heat,110
Fri Nov 25 2022,8:00p,Cleveland Cavaliers,102,Milwaukee Bucks,117
Fri Nov 25 2022,8:00p,Chicago Bulls,119,Oklahoma City Thunder,123
Fri Nov 25 2022,8:00p,Los Angeles Lakers,105,San Antonio Spurs,94
Fri Nov 25 2022,9:00p,Detroit Pistons,102,Phoenix Suns,108
Fri Nov 25 2022,10:00p,Utah Jazz,118,Golden State Warriors,129
Fri Nov 25 2022,10:30p,Denver Nuggets,114,Los Angeles Clippers,104
Sat Nov 26 2022,5:00p,Dallas Mavericks,100,Toronto Raptors,105
Sat Nov 26 2022,8:00p,Oklahoma City Thunder,105,Houston Rockets,118
Sat Nov 26 2022,8:00p,Los Angeles Lakers,143,San Antonio Spurs,138
Sat Nov 26 2022,9:00p,Utah Jazz,112,Phoenix Suns,113
Sun Nov 27 2022,3:00p,Portland Trail Blazers,97,Brooklyn Nets,111
Sun Nov 27 2022,3:30p,Golden State Warriors,137,Minnesota Timberwolves,114
Sun Nov 27 2022,4:00p,Indiana Pacers,100,Los Angeles Clippers,114
Sun Nov 27 2022,5:00p,Miami Heat,106,Atlanta Hawks,98
Sun Nov 27 2022,6:00p,Washington Wizards,121,Boston Celtics,130
Sun Nov 27 2022,6:00p,Cleveland Cavaliers,102,Detroit Pistons,94
Sun Nov 27 2022,6:00p,Memphis Grizzlies,127,New York Knicks,123
Sun Nov 27 2022,6:00p,Philadelphia 76ers,133,Orlando Magic,103
Sun Nov 27 2022,8:00p,Dallas Mavericks,115,Milwaukee Bucks,124
Mon Nov 28 2022,7:00p,Atlanta Hawks,101,Philadelphia 76ers,104
Mon Nov 28 2022,7:00p,Minnesota Timberwolves,127,Washington Wizards,142
Mon Nov 28 2022,7:30p,Charlotte Hornets,105,Boston Celtics,140
Mon Nov 28 2022,7:30p,Orlando Magic,102,Brooklyn Nets,109
Mon Nov 28 2022,7:30p,Cleveland Cavaliers,88,Toronto Raptors,100
Mon Nov 28 2022,8:00p,Oklahoma City Thunder,101,New Orleans Pelicans,105
Mon Nov 28 2022,9:00p,Houston Rockets,113,Denver Nuggets,129
Mon Nov 28 2022,9:00p,Chicago Bulls,114,Utah Jazz,107
Mon Nov 28 2022,10:00p,Phoenix Suns,122,Sacramento Kings,117
Mon Nov 28 2022,10:30p,Indiana Pacers,116,Los Angeles Lakers,115
Tue Nov 29 2022,7:00p,New York Knicks,140,Detroit Pistons,110
Tue Nov 29 2022,7:30p,Golden State Warriors,113,Dallas Mavericks,116
Tue Nov 29 2022,10:00p,Los Angeles Clippers,118,Portland Trail Blazers,112
Wed Nov 30 2022,7:00p,Philadelphia 76ers,85,Cleveland Cavaliers,113
Wed Nov 30 2022,7:00p,Atlanta Hawks,125,Orlando Magic,108
Wed Nov 30 2022,7:30p,Miami Heat,121,Boston Celtics,134
Wed Nov 30 2022,7:30p,Washington Wizards,107,Brooklyn Nets,113
Wed Nov 30 2022,7:30p,Milwaukee Bucks,109,New York Knicks,103
Wed Nov 30 2022,8:00p,Memphis Grizzlies,101,Minnesota Timberwolves,109
Wed Nov 30 2022,8:00p,Toronto Raptors,108,New Orleans Pelicans,126
Wed Nov 30 2022,8:00p,San Antonio Spurs,111,Oklahoma City Thunder,119
Wed Nov 30 2022,9:00p,Houston Rockets,100,Denver Nuggets,120
Wed Nov 30 2022,9:00p,Chicago Bulls,113,Phoenix Suns,132
Wed Nov 30 2022,9:00p,Los Angeles Clippers,112,Utah Jazz,125
Wed Nov 30 2022,10:00p,Indiana Pacers,114,Sacramento Kings,137
Wed Nov 30 2022,10:30p,Portland Trail Blazers,109,Los Angeles Lakers,128
Thu Dec 1 2022,7:00p,Dallas Mavericks,125,Detroit Pistons,131
Fri Dec 2 2022,7:00p,Washington Wizards,116,Charlotte Hornets,117
Fri Dec 2 2022,7:30p,Denver Nuggets,109,Atlanta Hawks,117
Fri Dec 2 2022,7:30p,Miami Heat,120,Boston Celtics,116
Fri Dec 2 2022,7:30p,Toronto Raptors,105,Brooklyn Nets,114
Fri Dec 2 2022,7:30p,Orlando Magic,96,Cleveland Cavaliers,107
Fri Dec 2 2022,7:30p,Los Angeles Lakers,133,Milwaukee Bucks,129
Fri Dec 2 2022,8:00p,Philadelphia 76ers,109,Memphis Grizzlies,117
Fri Dec 2 2022,8:00p,New Orleans Pelicans,117,San Antonio Spurs,99
Fri Dec 2 2022,9:00p,Houston Rockets,122,Phoenix Suns,121
Fri Dec 2 2022,9:00p,Indiana Pacers,119,Utah Jazz,139
Fri Dec 2 2022,10:00p,Chicago Bulls,111,Golden State Warriors,119
Sat Dec 3 2022,12:30p,Dallas Mavericks,121,New York Knicks,100
Sat Dec 3 2022,4:00p,Sacramento Kings,123,Los Angeles Clippers,96
Sat Dec 3 2022,6:00p,Milwaukee Bucks,105,Charlotte Hornets,96
Sat Dec 3 2022,8:00p,Oklahoma City Thunder,135,Minnesota Timberwolves,128
Sat Dec 3 2022,8:00p,Orlando Magic,108,Toronto Raptors,121
Sat Dec 3 2022,8:30p,Houston Rockets,101,Golden State Warriors,120
Sat Dec 3 2022,9:00p,Portland Trail Blazers,116,Utah Jazz,111
Sun Dec 4 2022,3:30p,Denver Nuggets,106,New Orleans Pelicans,121
Sun Dec 4 2022,4:00p,Phoenix Suns,133,San Antonio Spurs,95
Sun Dec 4 2022,6:00p,Boston Celtics,103,Brooklyn Nets,92
Sun Dec 4 2022,6:00p,Memphis Grizzlies,122,Detroit Pistons,112
Sun Dec 4 2022,6:00p,Cleveland Cavaliers,81,New York Knicks,92
Sun Dec 4 2022,6:00p,Chicago Bulls,101,Sacramento Kings,110
Sun Dec 4 2022,6:00p,Los Angeles Lakers,130,Washington Wizards,119
Sun Dec 4 2022,9:00p,Indiana Pacers,100,Portland Trail Blazers,116
Mon Dec 5 2022,7:00p,Los Angeles Clippers,119,Charlotte Hornets,117
Mon Dec 5 2022,7:00p,Milwaukee Bucks,109,Orlando Magic,102
Mon Dec 5 2022,7:30p,Oklahoma City Thunder,121,Atlanta Hawks,114
Mon Dec 5 2022,7:30p,Boston Celtics,116,Toronto Raptors,110
Mon Dec 5 2022,8:00p,Philadelphia 76ers,123,Houston Rockets,132
Mon Dec 5 2022,8:00p,Miami Heat,93,Memphis Grizzlies,101
Mon Dec 5 2022,8:30p,Phoenix Suns,111,Dallas Mavericks,130
Mon Dec 5 2022,10:00p,Indiana Pacers,112,Golden State Warriors,104
Tue Dec 6 2022,7:30p,Los Angeles Lakers,102,Cleveland Cavaliers,116
Tue Dec 6 2022,7:30p,Detroit Pistons,116,Miami Heat,96
Tue Dec 6 2022,10:00p,Dallas Mavericks,116,Denver Nuggets,115
Wed Dec 7 2022,7:00p,Los Angeles Clippers,111,Orlando Magic,116
Wed Dec 7 2022,7:30p,Charlotte Hornets,116,Brooklyn Nets,122
Wed Dec 7 2022,7:30p,Atlanta Hawks,89,New York Knicks,113
Wed Dec 7 2022,7:30p,Los Angeles Lakers,113,Toronto Raptors,126
Wed Dec 7 2022,8:00p,Washington Wizards,111,Chicago Bulls,115
Wed Dec 7 2022,8:00p,Oklahoma City Thunder,102,Memphis Grizzlies,123
Wed Dec 7 2022,8:00p,Sacramento Kings,113,Milwaukee Bucks,126
Wed Dec 7 2022,8:00p,Indiana Pacers,115,Minnesota Timberwolves,121
Wed Dec 7 2022,8:00p,Detroit Pistons,98,New Orleans Pelicans,104
Wed Dec 7 2022,9:00p,Golden State Warriors,123,Utah Jazz,124
Wed Dec 7 2022,10:00p,Boston Celtics,125,Phoenix Suns,98
Thu Dec 8 2022,7:30p,Los Angeles Clippers,110,Miami Heat,115
Thu Dec 8 2022,8:30p,Houston Rockets,109,San Antonio Spurs,118
Thu Dec 8 2022,10:00p,Denver Nuggets,121,Portland Trail Blazers,120
Fri Dec 9 2022,7:00p,New York Knicks,121,Charlotte Hornets,102
Fri Dec 9 2022,7:00p,Washington Wizards,111,Indiana Pacers,121
Fri Dec 9 2022,7:00p,Toronto Raptors,109,Orlando Magic,113
Fri Dec 9 2022,7:30p,Atlanta Hawks,116,Brooklyn Nets,120
Fri Dec 9 2022,7:30p,Sacramento Kings,106,Cleveland Cavaliers,95
Fri Dec 9 2022,7:30p,Los Angeles Lakers,122,Philadelphia 76ers,133
Fri Dec 9 2022,8:00p,Detroit Pistons,103,Memphis Grizzlies,114
Fri Dec 9 2022,8:30p,Phoenix Suns,117,New Orleans Pelicans,128
Fri Dec 9 2022,9:00p,Minnesota Timberwolves,118,Utah Jazz,108
Fri Dec 9 2022,10:00p,Milwaukee Bucks,106,Dallas Mavericks,105
Sat Dec 10 2022,5:00p,San Antonio Spurs,115,Miami Heat,111
Sat Dec 10 2022,7:00p,Brooklyn Nets,136,Indiana Pacers,133
Sat Dec 10 2022,7:00p,Los Angeles Clippers,114,Washington Wizards,107
Sat Dec 10 2022,7:30p,Oklahoma City Thunder,102,Cleveland Cavaliers,110
Sat Dec 10 2022,8:00p,Dallas Mavericks,115,Chicago Bulls,144
Sat Dec 10 2022,8:30p,Boston Celtics,107,Golden State Warriors,123
Sat Dec 10 2022,9:00p,Utah Jazz,110,Denver Nuggets,115
Sat Dec 10 2022,10:00p,Minnesota Timberwolves,118,Portland Trail Blazers,124
Sun Dec 11 2022,3:30p,Phoenix Suns,124,New Orleans Pelicans,129
Sun Dec 11 2022,6:00p,Los Angeles Lakers,124,Detroit Pistons,117
Sun Dec 11 2022,6:00p,Sacramento Kings,99,New York Knicks,112
Sun Dec 11 2022,6:00p,Toronto Raptors,99,Orlando Magic,111
Sun Dec 11 2022,6:00p,Charlotte Hornets,113,Philadelphia 76ers,131
Sun Dec 11 2022,6:30p,Chicago Bulls,122,Atlanta Hawks,123
Sun Dec 11 2022,7:00p,Milwaukee Bucks,92,Houston Rockets,97
Mon Dec 12 2022,7:00p,Miami Heat,87,Indiana Pacers,82
Mon Dec 12 2022,7:00p,Brooklyn Nets,112,Washington Wizards,100
Mon Dec 12 2022,8:00p,Atlanta Hawks,103,Memphis Grizzlies,128
Mon Dec 12 2022,8:30p,Oklahoma City Thunder,114,Dallas Mavericks,121
Mon Dec 12 2022,8:30p,Cleveland Cavaliers,111,San Antonio Spurs,112
Mon Dec 12 2022,10:00p,Minnesota Timberwolves,112,Portland Trail Blazers,133
Mon Dec 12 2022,10:30p,Boston Celtics,93,Los Angeles Clippers,113
Tue Dec 13 2022,7:00p,Sacramento Kings,103,Philadelphia 76ers,123
Tue Dec 13 2022,7:30p,Golden State Warriors,111,Milwaukee Bucks,128
Tue Dec 13 2022,8:00p,Phoenix Suns,97,Houston Rockets,111
Tue Dec 13 2022,9:00p,New Orleans Pelicans,100,Utah Jazz,121
Tue Dec 13 2022,10:00p,Boston Celtics,122,Los Angeles Lakers,118
Wed Dec 14 2022,7:00p,Detroit Pistons,141,Charlotte Hornets,134
Wed Dec 14 2022,7:00p,Golden State Warriors,119,Indiana Pacers,125
Wed Dec 14 2022,7:00p,Atlanta Hawks,124,Orlando Magic,135
Wed Dec 14 2022,7:30p,New York Knicks,128,Chicago Bulls,120
Wed Dec 14 2022,7:30p,Sacramento Kings,124,Toronto Raptors,123
Wed Dec 14 2022,8:00p,Miami Heat,110,Oklahoma City Thunder,108
Wed Dec 14 2022,8:00p,Portland Trail Blazers,128,San Antonio Spurs,112
Wed Dec 14 2022,9:00p,Cleveland Cavaliers,105,Dallas Mavericks,90
Wed Dec 14 2022,9:00p,Washington Wizards,128,Denver Nuggets,141
Wed Dec 14 2022,10:00p,Minnesota Timberwolves,88,Los Angeles Clippers,99
Thu Dec 15 2022,8:00p,Miami Heat,111,Houston Rockets,108
Thu Dec 15 2022,8:00p,Milwaukee Bucks,101,Memphis Grizzlies,142
Thu Dec 15 2022,9:00p,New Orleans Pelicans,129,Utah Jazz,132
Thu Dec 15 2022,10:30p,Phoenix Suns,111,Los Angeles Clippers,95
Fri Dec 16 2022,7:00p,Atlanta Hawks,125,Charlotte Hornets,106
Fri Dec 16 2022,7:00p,Sacramento Kings,122,Detroit Pistons,113
Fri Dec 16 2022,7:30p,Orlando Magic,117,Boston Celtics,109
Fri Dec 16 2022,7:30p,Indiana Pacers,112,Cleveland Cavaliers,118
Fri Dec 16 2022,7:30p,Golden State Warriors,106,Philadelphia 76ers,118
Fri Dec 16 2022,7:30p,Brooklyn Nets,119,Toronto Raptors,116
Fri Dec 16 2022,8:00p,New York Knicks,114,Chicago Bulls,91
Fri Dec 16 2022,8:00p,Minnesota Timberwolves,112,Oklahoma City Thunder,110
Fri Dec 16 2022,8:30p,Portland Trail Blazers,110,Dallas Mavericks,130
Fri Dec 16 2022,10:00p,Denver Nuggets,108,Los Angeles Lakers,126
Sat Dec 17 2022,4:00p,Washington Wizards,93,Los Angeles Clippers,102
Sat Dec 17 2022,5:00p,Miami Heat,111,San Antonio Spurs,101
Sat Dec 17 2022,8:00p,Dallas Mavericks,99,Cleveland Cavaliers,100
Sat Dec 17 2022,8:00p,Portland Trail Blazers,107,Houston Rockets,95
Sat Dec 17 2022,8:00p,Utah Jazz,97,Milwaukee Bucks,123
Sat Dec 17 2022,8:00p,Memphis Grizzlies,109,Oklahoma City Thunder,115
Sat Dec 17 2022,9:00p,New Orleans Pelicans,114,Phoenix Suns,118
Sun Dec 18 2022,3:00p,Orlando Magic,95,Boston Celtics,92
Sun Dec 18 2022,5:00p,New York Knicks,109,Indiana Pacers,106
Sun Dec 18 2022,6:00p,Brooklyn Nets,124,Detroit Pistons,121
Sun Dec 18 2022,6:00p,Golden State Warriors,126,Toronto Raptors,110
Sun Dec 18 2022,7:00p,Chicago Bulls,126,Minnesota Timberwolves,150
Sun Dec 18 2022,8:00p,Charlotte Hornets,115,Denver Nuggets,119
Sun Dec 18 2022,9:30p,Washington Wizards,117,Los Angeles Lakers,119
Mon Dec 19 2022,7:00p,Utah Jazz,99,Cleveland Cavaliers,122
Mon Dec 19 2022,7:00p,Toronto Raptors,101,Philadelphia 76ers,104
Mon Dec 19 2022,7:30p,Orlando Magic,125,Atlanta Hawks,126
Mon Dec 19 2022,8:00p,San Antonio Spurs,124,Houston Rockets,105
Mon Dec 19 2022,8:00p,Dallas Mavericks,106,Minnesota Timberwolves,116
Mon Dec 19 2022,8:00p,Milwaukee Bucks,128,New Orleans Pelicans,119
Mon Dec 19 2022,8:00p,Portland Trail Blazers,121,Oklahoma City Thunder,123
Mon Dec 19 2022,9:00p,Los Angeles Lakers,104,Phoenix Suns,130
Mon Dec 19 2022,10:00p,Charlotte Hornets,125,Sacramento Kings,119
Tue Dec 20 2022,7:00p,Utah Jazz,126,Detroit Pistons,111
Tue Dec 20 2022,7:30p,Chicago Bulls,113,Miami Heat,103
Tue Dec 20 2022,7:30p,Golden State Warriors,94,New York Knicks,132
Tue Dec 20 2022,9:00p,Washington Wizards,113,Phoenix Suns,110
Tue Dec 20 2022,10:00p,Memphis Grizzlies,91,Denver Nuggets,105
Wed Dec 21 2022,7:00p,Milwaukee Bucks,106,Cleveland Cavaliers,114
Wed Dec 21 2022,7:00p,Detroit Pistons,93,Philadelphia 76ers,113
Wed Dec 21 2022,7:30p,Chicago Bulls,110,Atlanta Hawks,108
Wed Dec 21 2022,7:30p,Indiana Pacers,117,Boston Celtics,112
Wed Dec 21 2022,7:30p,Golden State Warriors,113,Brooklyn Nets,143
Wed Dec 21 2022,7:30p,Toronto Raptors,113,New York Knicks,106
Wed Dec 21 2022,8:00p,Orlando Magic,116,Houston Rockets,110
Wed Dec 21 2022,8:00p,Dallas Mavericks,104,Minnesota Timberwolves,99
Wed Dec 21 2022,8:00p,Portland Trail Blazers,98,Oklahoma City Thunder,101
Wed Dec 21 2022,10:00p,Los Angeles Lakers,120,Sacramento Kings,134
Wed Dec 21 2022,10:30p,Charlotte Hornets,105,Los Angeles Clippers,126
Thu Dec 22 2022,8:00p,San Antonio Spurs,117,New Orleans Pelicans,126
Thu Dec 22 2022,9:00p,Washington Wizards,112,Utah Jazz,120
Fri Dec 23 2022,7:00p,San Antonio Spurs,113,Orlando Magic,133
Fri Dec 23 2022,7:00p,Los Angeles Clippers,114,Philadelphia 76ers,119
Fri Dec 23 2022,7:30p,Detroit Pistons,105,Atlanta Hawks,130
Fri Dec 23 2022,7:30p,Minnesota Timberwolves,109,Boston Celtics,121
Fri Dec 23 2022,7:30p,Milwaukee Bucks,100,Brooklyn Nets,118
Fri Dec 23 2022,7:30p,Toronto Raptors,118,Cleveland Cavaliers,107
Fri Dec 23 2022,7:30p,Chicago Bulls,118,New York Knicks,117
Fri Dec 23 2022,8:00p,Dallas Mavericks,112,Houston Rockets,106
Fri Dec 23 2022,8:00p,Indiana Pacers,111,Miami Heat,108
Fri Dec 23 2022,8:00p,New Orleans Pelicans,128,Oklahoma City Thunder,125
Fri Dec 23 2022,9:00p,Portland Trail Blazers,107,Denver Nuggets,120
Fri Dec 23 2022,10:00p,Memphis Grizzlies,125,Phoenix Suns,100
Fri Dec 23 2022,10:00p,Washington Wizards,125,Sacramento Kings,111
Fri Dec 23 2022,10:30p,Charlotte Hornets,134,Los Angeles Lakers,130
Sun Dec 25 2022,12:00p,Philadelphia 76ers,119,New York Knicks,112
Sun Dec 25 2022,2:30p,Los Angeles Lakers,115,Dallas Mavericks,124
Sun Dec 25 2022,5:00p,Milwaukee Bucks,118,Boston Celtics,139
Sun Dec 25 2022,8:00p,Memphis Grizzlies,109,Golden State Warriors,123
Sun Dec 25 2022,10:30p,Phoenix Suns,125,Denver Nuggets,128
Mon Dec 26 2022,7:00p,Brooklyn Nets,125,Cleveland Cavaliers,117
Mon Dec 26 2022,7:00p,Los Angeles Clippers,142,Detroit Pistons,131
Mon Dec 26 2022,7:30p,Minnesota Timberwolves,110,Miami Heat,113
Mon Dec 26 2022,8:00p,Houston Rockets,133,Chicago Bulls,118
Mon Dec 26 2022,8:00p,Indiana Pacers,93,New Orleans Pelicans,113
Mon Dec 26 2022,8:00p,Utah Jazz,122,San Antonio Spurs,126
Mon Dec 26 2022,10:00p,Charlotte Hornets,113,Portland Trail Blazers,124
Tue Dec 27 2022,7:00p,Los Angeles Lakers,129,Orlando Magic,110
Tue Dec 27 2022,7:00p,Philadelphia 76ers,111,Washington Wizards,116
Tue Dec 27 2022,7:30p,Houston Rockets,102,Boston Celtics,126
Tue Dec 27 2022,7:30p,Atlanta Hawks,114,Indiana Pacers,129
Tue Dec 27 2022,7:30p,Los Angeles Clippers,124,Toronto Raptors,113
Tue Dec 27 2022,8:00p,Phoenix Suns,125,Memphis Grizzlies,108
Tue Dec 27 2022,8:00p,San Antonio Spurs,114,Oklahoma City Thunder,130
Tue Dec 27 2022,8:30p,New York Knicks,121,Dallas Mavericks,126
Tue Dec 27 2022,10:00p,Charlotte Hornets,105,Golden State Warriors,110
Tue Dec 27 2022,10:00p,Denver Nuggets,113,Sacramento Kings,106
Wed Dec 28 2022,7:00p,Orlando Magic,101,Detroit Pistons,121
Wed Dec 28 2022,7:00p,Phoenix Suns,102,Washington Wizards,127
Wed Dec 28 2022,7:30p,Brooklyn Nets,108,Atlanta Hawks,107
Wed Dec 28 2022,7:30p,Los Angeles Lakers,98,Miami Heat,112
Wed Dec 28 2022,8:00p,Milwaukee Bucks,113,Chicago Bulls,119
Wed Dec 28 2022,8:00p,Minnesota Timberwolves,118,New Orleans Pelicans,119
Wed Dec 28 2022,10:00p,Utah Jazz,107,Golden State Warriors,112
Wed Dec 28 2022,10:00p,Denver Nuggets,126,Sacramento Kings,127
Thu Dec 29 2022,7:00p,Oklahoma City Thunder,113,Charlotte Hornets,121
Thu Dec 29 2022,7:00p,Cleveland Cavaliers,126,Indiana Pacers,135
Thu Dec 29 2022,7:30p,Los Angeles Clippers,110,Boston Celtics,116
Thu Dec 29 2022,7:30p,Memphis Grizzlies,119,Toronto Raptors,106
Thu Dec 29 2022,8:00p,New York Knicks,115,San Antonio Spurs,122
Thu Dec 29 2022,8:30p,Houston Rockets,114,Dallas Mavericks,129
Fri Dec 30 2022,7:00p,Washington Wizards,119,Orlando Magic,100
Fri Dec 30 2022,7:30p,Los Angeles Lakers,130,Atlanta Hawks,121
Fri Dec 30 2022,7:30p,Phoenix Suns,104,Toronto Raptors,113
Fri Dec 30 2022,8:00p,Detroit Pistons,118,Chicago Bulls,132
Fri Dec 30 2022,8:00p,Minnesota Timberwolves,114,Milwaukee Bucks,123
Fri Dec 30 2022,8:30p,Philadelphia 76ers,116,New Orleans Pelicans,127
Fri Dec 30 2022,9:00p,Miami Heat,119,Denver Nuggets,124
Fri Dec 30 2022,10:00p,Portland Trail Blazers,112,Golden State Warriors,118
Fri Dec 30 2022,10:00p,Utah Jazz,125,Sacramento Kings,126
Sat Dec 31 2022,3:00p,Los Angeles Clippers,130,Indiana Pacers,131
Sat Dec 31 2022,7:00p,Cleveland Cavaliers,103,Chicago Bulls,102
Sat Dec 31 2022,7:00p,Brooklyn Nets,123,Charlotte Hornets,106
Sat Dec 31 2022,7:00p,New York Knicks,108,Houston Rockets,88
Sat Dec 31 2022,7:00p,Dallas Mavericks,126,San Antonio Spurs,125
Sat Dec 31 2022,8:00p,New Orleans Pelicans,101,Memphis Grizzlies,116
Sat Dec 31 2022,8:00p,Detroit Pistons,116,Minnesota Timberwolves,104
Sat Dec 31 2022,8:00p,Philadelphia 76ers,115,Oklahoma City Thunder,96
Sat Dec 31 2022,9:00p,Miami Heat,126,Utah Jazz,123
Sun Jan 1 2023,8:00p,Boston Celtics,111,Denver Nuggets,123
Sun Jan 1 2023,8:00p,Sacramento Kings,108,Memphis Grizzlies,118
Sun Jan 1 2023,8:00p,Washington Wizards,118,Milwaukee Bucks,95
Mon Jan 2 2023,3:00p,Phoenix Suns,83,New York Knicks,102
Mon Jan 2 2023,7:00p,Los Angeles Lakers,121,Charlotte Hornets,115
Mon Jan 2 2023,7:00p,Chicago Bulls,134,Cleveland Cavaliers,145
Mon Jan 2 2023,7:00p,Toronto Raptors,114,Indiana Pacers,122
Mon Jan 2 2023,7:00p,New Orleans Pelicans,111,Philadelphia 76ers,120
Mon Jan 2 2023,7:30p,San Antonio Spurs,103,Brooklyn Nets,139
Mon Jan 2 2023,8:00p,Dallas Mavericks,111,Houston Rockets,106
Mon Jan 2 2023,8:00p,Denver Nuggets,111,Minnesota Timberwolves,124
Mon Jan 2 2023,10:00p,Atlanta Hawks,141,Golden State Warriors,143
Mon Jan 2 2023,10:00p,Detroit Pistons,106,Portland Trail Blazers,135
Mon Jan 2 2023,10:30p,Miami Heat,110,Los Angeles Clippers,100
Tue Jan 3 2023,8:00p,Washington Wizards,113,Milwaukee Bucks,123
Tue Jan 3 2023,8:00p,Boston Celtics,117,Oklahoma City Thunder,150
Tue Jan 3 2023,9:00p,Sacramento Kings,117,Utah Jazz,115
Wed Jan 4 2023,7:00p,Memphis Grizzlies,131,Charlotte Hornets,107
Wed Jan 4 2023,7:00p,Phoenix Suns,88,Cleveland Cavaliers,90
Wed Jan 4 2023,7:00p,Oklahoma City Thunder,115,Orlando Magic,126
Wed Jan 4 2023,7:00p,Indiana Pacers,126,Philadelphia 76ers,129
Wed Jan 4 2023,7:30p,San Antonio Spurs,114,New York Knicks,117
Wed Jan 4 2023,7:30p,Milwaukee Bucks,104,Toronto Raptors,101
Wed Jan 4 2023,8:00p,Brooklyn Nets,112,Chicago Bulls,121
Wed Jan 4 2023,8:00p,Portland Trail Blazers,106,Minnesota Timberwolves,113
Wed Jan 4 2023,8:00p,Houston Rockets,108,New Orleans Pelicans,119
Wed Jan 4 2023,10:00p,Detroit Pistons,122,Golden State Warriors,119
Wed Jan 4 2023,10:00p,Miami Heat,109,Los Angeles Lakers,112
Wed Jan 4 2023,10:00p,Atlanta Hawks,120,Sacramento Kings,117
Thu Jan 5 2023,7:00p,Memphis Grizzlies,123,Orlando Magic,115
Thu Jan 5 2023,7:30p,Boston Celtics,124,Dallas Mavericks,95
Thu Jan 5 2023,8:00p,Utah Jazz,131,Houston Rockets,114
Thu Jan 5 2023,10:00p,Los Angeles Clippers,91,Denver Nuggets,122
Fri Jan 6 2023,7:00p,Portland Trail Blazers,99,Indiana Pacers,108
Fri Jan 6 2023,7:00p,Chicago Bulls,126,Philadelphia 76ers,112
Fri Jan 6 2023,7:30p,Brooklyn Nets,108,New Orleans Pelicans,102
Fri Jan 6 2023,7:30p,New York Knicks,112,Toronto Raptors,108
Fri Jan 6 2023,8:00p,Charlotte Hornets,138,Milwaukee Bucks,109
Fri Jan 6 2023,8:00p,Washington Wizards,110,Oklahoma City Thunder,127
Fri Jan 6 2023,8:00p,Detroit Pistons,109,San Antonio Spurs,121
Fri Jan 6 2023,9:00p,Cleveland Cavaliers,108,Denver Nuggets,121
Fri Jan 6 2023,9:00p,Los Angeles Clippers,115,Minnesota Timberwolves,128
Fri Jan 6 2023,10:00p,Miami Heat,104,Phoenix Suns,96
Fri Jan 6 2023,10:30p,Atlanta Hawks,114,Los Angeles Lakers,130
Sat Jan 7 2023,6:00p,Boston Celtics,121,San Antonio Spurs,116
Sat Jan 7 2023,8:00p,Utah Jazz,118,Chicago Bulls,126
Sat Jan 7 2023,8:00p,New Orleans Pelicans,117,Dallas Mavericks,127
Sat Jan 7 2023,8:30p,Orlando Magic,115,Golden State Warriors,101
Sat Jan 7 2023,10:00p,Los Angeles Lakers,136,Sacramento Kings,134
Sun Jan 8 2023,3:00p,Philadelphia 76ers,123,Detroit Pistons,111
Sun Jan 8 2023,3:30p,Portland Trail Blazers,105,Toronto Raptors,117
Sun Jan 8 2023,5:00p,Charlotte Hornets,111,Indiana Pacers,116
Sun Jan 8 2023,6:00p,Utah Jazz,118,Memphis Grizzlies,123
Sun Jan 8 2023,6:00p,Brooklyn Nets,102,Miami Heat,101
Sun Jan 8 2023,7:00p,Minnesota Timberwolves,104,Houston Rockets,96
Sun Jan 8 2023,7:00p,Dallas Mavericks,109,Oklahoma City Thunder,120
Sun Jan 8 2023,8:00p,Cleveland Cavaliers,112,Phoenix Suns,98
Sun Jan 8 2023,9:00p,Atlanta Hawks,112,Los Angeles Clippers,108
Mon Jan 9 2023,7:00p,New Orleans Pelicans,132,Washington Wizards,112
Mon Jan 9 2023,7:30p,Chicago Bulls,99,Boston Celtics,107
Mon Jan 9 2023,7:30p,Milwaukee Bucks,111,New York Knicks,107
Mon Jan 9 2023,8:00p,San Antonio Spurs,113,Memphis Grizzlies,121
Mon Jan 9 2023,9:00p,Los Angeles Lakers,109,Denver Nuggets,122
Mon Jan 9 2023,10:00p,Orlando Magic,111,Sacramento Kings,136
Tue Jan 10 2023,7:00p,Detroit Pistons,116,Philadelphia 76ers,147
Tue Jan 10 2023,7:30p,Oklahoma City Thunder,111,Miami Heat,112
Tue Jan 10 2023,7:30p,Charlotte Hornets,120,Toronto Raptors,132
Tue Jan 10 2023,9:00p,Cleveland Cavaliers,114,Utah Jazz,116
Tue Jan 10 2023,10:00p,Phoenix Suns,125,Golden State Warriors,113
Tue Jan 10 2023,10:00p,Orlando Magic,109,Portland Trail Blazers,106
Tue Jan 10 2023,10:30p,Dallas Mavericks,101,Los Angeles Clippers,113
Wed Jan 11 2023,7:00p,Minnesota Timberwolves,118,Detroit Pistons,135
Wed Jan 11 2023,7:00p,Chicago Bulls,97,Washington Wizards,100
Wed Jan 11 2023,7:30p,Milwaukee Bucks,114,Atlanta Hawks,105
Wed Jan 11 2023,7:30p,New Orleans Pelicans,114,Boston Celtics,125
Wed Jan 11 2023,7:30p,Indiana Pacers,113,New York Knicks,119
Wed Jan 11 2023,8:00p,San Antonio Spurs,129,Memphis Grizzlies,135
Wed Jan 11 2023,10:00p,Phoenix Suns,97,Denver Nuggets,126
Wed Jan 11 2023,10:00p,Houston Rockets,115,Sacramento Kings,135
Thu Jan 12 2023,7:00p,Oklahoma City Thunder,133,Philadelphia 76ers,114
Thu Jan 12 2023,7:30p,Boston Celtics,109,Brooklyn Nets,98
Thu Jan 12 2023,7:30p,Milwaukee Bucks,102,Miami Heat,108
Thu Jan 12 2023,7:30p,Charlotte Hornets,114,Toronto Raptors,124
Thu Jan 12 2023,10:00p,Dallas Mavericks,119,Los Angeles Lakers,115
Thu Jan 12 2023,10:00p,Cleveland Cavaliers,119,Portland Trail Blazers,113
Fri Jan 13 2023,7:00p,New Orleans Pelicans,116,Detroit Pistons,110
Fri Jan 13 2023,7:00p,Atlanta Hawks,113,Indiana Pacers,111
Fri Jan 13 2023,7:00p,New York Knicks,112,Washington Wizards,108
Fri Jan 13 2023,7:30p,Golden State Warriors,144,San Antonio Spurs,113
Fri Jan 13 2023,8:00p,Oklahoma City Thunder,124,Chicago Bulls,110
Fri Jan 13 2023,8:00p,Phoenix Suns,116,Minnesota Timberwolves,121
Fri Jan 13 2023,9:00p,Orlando Magic,108,Utah Jazz,112
Fri Jan 13 2023,10:00p,Denver Nuggets,115,Los Angeles Clippers,103
Fri Jan 13 2023,10:00p,Houston Rockets,114,Sacramento Kings,139
Sat Jan 14 2023,1:00p,Milwaukee Bucks,95,Miami Heat,111
Sat Jan 14 2023,7:00p,Boston Celtics,122,Charlotte Hornets,106
Sat Jan 14 2023,7:00p,Memphis Grizzlies,130,Indiana Pacers,112
Sat Jan 14 2023,7:30p,Atlanta Hawks,114,Toronto Raptors,103
Sat Jan 14 2023,8:00p,Cleveland Cavaliers,102,Minnesota Timberwolves,110
Sat Jan 14 2023,9:00p,Philadelphia 76ers,118,Utah Jazz,117
Sat Jan 14 2023,10:00p,Dallas Mavericks,119,Portland Trail Blazers,136
Sun Jan 15 2023,1:00p,New York Knicks,117,Detroit Pistons,104
Sun Jan 15 2023,3:00p,Houston Rockets,100,Los Angeles Clippers,121
Sun Jan 15 2023,3:30p,Golden State Warriors,118,Chicago Bulls,132
Sun Jan 15 2023,6:00p,Oklahoma City Thunder,112,Brooklyn Nets,102
Sun Jan 15 2023,7:00p,Sacramento Kings,132,San Antonio Spurs,119
Sun Jan 15 2023,8:00p,Orlando Magic,116,Denver Nuggets,119
Sun Jan 15 2023,9:00p,Dallas Mavericks,123,Portland Trail Blazers,140
Sun Jan 15 2023,9:30p,Philadelphia 76ers,113,Los Angeles Lakers,112
Mon Jan 16 2023,1:00p,Boston Celtics,130,Charlotte Hornets,118
Mon Jan 16 2023,2:30p,Indiana Pacers,119,Milwaukee Bucks,132
Mon Jan 16 2023,3:00p,New Orleans Pelicans,103,Cleveland Cavaliers,113
Mon Jan 16 2023,3:00p,Toronto Raptors,123,New York Knicks,121
Mon Jan 16 2023,3:00p,Golden State Warriors,127,Washington Wizards,118
Mon Jan 16 2023,3:30p,Miami Heat,113,Atlanta Hawks,121
Mon Jan 16 2023,4:00p,Utah Jazz,126,Minnesota Timberwolves,125
Mon Jan 16 2023,6:00p,Phoenix Suns,106,Memphis Grizzlies,136
Mon Jan 16 2023,10:30p,Houston Rockets,132,Los Angeles Lakers,140
Tue Jan 17 2023,7:30p,Toronto Raptors,122,Milwaukee Bucks,130
Tue Jan 17 2023,8:00p,Brooklyn Nets,98,San Antonio Spurs,106
Tue Jan 17 2023,9:00p,Portland Trail Blazers,113,Denver Nuggets,122
Tue Jan 17 2023,10:00p,Philadelphia 76ers,120,Los Angeles Clippers,110
Wed Jan 18 2023,7:30p,Atlanta Hawks,130,Dallas Mavericks,122
Wed Jan 18 2023,7:30p,Washington Wizards,116,New York Knicks,105
Wed Jan 18 2023,8:00p,Charlotte Hornets,122,Houston Rockets,117
Wed Jan 18 2023,8:00p,Cleveland Cavaliers,114,Memphis Grizzlies,115
Wed Jan 18 2023,8:00p,Miami Heat,124,New Orleans Pelicans,98
Wed Jan 18 2023,8:00p,Indiana Pacers,106,Oklahoma City Thunder,126
Wed Jan 18 2023,9:00p,Los Angeles Clippers,103,Utah Jazz,126
Wed Jan 18 2023,10:00p,Minnesota Timberwolves,118,Denver Nuggets,122
Wed Jan 18 2023,10:30p,Sacramento Kings,116,Los Angeles Lakers,111
Thu Jan 19 2023,3:00p,Chicago Bulls,126,Detroit Pistons,108
Thu Jan 19 2023,7:30p,Golden State Warriors,118,Boston Celtics,121
Thu Jan 19 2023,8:00p,Toronto Raptors,126,Minnesota Timberwolves,128
Thu Jan 19 2023,10:00p,Brooklyn Nets,112,Phoenix Suns,117
Thu Jan 19 2023,10:00p,Philadelphia 76ers,105,Portland Trail Blazers,95
Fri Jan 20 2023,7:00p,New Orleans Pelicans,110,Orlando Magic,123
Fri Jan 20 2023,7:30p,New York Knicks,124,Atlanta Hawks,139
Fri Jan 20 2023,7:30p,Golden State Warriors,120,Cleveland Cavaliers,114
Fri Jan 20 2023,7:30p,Miami Heat,90,Dallas Mavericks,115
Fri Jan 20 2023,8:00p,Los Angeles Clippers,131,San Antonio Spurs,126
Fri Jan 20 2023,9:00p,Indiana Pacers,111,Denver Nuggets,134
Fri Jan 20 2023,9:00p,Brooklyn Nets,117,Utah Jazz,106
Fri Jan 20 2023,10:00p,Memphis Grizzlies,121,Los Angeles Lakers,122
Fri Jan 20 2023,10:00p,Oklahoma City Thunder,113,Sacramento Kings,118
Sat Jan 21 2023,5:00p,Boston Celtics,106,Toronto Raptors,104
Sat Jan 21 2023,7:00p,Orlando Magic,118,Washington Wizards,138
Sat Jan 21 2023,7:30p,Charlotte Hornets,122,Atlanta Hawks,118
Sat Jan 21 2023,7:30p,Milwaukee Bucks,102,Cleveland Cavaliers,114
Sat Jan 21 2023,8:00p,Houston Rockets,104,Minnesota Timberwolves,113
Sat Jan 21 2023,9:00p,Indiana Pacers,107,Phoenix Suns,112
Sat Jan 21 2023,10:00p,Philadelphia 76ers,129,Sacramento Kings,127
Sun Jan 22 2023,2:30p,Los Angeles Clippers,112,Dallas Mavericks,98
Sun Jan 22 2023,3:30p,New Orleans Pelicans,96,Miami Heat,100
Sun Jan 22 2023,6:00p,New York Knicks,116,Toronto Raptors,125
Sun Jan 22 2023,8:00p,Oklahoma City Thunder,101,Denver Nuggets,99
Sun Jan 22 2023,8:00p,Memphis Grizzlies,110,Phoenix Suns,112
Sun Jan 22 2023,8:30p,Brooklyn Nets,120,Golden State Warriors,116
Sun Jan 22 2023,9:00p,Los Angeles Lakers,121,Portland Trail Blazers,112
Mon Jan 23 2023,7:00p,Milwaukee Bucks,150,Detroit Pistons,130
Mon Jan 23 2023,7:00p,Boston Celtics,98,Orlando Magic,113
Mon Jan 23 2023,8:00p,Atlanta Hawks,100,Chicago Bulls,111
Mon Jan 23 2023,8:00p,Minnesota Timberwolves,114,Houston Rockets,119
Mon Jan 23 2023,9:00p,Charlotte Hornets,102,Utah Jazz,120
Mon Jan 23 2023,10:00p,San Antonio Spurs,127,Portland Trail Blazers,147
Mon Jan 23 2023,10:30p,Memphis Grizzlies,100,Sacramento Kings,133
Tue Jan 24 2023,7:00p,Chicago Bulls,110,Indiana Pacers,116
Tue Jan 24 2023,7:30p,Boston Celtics,95,Miami Heat,98
Tue Jan 24 2023,7:30p,Cleveland Cavaliers,103,New York Knicks,105
Tue Jan 24 2023,8:00p,Denver Nuggets,99,New Orleans Pelicans,98
Tue Jan 24 2023,8:30p,Washington Wizards,127,Dallas Mavericks,126
Tue Jan 24 2023,9:00p,Charlotte Hornets,97,Phoenix Suns,128
Tue Jan 24 2023,10:00p,Los Angeles Clippers,133,Los Angeles Lakers,115
Wed Jan 25 2023,7:00p,Indiana Pacers,120,Orlando Magic,126
Wed Jan 25 2023,7:30p,Brooklyn Nets,133,Philadelphia 76ers,137
Wed Jan 25 2023,8:00p,Washington Wizards,108,Houston Rockets,103
Wed Jan 25 2023,8:00p,Denver Nuggets,99,Milwaukee Bucks,107
Wed Jan 25 2023,8:00p,Minnesota Timberwolves,111,New Orleans Pelicans,102
Wed Jan 25 2023,8:00p,Atlanta Hawks,137,Oklahoma City Thunder,132
Wed Jan 25 2023,10:00p,Memphis Grizzlies,120,Golden State Warriors,122
Wed Jan 25 2023,10:00p,Utah Jazz,124,Portland Trail Blazers,134
Wed Jan 25 2023,10:00p,Toronto Raptors,113,Sacramento Kings,95
Wed Jan 25 2023,10:30p,San Antonio Spurs,104,Los Angeles Lakers,113
Thu Jan 26 2023,7:30p,New York Knicks,120,Boston Celtics,117
Thu Jan 26 2023,7:30p,Detroit Pistons,130,Brooklyn Nets,122
Thu Jan 26 2023,7:30p,Chicago Bulls,96,Charlotte Hornets,111
Thu Jan 26 2023,8:00p,Cleveland Cavaliers,113,Houston Rockets,95
Thu Jan 26 2023,10:00p,Dallas Mavericks,99,Phoenix Suns,95
Thu Jan 26 2023,10:30p,San Antonio Spurs,100,Los Angeles Clippers,138
Fri Jan 27 2023,7:00p,Milwaukee Bucks,141,Indiana Pacers,131
Fri Jan 27 2023,7:30p,Memphis Grizzlies,100,Minnesota Timberwolves,111
Fri Jan 27 2023,8:00p,Orlando Magic,105,Miami Heat,110
Fri Jan 27 2023,8:00p,Cleveland Cavaliers,100,Oklahoma City Thunder,112
Fri Jan 27 2023,10:00p,Toronto Raptors,117,Golden State Warriors,129
Sat Jan 28 2023,3:00p,Denver Nuggets,119,Philadelphia 76ers,126
Sat Jan 28 2023,5:30p,New York Knicks,115,Brooklyn Nets,122
Sat Jan 28 2023,7:00p,Houston Rockets,117,Detroit Pistons,114
Sat Jan 28 2023,7:00p,Chicago Bulls,128,Orlando Magic,109
Sat Jan 28 2023,7:30p,Los Angeles Clippers,120,Atlanta Hawks,113
Sat Jan 28 2023,8:00p,Sacramento Kings,110,Minnesota Timberwolves,117
Sat Jan 28 2023,8:00p,Washington Wizards,113,New Orleans Pelicans,103
Sat Jan 28 2023,8:00p,Phoenix Suns,128,San Antonio Spurs,118
Sat Jan 28 2023,8:30p,Los Angeles Lakers,121,Boston Celtics,125
Sat Jan 28 2023,9:00p,Dallas Mavericks,100,Utah Jazz,108
Sat Jan 28 2023,10:00p,Toronto Raptors,123,Portland Trail Blazers,105
Sun Jan 29 2023,1:00p,Miami Heat,117,Charlotte Hornets,122
Sun Jan 29 2023,6:00p,Indiana Pacers,100,Memphis Grizzlies,112
Sun Jan 29 2023,7:00p,Los Angeles Clippers,99,Cleveland Cavaliers,122
Sun Jan 29 2023,8:00p,New Orleans Pelicans,110,Milwaukee Bucks,135
Mon Jan 30 2023,7:00p,Orlando Magic,119,Philadelphia 76ers,109
Mon Jan 30 2023,7:30p,Los Angeles Lakers,104,Brooklyn Nets,121
Mon Jan 30 2023,8:00p,Sacramento Kings,118,Minnesota Timberwolves,111
Mon Jan 30 2023,8:00p,Golden State Warriors,128,Oklahoma City Thunder,120
Mon Jan 30 2023,8:00p,Washington Wizards,127,San Antonio Spurs,106
Mon Jan 30 2023,8:30p,Detroit Pistons,105,Dallas Mavericks,111
Mon Jan 30 2023,9:00p,Toronto Raptors,106,Phoenix Suns,114
Mon Jan 30 2023,10:00p,Atlanta Hawks,125,Portland Trail Blazers,129
Tue Jan 31 2023,7:00p,Miami Heat,100,Cleveland Cavaliers,97
Tue Jan 31 2023,7:30p,Los Angeles Lakers,129,New York Knicks,123
Tue Jan 31 2023,8:00p,Los Angeles Clippers,108,Chicago Bulls,103
Tue Jan 31 2023,8:00p,Charlotte Hornets,115,Milwaukee Bucks,124
Tue Jan 31 2023,10:00p,New Orleans Pelicans,113,Denver Nuggets,122
Wed Feb 1 2023,7:00p,Portland Trail Blazers,122,Memphis Grizzlies,112
Wed Feb 1 2023,7:00p,Orlando Magic,94,Philadelphia 76ers,105
Wed Feb 1 2023,7:30p,Brooklyn Nets,96,Boston Celtics,139
Wed Feb 1 2023,8:00p,Oklahoma City Thunder,106,Houston Rockets,112
Wed Feb 1 2023,8:00p,Golden State Warriors,114,Minnesota Timberwolves,119
Wed Feb 1 2023,8:00p,Sacramento Kings,119,San Antonio Spurs,109
Wed Feb 1 2023,9:00p,Toronto Raptors,128,Utah Jazz,131
Wed Feb 1 2023,10:00p,Atlanta Hawks,132,Phoenix Suns,100
Thu Feb 2 2023,7:00p,Los Angeles Lakers,112,Indiana Pacers,111
Thu Feb 2 2023,7:30p,Memphis Grizzlies,113,Cleveland Cavaliers,128
Thu Feb 2 2023,7:30p,Miami Heat,104,New York Knicks,106
Thu Feb 2 2023,8:00p,Charlotte Hornets,98,Chicago Bulls,114
Thu Feb 2 2023,8:30p,New Orleans Pelicans,106,Dallas Mavericks,111
Thu Feb 2 2023,9:00p,Golden State Warriors,117,Denver Nuggets,134
Thu Feb 2 2023,10:00p,Los Angeles Clippers,105,Milwaukee Bucks,106
Fri Feb 3 2023,7:00p,Charlotte Hornets,112,Detroit Pistons,118
Fri Feb 3 2023,7:00p,Sacramento Kings,104,Indiana Pacers,107
Fri Feb 3 2023,7:00p,Portland Trail Blazers,124,Washington Wizards,116
Fri Feb 3 2023,7:30p,Phoenix Suns,106,Boston Celtics,94
Fri Feb 3 2023,8:00p,Toronto Raptors,117,Houston Rockets,111
Fri Feb 3 2023,8:00p,Orlando Magic,127,Minnesota Timberwolves,120
Fri Feb 3 2023,8:00p,Philadelphia 76ers,137,San Antonio Spurs,125
Fri Feb 3 2023,9:00p,Atlanta Hawks,115,Utah Jazz,108
Sat Feb 4 2023,6:00p,Washington Wizards,123,Brooklyn Nets,125
Sat Feb 4 2023,6:00p,Los Angeles Lakers,126,New Orleans Pelicans,131
Sat Feb 4 2023,7:00p,Phoenix Suns,116,Detroit Pistons,100
Sat Feb 4 2023,7:00p,Los Angeles Clippers,134,New York Knicks,128
Sat Feb 4 2023,8:00p,Portland Trail Blazers,121,Chicago Bulls,129
Sat Feb 4 2023,8:00p,Miami Heat,115,Milwaukee Bucks,123
Sat Feb 4 2023,8:00p,Houston Rockets,121,Oklahoma City Thunder,153
Sat Feb 4 2023,8:30p,Dallas Mavericks,113,Golden State Warriors,119
Sat Feb 4 2023,9:00p,Atlanta Hawks,108,Denver Nuggets,128
Sun Feb 5 2023,1:00p,Orlando Magic,119,Charlotte Hornets,113
Sun Feb 5 2023,5:00p,Cleveland Cavaliers,122,Indiana Pacers,103
Sun Feb 5 2023,6:00p,Toronto Raptors,106,Memphis Grizzlies,103
Sun Feb 5 2023,6:00p,Philadelphia 76ers,97,New York Knicks,108
Sun Feb 5 2023,7:00p,Denver Nuggets,98,Minnesota Timberwolves,128
Sun Feb 5 2023,7:00p,Sacramento Kings,104,New Orleans Pelicans,136
Mon Feb 6 2023,7:00p,Boston Celtics,111,Detroit Pistons,99
Mon Feb 6 2023,7:00p,Cleveland Cavaliers,114,Washington Wizards,91
Mon Feb 6 2023,7:30p,Los Angeles Clippers,124,Brooklyn Nets,116
Mon Feb 6 2023,8:00p,San Antonio Spurs,104,Chicago Bulls,128
Mon Feb 6 2023,8:00p,Sacramento Kings,140,Houston Rockets,120
Mon Feb 6 2023,9:00p,Dallas Mavericks,124,Utah Jazz,111
Mon Feb 6 2023,10:00p,Oklahoma City Thunder,114,Golden State Warriors,141
Mon Feb 6 2023,10:00p,Milwaukee Bucks,127,Portland Trail Blazers,108
Tue Feb 7 2023,7:00p,New York Knicks,102,Orlando Magic,98
Tue Feb 7 2023,7:30p,Phoenix Suns,116,Brooklyn Nets,112
Tue Feb 7 2023,7:30p,Atlanta Hawks,107,New Orleans Pelicans,116
Tue Feb 7 2023,8:00p,Chicago Bulls,89,Memphis Grizzlies,104
Tue Feb 7 2023,9:00p,Minnesota Timberwolves,112,Denver Nuggets,146
Tue Feb 7 2023,10:00p,Oklahoma City Thunder,133,Los Angeles Lakers,130
Wed Feb 8 2023,7:00p,Detroit Pistons,85,Cleveland Cavaliers,113
Wed Feb 8 2023,7:00p,Charlotte Hornets,104,Washington Wizards,118
Wed Feb 8 2023,7:30p,Philadelphia 76ers,99,Boston Celtics,106
Wed Feb 8 2023,7:30p,Indiana Pacers,111,Miami Heat,116
Wed Feb 8 2023,7:30p,San Antonio Spurs,98,Toronto Raptors,112
Wed Feb 8 2023,8:00p,Sacramento Kings,130,Houston Rockets,128
Wed Feb 8 2023,9:00p,Minnesota Timberwolves,143,Utah Jazz,118
Wed Feb 8 2023,10:00p,Dallas Mavericks,110,Los Angeles Clippers,104
Wed Feb 8 2023,10:00p,Golden State Warriors,122,Portland Trail Blazers,125
Thu Feb 9 2023,7:00p,Denver Nuggets,104,Orlando Magic,115
Thu Feb 9 2023,7:30p,Phoenix Suns,107,Atlanta Hawks,116
Thu Feb 9 2023,7:30p,Chicago Bulls,105,Brooklyn Nets,116
Thu Feb 9 2023,10:00p,Milwaukee Bucks,115,Los Angeles Lakers,106
Fri Feb 10 2023,7:00p,San Antonio Spurs,131,Detroit Pistons,138
Fri Feb 10 2023,7:00p,Phoenix Suns,117,Indiana Pacers,104
Fri Feb 10 2023,7:00p,New York Knicks,108,Philadelphia 76ers,119
Fri Feb 10 2023,7:30p,Charlotte Hornets,116,Boston Celtics,127
Fri Feb 10 2023,7:30p,Utah Jazz,122,Toronto Raptors,116
Fri Feb 10 2023,8:00p,Minnesota Timberwolves,107,Memphis Grizzlies,128
Fri Feb 10 2023,8:00p,Houston Rockets,95,Miami Heat,97
Fri Feb 10 2023,10:00p,Cleveland Cavaliers,118,New Orleans Pelicans,107
Fri Feb 10 2023,10:00p,Oklahoma City Thunder,138,Portland Trail Blazers,129
Fri Feb 10 2023,10:00p,Dallas Mavericks,122,Sacramento Kings,114
Fri Feb 10 2023,10:30p,Milwaukee Bucks,119,Los Angeles Clippers,106
Sat Feb 11 2023,6:00p,Philadelphia 76ers,101,Brooklyn Nets,98
Sat Feb 11 2023,7:00p,Denver Nuggets,119,Charlotte Hornets,105
Sat Feb 11 2023,7:00p,Miami Heat,107,Orlando Magic,103
Sat Feb 11 2023,7:00p,Indiana Pacers,113,Washington Wizards,127
Sat Feb 11 2023,7:30p,San Antonio Spurs,106,Atlanta Hawks,125
Sat Feb 11 2023,7:30p,Utah Jazz,120,New York Knicks,126
Sat Feb 11 2023,8:00p,Chicago Bulls,89,Cleveland Cavaliers,97
Sat Feb 11 2023,8:30p,Los Angeles Lakers,109,Golden State Warriors,103
Sat Feb 11 2023,10:00p,Dallas Mavericks,128,Sacramento Kings,133
Sun Feb 12 2023,2:00p,Memphis Grizzlies,109,Boston Celtics,119
Sun Feb 12 2023,3:00p,Detroit Pistons,118,Toronto Raptors,119
Mon Feb 13 2023,7:00p,Atlanta Hawks,138,Charlotte Hornets,144
Mon Feb 13 2023,7:00p,San Antonio Spurs,109,Cleveland Cavaliers,117
Mon Feb 13 2023,7:00p,Utah Jazz,123,Indiana Pacers,117
Mon Feb 13 2023,7:00p,Houston Rockets,104,Philadelphia 76ers,123
Mon Feb 13 2023,7:30p,Denver Nuggets,112,Miami Heat,108
Mon Feb 13 2023,7:30p,Brooklyn Nets,106,New York Knicks,124
Mon Feb 13 2023,8:00p,Orlando Magic,100,Chicago Bulls,91
Mon Feb 13 2023,8:00p,New Orleans Pelicans,103,Oklahoma City Thunder,100
Mon Feb 13 2023,8:30p,Minnesota Timberwolves,124,Dallas Mavericks,121
Mon Feb 13 2023,10:00p,Washington Wizards,126,Golden State Warriors,135
Mon Feb 13 2023,10:00p,Los Angeles Lakers,115,Portland Trail Blazers,127
Tue Feb 14 2023,7:30p,Boston Celtics,125,Milwaukee Bucks,131
Tue Feb 14 2023,7:30p,Orlando Magic,113,Toronto Raptors,123
Tue Feb 14 2023,9:00p,Sacramento Kings,109,Phoenix Suns,120
Tue Feb 14 2023,10:00p,Golden State Warriors,124,Los Angeles Clippers,134
Tue Feb 14 2023,10:00p,Washington Wizards,126,Portland Trail Blazers,101
Wed Feb 15 2023,7:00p,San Antonio Spurs,110,Charlotte Hornets,120
Wed Feb 15 2023,7:00p,Chicago Bulls,113,Indiana Pacers,117
Wed Feb 15 2023,7:30p,New York Knicks,122,Atlanta Hawks,101
Wed Feb 15 2023,7:30p,Detroit Pistons,109,Boston Celtics,127
Wed Feb 15 2023,7:30p,Miami Heat,105,Brooklyn Nets,116
Wed Feb 15 2023,7:30p,Cleveland Cavaliers,112,Philadelphia 76ers,118
Wed Feb 15 2023,8:00p,Utah Jazz,111,Memphis Grizzlies,117
Wed Feb 15 2023,8:00p,Houston Rockets,96,Oklahoma City Thunder,133
Wed Feb 15 2023,9:00p,Dallas Mavericks,109,Denver Nuggets,118
Wed Feb 15 2023,10:00p,New Orleans Pelicans,102,Los Angeles Lakers,120
Thu Feb 16 2023,7:30p,Milwaukee Bucks,112,Chicago Bulls,100
Thu Feb 16 2023,8:00p,Washington Wizards,114,Minnesota Timberwolves,106
Thu Feb 16 2023,10:00p,Los Angeles Clippers,116,Phoenix Suns,107
Thu Feb 23 2023,7:00p,Denver Nuggets,115,Cleveland Cavaliers,109
Thu Feb 23 2023,7:00p,Boston Celtics,142,Indiana Pacers,138
Thu Feb 23 2023,7:00p,Detroit Pistons,106,Orlando Magic,108
Thu Feb 23 2023,7:30p,Memphis Grizzlies,105,Philadelphia 76ers,110
Thu Feb 23 2023,7:30p,New Orleans Pelicans,110,Toronto Raptors,115
Thu Feb 23 2023,8:30p,San Antonio Spurs,116,Dallas Mavericks,142
Thu Feb 23 2023,9:00p,Oklahoma City Thunder,119,Utah Jazz,120
Thu Feb 23 2023,10:00p,Golden State Warriors,111,Los Angeles Lakers,124
Thu Feb 23 2023,10:00p,Portland Trail Blazers,116,Sacramento Kings,133
Fri Feb 24 2023,7:00p,New York Knicks,115,Washington Wizards,109
Fri Feb 24 2023,7:30p,Cleveland Cavaliers,119,Atlanta Hawks,136
Fri Feb 24 2023,7:30p,Miami Heat,99,Milwaukee Bucks,128
Fri Feb 24 2023,8:00p,Brooklyn Nets,87,Chicago Bulls,131
Fri Feb 24 2023,8:00p,Charlotte Hornets,121,Minnesota Timberwolves,113
Fri Feb 24 2023,10:00p,Houston Rockets,101,Golden State Warriors,116
Fri Feb 24 2023,10:00p,Oklahoma City Thunder,115,Phoenix Suns,124
Fri Feb 24 2023,10:30p,Sacramento Kings,176,Los Angeles Clippers,175
Sat Feb 25 2023,12:00p,Toronto Raptors,95,Detroit Pistons,91
Sat Feb 25 2023,7:00p,Miami Heat,103,Charlotte Hornets,108
Sat Feb 25 2023,7:00p,Indiana Pacers,121,Orlando Magic,108
Sat Feb 25 2023,7:30p,New Orleans Pelicans,106,New York Knicks,128
Sat Feb 25 2023,8:00p,Denver Nuggets,94,Memphis Grizzlies,112
Sat Feb 25 2023,8:30p,Boston Celtics,110,Philadelphia 76ers,107
Sat Feb 25 2023,9:00p,San Antonio Spurs,102,Utah Jazz,118
Sun Feb 26 2023,1:00p,Phoenix Suns,101,Milwaukee Bucks,104
Sun Feb 26 2023,3:00p,Brooklyn Nets,127,Atlanta Hawks,129
Sun Feb 26 2023,3:30p,Washington Wizards,82,Chicago Bulls,102
Sun Feb 26 2023,3:30p,Los Angeles Lakers,111,Dallas Mavericks,108
Sun Feb 26 2023,6:00p,Toronto Raptors,93,Cleveland Cavaliers,118
Sun Feb 26 2023,7:00p,Sacramento Kings,124,Oklahoma City Thunder,115
Sun Feb 26 2023,7:30p,Minnesota Timberwolves,104,Golden State Warriors,109
Sun Feb 26 2023,9:00p,Houston Rockets,114,Portland Trail Blazers,131
Sun Feb 26 2023,10:00p,Los Angeles Clippers,124,Denver Nuggets,134
Mon Feb 27 2023,7:00p,Detroit Pistons,106,Charlotte Hornets,117
Mon Feb 27 2023,7:00p,Miami Heat,101,Philadelphia 76ers,99
Mon Feb 27 2023,7:30p,Boston Celtics,94,New York Knicks,109
Mon Feb 27 2023,8:00p,Orlando Magic,101,New Orleans Pelicans,93
Tue Feb 28 2023,7:30p,Washington Wizards,119,Atlanta Hawks,116
Tue Feb 28 2023,7:30p,Milwaukee Bucks,118,Brooklyn Nets,104
Tue Feb 28 2023,7:30p,Los Angeles Lakers,109,Memphis Grizzlies,121
Tue Feb 28 2023,7:30p,Chicago Bulls,98,Toronto Raptors,104
Tue Feb 28 2023,8:00p,Denver Nuggets,133,Houston Rockets,112
Tue Feb 28 2023,8:00p,Sacramento Kings,123,Oklahoma City Thunder,117
Tue Feb 28 2023,8:30p,Indiana Pacers,124,Dallas Mavericks,122
Tue Feb 28 2023,9:00p,San Antonio Spurs,102,Utah Jazz,94
Tue Feb 28 2023,10:00p,Portland Trail Blazers,105,Golden State Warriors,123
Tue Feb 28 2023,10:00p,Minnesota Timberwolves,108,Los Angeles Clippers,101
Wed Mar 1 2023,7:00p,Phoenix Suns,105,Charlotte Hornets,91
Wed Mar 1 2023,7:00p,Chicago Bulls,117,Detroit Pistons,115
Wed Mar 1 2023,7:30p,Cleveland Cavaliers,113,Boston Celtics,117
Wed Mar 1 2023,7:30p,Philadelphia 76ers,119,Miami Heat,96
Wed Mar 1 2023,7:30p,Brooklyn Nets,118,New York Knicks,142
Wed Mar 1 2023,8:00p,Memphis Grizzlies,113,Houston Rockets,99
Wed Mar 1 2023,8:00p,Orlando Magic,117,Milwaukee Bucks,139
Wed Mar 1 2023,8:00p,Los Angeles Lakers,123,Oklahoma City Thunder,117
Wed Mar 1 2023,10:00p,New Orleans Pelicans,121,Portland Trail Blazers,110
Thu Mar 2 2023,7:00p,Toronto Raptors,108,Washington Wizards,119
Thu Mar 2 2023,7:30p,Philadelphia 76ers,126,Dallas Mavericks,133
Thu Mar 2 2023,8:30p,Indiana Pacers,99,San Antonio Spurs,110
Thu Mar 2 2023,10:00p,Los Angeles Clippers,91,Golden State Warriors,115
Fri Mar 3 2023,7:00p,Orlando Magic,117,Charlotte Hornets,106
Fri Mar 3 2023,7:30p,Portland Trail Blazers,111,Atlanta Hawks,129
Fri Mar 3 2023,7:30p,Brooklyn Nets,115,Boston Celtics,105
Fri Mar 3 2023,8:00p,Phoenix Suns,125,Chicago Bulls,104
Fri Mar 3 2023,8:00p,New York Knicks,122,Miami Heat,120
Fri Mar 3 2023,8:00p,Utah Jazz,103,Oklahoma City Thunder,130
Fri Mar 3 2023,10:00p,Memphis Grizzlies,97,Denver Nuggets,113
Fri Mar 3 2023,10:00p,New Orleans Pelicans,99,Golden State Warriors,108
Fri Mar 3 2023,10:00p,Los Angeles Clippers,127,Sacramento Kings,128
Fri Mar 3 2023,10:30p,Minnesota Timberwolves,110,Los Angeles Lakers,102
Sat Mar 4 2023,5:00p,Toronto Raptors,116,Washington Wizards,109
Sat Mar 4 2023,7:30p,Detroit Pistons,90,Cleveland Cavaliers,114
Sat Mar 4 2023,8:00p,Atlanta Hawks,109,Miami Heat,117
Sat Mar 4 2023,8:00p,Houston Rockets,122,San Antonio Spurs,110
Sat Mar 4 2023,8:30p,Philadelphia 76ers,133,Milwaukee Bucks,130
Sat Mar 4 2023,10:00p,Minnesota Timberwolves,138,Sacramento Kings,134
Sun Mar 5 2023,1:00p,Phoenix Suns,130,Dallas Mavericks,126
Sun Mar 5 2023,3:30p,Indiana Pacers,125,Chicago Bulls,122
Sun Mar 5 2023,3:30p,Golden State Warriors,105,Los Angeles Lakers,113
Sun Mar 5 2023,6:00p,Charlotte Hornets,86,Brooklyn Nets,102
Sun Mar 5 2023,6:00p,Portland Trail Blazers,122,Orlando Magic,119
Sun Mar 5 2023,7:00p,San Antonio Spurs,110,Houston Rockets,142
Sun Mar 5 2023,7:00p,Utah Jazz,119,Oklahoma City Thunder,129
Sun Mar 5 2023,7:30p,New York Knicks,131,Boston Celtics,129
Sun Mar 5 2023,7:30p,Milwaukee Bucks,117,Washington Wizards,111
Sun Mar 5 2023,10:00p,Memphis Grizzlies,129,Los Angeles Clippers,135
Mon Mar 6 2023,7:00p,Boston Celtics,114,Cleveland Cavaliers,118
Mon Mar 6 2023,7:00p,Portland Trail Blazers,110,Detroit Pistons,104
Mon Mar 6 2023,7:00p,Philadelphia 76ers,147,Indiana Pacers,143
Mon Mar 6 2023,7:30p,Atlanta Hawks,128,Miami Heat,130
Mon Mar 6 2023,9:00p,Toronto Raptors,113,Denver Nuggets,118
Mon Mar 6 2023,10:00p,New Orleans Pelicans,108,Sacramento Kings,123
Tue Mar 7 2023,7:00p,Washington Wizards,119,Detroit Pistons,117
Tue Mar 7 2023,7:00p,Milwaukee Bucks,134,Orlando Magic,123
Tue Mar 7 2023,7:30p,Philadelphia 76ers,117,Minnesota Timberwolves,94
Tue Mar 7 2023,7:30p,Charlotte Hornets,112,New York Knicks,105
Tue Mar 7 2023,8:00p,Brooklyn Nets,118,Houston Rockets,96
Tue Mar 7 2023,8:00p,Golden State Warriors,128,Oklahoma City Thunder,137
Tue Mar 7 2023,8:30p,Utah Jazz,116,Dallas Mavericks,120
Tue Mar 7 2023,10:00p,Memphis Grizzlies,103,Los Angeles Lakers,112
Wed Mar 8 2023,7:00p,Atlanta Hawks,122,Washington Wizards,120
Wed Mar 8 2023,7:30p,Portland Trail Blazers,93,Boston Celtics,115
Wed Mar 8 2023,7:30p,Cleveland Cavaliers,104,Miami Heat,100
Wed Mar 8 2023,7:30p,Dallas Mavericks,106,New Orleans Pelicans,113
Wed Mar 8 2023,9:00p,Chicago Bulls,117,Denver Nuggets,96
Wed Mar 8 2023,9:00p,Oklahoma City Thunder,101,Phoenix Suns,132
Wed Mar 8 2023,10:00p,Toronto Raptors,100,Los Angeles Clippers,108
Thu Mar 9 2023,7:00p,Charlotte Hornets,113,Detroit Pistons,103
Thu Mar 9 2023,7:00p,Houston Rockets,125,Indiana Pacers,134
Thu Mar 9 2023,7:00p,Utah Jazz,131,Orlando Magic,124
Thu Mar 9 2023,7:30p,Golden State Warriors,110,Memphis Grizzlies,131
Thu Mar 9 2023,8:00p,Brooklyn Nets,113,Milwaukee Bucks,118
Thu Mar 9 2023,10:00p,New York Knicks,117,Sacramento Kings,122
Fri Mar 10 2023,7:00p,Portland Trail Blazers,119,Philadelphia 76ers,120
Fri Mar 10 2023,7:00p,Atlanta Hawks,114,Washington Wizards,107
Fri Mar 10 2023,8:00p,Cleveland Cavaliers,115,Miami Heat,119
Fri Mar 10 2023,8:00p,Brooklyn Nets,124,Minnesota Timberwolves,123
Fri Mar 10 2023,8:00p,Denver Nuggets,120,San Antonio Spurs,128
Fri Mar 10 2023,10:30p,Toronto Raptors,112,Los Angeles Lakers,122
Sat Mar 11 2023,4:00p,New York Knicks,95,Los Angeles Clippers,106
Sat Mar 11 2023,7:00p,Utah Jazz,119,Charlotte Hornets,111
Sat Mar 11 2023,7:00p,Indiana Pacers,121,Detroit Pistons,115
Sat Mar 11 2023,7:00p,Miami Heat,114,Orlando Magic,126
Sat Mar 11 2023,7:30p,Boston Celtics,134,Atlanta Hawks,125
Sat Mar 11 2023,8:00p,Chicago Bulls,119,Houston Rockets,111
Sat Mar 11 2023,8:00p,Dallas Mavericks,108,Memphis Grizzlies,112
Sat Mar 11 2023,8:30p,Milwaukee Bucks,116,Golden State Warriors,125
Sat Mar 11 2023,8:30p,Oklahoma City Thunder,110,New Orleans Pelicans,96
Sat Mar 11 2023,9:00p,Sacramento Kings,128,Phoenix Suns,119
Sun Mar 12 2023,3:30p,Brooklyn Nets,122,Denver Nuggets,120
Sun Mar 12 2023,5:00p,Cleveland Cavaliers,114,Charlotte Hornets,108
Sun Mar 12 2023,6:00p,Washington Wizards,93,Philadelphia 76ers,112
Sun Mar 12 2023,7:00p,Portland Trail Blazers,110,New Orleans Pelicans,127
Sun Mar 12 2023,7:00p,Oklahoma City Thunder,102,San Antonio Spurs,90
Sun Mar 12 2023,9:00p,New York Knicks,112,Los Angeles Lakers,108
Mon Mar 13 2023,7:00p,Indiana Pacers,97,Detroit Pistons,117
Mon Mar 13 2023,7:30p,Minnesota Timberwolves,136,Atlanta Hawks,115
Mon Mar 13 2023,7:30p,Memphis Grizzlies,104,Dallas Mavericks,88
Mon Mar 13 2023,7:30p,Utah Jazz,115,Miami Heat,119
Mon Mar 13 2023,8:00p,Boston Celtics,109,Houston Rockets,111
Mon Mar 13 2023,10:00p,Phoenix Suns,112,Golden State Warriors,123
Mon Mar 13 2023,10:00p,Milwaukee Bucks,133,Sacramento Kings,124
Tue Mar 14 2023,7:00p,Cleveland Cavaliers,120,Charlotte Hornets,104
Tue Mar 14 2023,7:00p,Detroit Pistons,97,Washington Wizards,117
Tue Mar 14 2023,7:30p,Denver Nuggets,110,Toronto Raptors,125
Tue Mar 14 2023,8:00p,Los Angeles Lakers,123,New Orleans Pelicans,108
Tue Mar 14 2023,8:00p,Brooklyn Nets,107,Oklahoma City Thunder,121
Tue Mar 14 2023,8:00p,Orlando Magic,114,San Antonio Spurs,132
Tue Mar 14 2023,10:00p,Milwaukee Bucks,116,Phoenix Suns,104
Tue Mar 14 2023,10:00p,New York Knicks,123,Portland Trail Blazers,107
Wed Mar 15 2023,7:30p,Philadelphia 76ers,118,Cleveland Cavaliers,109
Wed Mar 15 2023,7:30p,Memphis Grizzlies,119,Miami Heat,138
Wed Mar 15 2023,8:00p,Sacramento Kings,117,Chicago Bulls,114
Wed Mar 15 2023,8:00p,Los Angeles Lakers,110,Houston Rockets,114
Wed Mar 15 2023,8:00p,Boston Celtics,104,Minnesota Timberwolves,102
Wed Mar 15 2023,8:30p,Dallas Mavericks,137,San Antonio Spurs,128
Wed Mar 15 2023,10:00p,Golden State Warriors,126,Los Angeles Clippers,134
Thu Mar 16 2023,7:00p,Denver Nuggets,119,Detroit Pistons,100
Thu Mar 16 2023,7:30p,Sacramento Kings,101,Brooklyn Nets,96
Thu Mar 16 2023,7:30p,Oklahoma City Thunder,111,Toronto Raptors,128
Thu Mar 16 2023,8:00p,Indiana Pacers,139,Milwaukee Bucks,123
Thu Mar 16 2023,10:00p,Orlando Magic,113,Phoenix Suns,116
Fri Mar 17 2023,7:00p,Philadelphia 76ers,121,Charlotte Hornets,82
Fri Mar 17 2023,7:30p,Golden State Warriors,119,Atlanta Hawks,127
Fri Mar 17 2023,7:30p,Washington Wizards,94,Cleveland Cavaliers,117
Fri Mar 17 2023,8:00p,Minnesota Timberwolves,131,Chicago Bulls,139
Fri Mar 17 2023,8:00p,New Orleans Pelicans,112,Houston Rockets,114
Fri Mar 17 2023,8:00p,Memphis Grizzlies,126,San Antonio Spurs,120
Fri Mar 17 2023,10:00p,Boston Celtics,126,Portland Trail Blazers,112
Fri Mar 17 2023,10:30p,Dallas Mavericks,111,Los Angeles Lakers,110
Sat Mar 18 2023,1:00p,Denver Nuggets,110,New York Knicks,116
Sat Mar 18 2023,3:00p,Orlando Magic,113,Los Angeles Clippers,108
Sat Mar 18 2023,7:00p,Philadelphia 76ers,141,Indiana Pacers,121
Sat Mar 18 2023,7:00p,Minnesota Timberwolves,107,Toronto Raptors,122
Sat Mar 18 2023,8:00p,Miami Heat,99,Chicago Bulls,113
Sat Mar 18 2023,8:00p,Golden State Warriors,119,Memphis Grizzlies,133
Sat Mar 18 2023,8:00p,Sacramento Kings,132,Washington Wizards,118
Sat Mar 18 2023,9:00p,Boston Celtics,117,Utah Jazz,118
Sun Mar 19 2023,3:30p,Denver Nuggets,108,Brooklyn Nets,102
Sun Mar 19 2023,3:30p,Phoenix Suns,120,Oklahoma City Thunder,124
Sun Mar 19 2023,4:00p,Atlanta Hawks,118,San Antonio Spurs,126
Sun Mar 19 2023,6:00p,Miami Heat,112,Detroit Pistons,100
Sun Mar 19 2023,7:00p,New Orleans Pelicans,117,Houston Rockets,107
Sun Mar 19 2023,8:00p,Toronto Raptors,111,Milwaukee Bucks,118
Sun Mar 19 2023,9:00p,Los Angeles Clippers,117,Portland Trail Blazers,102
Sun Mar 19 2023,9:30p,Orlando Magic,105,Los Angeles Lakers,111
Mon Mar 20 2023,7:00p,Indiana Pacers,109,Charlotte Hornets,115
Mon Mar 20 2023,7:00p,Chicago Bulls,109,Philadelphia 76ers,105
Mon Mar 20 2023,7:30p,Minnesota Timberwolves,140,New York Knicks,134
Mon Mar 20 2023,8:00p,Golden State Warriors,121,Houston Rockets,108
Mon Mar 20 2023,8:00p,Dallas Mavericks,108,Memphis Grizzlies,112
Mon Mar 20 2023,9:00p,Sacramento Kings,120,Utah Jazz,128
Tue Mar 21 2023,7:00p,Washington Wizards,112,Orlando Magic,122
Tue Mar 21 2023,7:30p,Detroit Pistons,107,Atlanta Hawks,129
Tue Mar 21 2023,7:30p,Cleveland Cavaliers,115,Brooklyn Nets,109
Tue Mar 21 2023,8:00p,San Antonio Spurs,84,New Orleans Pelicans,119
Tue Mar 21 2023,10:00p,Boston Celtics,132,Sacramento Kings,109
Tue Mar 21 2023,10:30p,Oklahoma City Thunder,101,Los Angeles Clippers,100
Wed Mar 22 2023,7:00p,Denver Nuggets,118,Washington Wizards,104
Wed Mar 22 2023,7:30p,Golden State Warriors,127,Dallas Mavericks,125
Wed Mar 22 2023,7:30p,New York Knicks,120,Miami Heat,127
Wed Mar 22 2023,7:30p,Indiana Pacers,118,Toronto Raptors,114
Wed Mar 22 2023,8:00p,Philadelphia 76ers,116,Chicago Bulls,91
Wed Mar 22 2023,8:00p,Houston Rockets,125,Memphis Grizzlies,130
Wed Mar 22 2023,8:00p,San Antonio Spurs,94,Milwaukee Bucks,130
Wed Mar 22 2023,8:00p,Atlanta Hawks,124,Minnesota Timberwolves,125
Wed Mar 22 2023,9:00p,Portland Trail Blazers,127,Utah Jazz,115
Wed Mar 22 2023,10:00p,Phoenix Suns,111,Los Angeles Lakers,122
Thu Mar 23 2023,7:00p,New York Knicks,106,Orlando Magic,111
Thu Mar 23 2023,7:30p,Cleveland Cavaliers,116,Brooklyn Nets,114
Thu Mar 23 2023,8:00p,Charlotte Hornets,96,New Orleans Pelicans,115
Thu Mar 23 2023,10:30p,Oklahoma City Thunder,105,Los Angeles Clippers,127
Fri Mar 24 2023,7:00p,Indiana Pacers,95,Boston Celtics,120
Fri Mar 24 2023,7:00p,San Antonio Spurs,124,Washington Wizards,136
Fri Mar 24 2023,7:30p,Detroit Pistons,97,Toronto Raptors,118
Fri Mar 24 2023,8:00p,Houston Rockets,114,Memphis Grizzlies,151
Fri Mar 24 2023,8:30p,Charlotte Hornets,117,Dallas Mavericks,109
Fri Mar 24 2023,9:00p,Milwaukee Bucks,144,Utah Jazz,116
Fri Mar 24 2023,10:00p,Philadelphia 76ers,112,Golden State Warriors,120
Fri Mar 24 2023,10:00p,Chicago Bulls,124,Portland Trail Blazers,96
Fri Mar 24 2023,10:00p,Phoenix Suns,127,Sacramento Kings,135
Fri Mar 24 2023,10:30p,Oklahoma City Thunder,111,Los Angeles Lakers,116
Sat Mar 25 2023,5:00p,Indiana Pacers,130,Atlanta Hawks,143
Sat Mar 25 2023,8:00p,Brooklyn Nets,129,Miami Heat,100
Sat Mar 25 2023,9:00p,Milwaukee Bucks,106,Denver Nuggets,129
Sat Mar 25 2023,10:00p,Philadelphia 76ers,105,Phoenix Suns,125
Sat Mar 25 2023,10:00p,Utah Jazz,113,Sacramento Kings,121
Sat Mar 25 2023,10:30p,New Orleans Pelicans,131,Los Angeles Clippers,110
Sun Mar 26 2023,1:00p,Dallas Mavericks,104,Charlotte Hornets,110
Sun Mar 26 2023,3:30p,Chicago Bulls,118,Los Angeles Lakers,108
Sun Mar 26 2023,6:00p,Memphis Grizzlies,123,Atlanta Hawks,119
Sun Mar 26 2023,6:00p,San Antonio Spurs,93,Boston Celtics,137
Sun Mar 26 2023,6:00p,Houston Rockets,91,Cleveland Cavaliers,108
Sun Mar 26 2023,6:00p,Brooklyn Nets,106,Orlando Magic,119
Sun Mar 26 2023,6:00p,Washington Wizards,104,Toronto Raptors,114
Sun Mar 26 2023,7:00p,Oklahoma City Thunder,118,Portland Trail Blazers,112
Sun Mar 26 2023,8:30p,Minnesota Timberwolves,99,Golden State Warriors,96
Mon Mar 27 2023,7:00p,Milwaukee Bucks,126,Detroit Pistons,117
Mon Mar 27 2023,7:00p,Dallas Mavericks,127,Indiana Pacers,104
Mon Mar 27 2023,7:30p,Houston Rockets,115,New York Knicks,137
Mon Mar 27 2023,9:00p,Phoenix Suns,117,Utah Jazz,103
Mon Mar 27 2023,9:30p,Philadelphia 76ers,111,Denver Nuggets,116
Mon Mar 27 2023,10:00p,New Orleans Pelicans,124,Portland Trail Blazers,90
Mon Mar 27 2023,10:00p,Minnesota Timberwolves,119,Sacramento Kings,115
Mon Mar 27 2023,10:30p,Chicago Bulls,112,Los Angeles Clippers,124
Tue Mar 28 2023,7:00p,Boston Celtics,111,Washington Wizards,130
Tue Mar 28 2023,7:30p,Cleveland Cavaliers,118,Atlanta Hawks,120
Tue Mar 28 2023,7:30p,Miami Heat,92,Toronto Raptors,106
Tue Mar 28 2023,8:00p,Orlando Magic,108,Memphis Grizzlies,113
Tue Mar 28 2023,8:00p,Charlotte Hornets,137,Oklahoma City Thunder,134
Tue Mar 28 2023,10:00p,New Orleans Pelicans,109,Golden State Warriors,120
Wed Mar 29 2023,7:00p,Milwaukee Bucks,149,Indiana Pacers,136
Wed Mar 29 2023,7:30p,Houston Rockets,114,Brooklyn Nets,123
Wed Mar 29 2023,7:30p,Miami Heat,92,New York Knicks,101
Wed Mar 29 2023,7:30p,Dallas Mavericks,108,Philadelphia 76ers,116
Wed Mar 29 2023,8:00p,Los Angeles Lakers,121,Chicago Bulls,110
Wed Mar 29 2023,8:00p,Los Angeles Clippers,141,Memphis Grizzlies,132
Wed Mar 29 2023,8:00p,Detroit Pistons,106,Oklahoma City Thunder,107
Wed Mar 29 2023,8:00p,Utah Jazz,128,San Antonio Spurs,117
Wed Mar 29 2023,10:00p,Minnesota Timberwolves,100,Phoenix Suns,107
Wed Mar 29 2023,10:00p,Sacramento Kings,120,Portland Trail Blazers,80
Thu Mar 30 2023,7:30p,Boston Celtics,140,Milwaukee Bucks,99
Thu Mar 30 2023,10:00p,New Orleans Pelicans,107,Denver Nuggets,88
Fri Mar 31 2023,7:00p,Chicago Bulls,121,Charlotte Hornets,91
Fri Mar 31 2023,7:00p,Oklahoma City Thunder,117,Indiana Pacers,121
Fri Mar 31 2023,7:00p,Toronto Raptors,110,Philadelphia 76ers,117
Fri Mar 31 2023,7:00p,Orlando Magic,116,Washington Wizards,109
Fri Mar 31 2023,7:30p,Utah Jazz,114,Boston Celtics,122
Fri Mar 31 2023,7:30p,Atlanta Hawks,107,Brooklyn Nets,124
Fri Mar 31 2023,7:30p,New York Knicks,130,Cleveland Cavaliers,116
Fri Mar 31 2023,8:00p,Detroit Pistons,115,Houston Rockets,121
Fri Mar 31 2023,8:00p,Los Angeles Clippers,94,Memphis Grizzlies,108
Fri Mar 31 2023,8:00p,Los Angeles Lakers,123,Minnesota Timberwolves,111
Fri Mar 31 2023,10:00p,San Antonio Spurs,115,Golden State Warriors,130
Fri Mar 31 2023,10:00p,Sacramento Kings,138,Portland Trail Blazers,114
Fri Mar 31 2023,10:30p,Denver Nuggets,93,Phoenix Suns,100
Sat Apr 1 2023,7:30p,Dallas Mavericks,122,Miami Heat,129
Sat Apr 1 2023,8:30p,Los Angeles Clippers,114,New Orleans Pelicans,122
Sun Apr 2 2023,1:00p,Toronto Raptors,128,Charlotte Hornets,108
Sun Apr 2 2023,3:30p,Utah Jazz,110,Brooklyn Nets,111
Sun Apr 2 2023,3:30p,Memphis Grizzlies,107,Chicago Bulls,128
Sun Apr 2 2023,3:30p,Portland Trail Blazers,107,Minnesota Timberwolves,105
Sun Apr 2 2023,6:00p,Dallas Mavericks,130,Atlanta Hawks,132
Sun Apr 2 2023,6:00p,Washington Wizards,109,New York Knicks,118
Sun Apr 2 2023,6:00p,Detroit Pistons,102,Orlando Magic,128
Sun Apr 2 2023,6:00p,San Antonio Spurs,142,Sacramento Kings,134
Sun Apr 2 2023,7:00p,Los Angeles Lakers,134,Houston Rockets,109
Sun Apr 2 2023,7:00p,Phoenix Suns,128,Oklahoma City Thunder,118
Sun Apr 2 2023,8:00p,Indiana Pacers,105,Cleveland Cavaliers,115
Sun Apr 2 2023,8:00p,Philadelphia 76ers,104,Milwaukee Bucks,117
Sun Apr 2 2023,8:30p,Golden State Warriors,110,Denver Nuggets,112
Tue Apr 4 2023,7:00p,Toronto Raptors,120,Charlotte Hornets,100
Tue Apr 4 2023,7:00p,Miami Heat,118,Detroit Pistons,105
Tue Apr 4 2023,7:00p,Cleveland Cavaliers,117,Orlando Magic,113
Tue Apr 4 2023,7:00p,Milwaukee Bucks,140,Washington Wizards,128
Tue Apr 4 2023,7:30p,Minnesota Timberwolves,107,Brooklyn Nets,102
Tue Apr 4 2023,8:00p,Atlanta Hawks,123,Chicago Bulls,105
Tue Apr 4 2023,8:00p,Denver Nuggets,103,Houston Rockets,124
Tue Apr 4 2023,8:00p,Portland Trail Blazers,109,Memphis Grizzlies,119
Tue Apr 4 2023,8:00p,Sacramento Kings,121,New Orleans Pelicans,103
Tue Apr 4 2023,8:00p,Boston Celtics,101,Philadelphia 76ers,103
Tue Apr 4 2023,9:00p,Los Angeles Lakers,135,Utah Jazz,133
Tue Apr 4 2023,10:00p,Oklahoma City Thunder,125,Golden State Warriors,136
Tue Apr 4 2023,10:00p,San Antonio Spurs,94,Phoenix Suns,115
Wed Apr 5 2023,7:00p,Brooklyn Nets,123,Detroit Pistons,108
Wed Apr 5 2023,7:00p,New York Knicks,138,Indiana Pacers,129
Wed Apr 5 2023,7:30p,Washington Wizards,116,Atlanta Hawks,134
Wed Apr 5 2023,7:30p,Toronto Raptors,93,Boston Celtics,97
Wed Apr 5 2023,7:30p,Chicago Bulls,92,Milwaukee Bucks,105
Wed Apr 5 2023,8:00p,Memphis Grizzlies,131,New Orleans Pelicans,138
Wed Apr 5 2023,8:30p,Sacramento Kings,119,Dallas Mavericks,123
Wed Apr 5 2023,10:00p,Los Angeles Lakers,118,Los Angeles Clippers,125
Thu Apr 6 2023,7:00p,Cleveland Cavaliers,118,Orlando Magic,94
Thu Apr 6 2023,7:30p,Miami Heat,129,Philadelphia 76ers,101
Thu Apr 6 2023,8:00p,Portland Trail Blazers,127,San Antonio Spurs,129
Thu Apr 6 2023,9:00p,Oklahoma City Thunder,114,Utah Jazz,98
Thu Apr 6 2023,10:00p,Denver Nuggets,115,Phoenix Suns,119
Fri Apr 7 2023,7:00p,Houston Rockets,112,Charlotte Hornets,109
Fri Apr 7 2023,7:00p,Detroit Pistons,122,Indiana Pacers,115
Fri Apr 7 2023,7:00p,Miami Heat,108,Washington Wizards,114
Fri Apr 7 2023,7:30p,Philadelphia 76ers,136,Atlanta Hawks,131
Fri Apr 7 2023,7:30p,Toronto Raptors,102,Boston Celtics,121
Fri Apr 7 2023,7:30p,Orlando Magic,84,Brooklyn Nets,101
Fri Apr 7 2023,8:00p,Memphis Grizzlies,137,Milwaukee Bucks,114
Fri Apr 7 2023,8:00p,New York Knicks,105,New Orleans Pelicans,113
Fri Apr 7 2023,8:30p,Chicago Bulls,115,Dallas Mavericks,112
Fri Apr 7 2023,10:00p,Golden State Warriors,119,Sacramento Kings,97
Fri Apr 7 2023,10:30p,Phoenix Suns,107,Los Angeles Lakers,121
Sat Apr 8 2023,3:30p,Denver Nuggets,114,Utah Jazz,118
Sat Apr 8 2023,4:00p,Portland Trail Blazers,125,Los Angeles Clippers,136
Sat Apr 8 2023,4:00p,Minnesota Timberwolves,151,San Antonio Spurs,131
Sun Apr 9 2023,1:00p,Atlanta Hawks,114,Boston Celtics,120
Sun Apr 9 2023,1:00p,Philadelphia 76ers,134,Brooklyn Nets,105
Sun Apr 9 2023,1:00p,Detroit Pistons,81,Chicago Bulls,103
Sun Apr 9 2023,1:00p,Charlotte Hornets,106,Cleveland Cavaliers,95
Sun Apr 9 2023,1:00p,Orlando Magic,110,Miami Heat,123
Sun Apr 9 2023,1:00p,Indiana Pacers,141,New York Knicks,136
Sun Apr 9 2023,1:00p,Milwaukee Bucks,105,Toronto Raptors,121
Sun Apr 9 2023,1:00p,Houston Rockets,114,Washington Wizards,109
Sun Apr 9 2023,3:30p,San Antonio Spurs,138,Dallas Mavericks,117
Sun Apr 9 2023,3:30p,Sacramento Kings,95,Denver Nuggets,109
Sun Apr 9 2023,3:30p,Utah Jazz,117,Los Angeles Lakers,128
Sun Apr 9 2023,3:30p,New Orleans Pelicans,108,Minnesota Timberwolves,113
Sun Apr 9 2023,3:30p,Memphis Grizzlies,100,Oklahoma City Thunder,115
Sun Apr 9 2023,3:30p,Los Angeles Clippers,119,Phoenix Suns,114
Sun Apr 9 2023,3:30p,Golden State Warriors,157,Portland Trail Blazers,101
Tue Apr 11 2023,7:30p,Atlanta Hawks,116,Miami Heat,105
Tue Apr 11 2023,10:00p,Minnesota Timberwolves,102,Los Angeles Lakers,108
Wed Apr 12 2023,7:00p,Chicago Bulls,109,Toronto Raptors,105
Wed Apr 12 2023,9:30p,Oklahoma City Thunder,123,New Orleans Pelicans,118
Fri Apr 14 2023,7:00p,Chicago Bulls,91,Miami Heat,102
Fri Apr 14 2023,9:30p,Oklahoma City Thunder,95,Minnesota Timberwolves,120
Sat Apr 15 2023,1:00p,Brooklyn Nets,101,Philadelphia 76ers,121
Sat Apr 15 2023,3:30p,Atlanta Hawks,99,Boston Celtics,112
Sat Apr 15 2023,6:00p,New York Knicks,101,Cleveland Cavaliers,97
Sat Apr 15 2023,8:30p,Golden State Warriors,123,Sacramento Kings,126
Sun Apr 16 2023,3:00p,Los Angeles Lakers,128,Memphis Grizzlies,112
Sun Apr 16 2023,5:30p,Miami Heat,130,Milwaukee Bucks,117
Sun Apr 16 2023,8:00p,Los Angeles Clippers,115,Phoenix Suns,110
Sun Apr 16 2023,10:30p,Minnesota Timberwolves,80,Denver Nuggets,109
Mon Apr 17 2023,7:30p,Brooklyn Nets,84,Philadelphia 76ers,96
Mon Apr 17 2023,10:00p,Golden State Warriors,106,Sacramento Kings,114
Tue Apr 18 2023,7:00p,Atlanta Hawks,106,Boston Celtics,119
Tue Apr 18 2023,7:30p,New York Knicks,90,Cleveland Cavaliers,107
Tue Apr 18 2023,10:00p,Los Angeles Clippers,109,Phoenix Suns,123
Wed Apr 19 2023,7:30p,Los Angeles Lakers,93,Memphis Grizzlies,103
Wed Apr 19 2023,9:00p,Miami Heat,122,Milwaukee Bucks,138
Wed Apr 19 2023,10:00p,Minnesota Timberwolves,113,Denver Nuggets,122
Thu Apr 20 2023,7:30p,Philadelphia 76ers,102,Brooklyn Nets,97
Thu Apr 20 2023,10:00p,Sacramento Kings,97,Golden State Warriors,114
Thu Apr 20 2023,10:30p,Phoenix Suns,129,Los Angeles Clippers,124
Fri Apr 21 2023,7:00p,Boston Celtics,122,Atlanta Hawks,130
Fri Apr 21 2023,8:30p,Cleveland Cavaliers,79,New York Knicks,99
Fri Apr 21 2023,9:30p,Denver Nuggets,120,Minnesota Timberwolves,111
Sat Apr 22 2023,1:00p,Philadelphia 76ers,96,Brooklyn Nets,88
Sat Apr 22 2023,3:30p,Phoenix Suns,112,Los Angeles Clippers,100
Sat Apr 22 2023,7:30p,Milwaukee Bucks,99,Miami Heat,121
Sat Apr 22 2023,10:00p,Memphis Grizzlies,101,Los Angeles Lakers,111
Sun Apr 23 2023,1:00p,Cleveland Cavaliers,93,New York Knicks,102
Sun Apr 23 2023,3:30p,Sacramento Kings,125,Golden State Warriors,126
Sun Apr 23 2023,7:00p,Boston Celtics,129,Atlanta Hawks,121
Sun Apr 23 2023,9:30p,Denver Nuggets,108,Minnesota Timberwolves,114
Mon Apr 24 2023,7:30p,Milwaukee Bucks,114,Miami Heat,119
Mon Apr 24 2023,10:00p,Memphis Grizzlies,111,Los Angeles Lakers,117
Tue Apr 25 2023,7:30p,Atlanta Hawks,119,Boston Celtics,117
Tue Apr 25 2023,9:00p,Minnesota Timberwolves,109,Denver Nuggets,112
Tue Apr 25 2023,10:00p,Los Angeles Clippers,130,Phoenix Suns,136
Wed Apr 26 2023,7:00p,New York Knicks,106,Cleveland Cavaliers,95
Wed Apr 26 2023,7:30p,Los Angeles Lakers,99,Memphis Grizzlies,116
Wed Apr 26 2023,9:30p,Miami Heat,128,Milwaukee Bucks,126
Wed Apr 26 2023,10:00p,Golden State Warriors,123,Sacramento Kings,116
Thu Apr 27 2023,8:30p,Boston Celtics,128,Atlanta Hawks,120
Fri Apr 28 2023,8:00p,Sacramento Kings,118,Golden State Warriors,99
Fri Apr 28 2023,10:30p,Memphis Grizzlies,85,Los Angeles Lakers,125
Sat Apr 29 2023,8:30p,Phoenix Suns,107,Denver Nuggets,125
Sun Apr 30 2023,1:00p,Miami Heat,108,New York Knicks,101
Sun Apr 30 2023,3:30p,Golden State Warriors,120,Sacramento Kings,100
Mon May 1 2023,7:30p,Philadelphia 76ers,119,Boston Celtics,115
Mon May 1 2023,10:00p,Phoenix Suns,87,Denver Nuggets,97
Tue May 2 2023,7:30p,Miami Heat,105,New York Knicks,111
Tue May 2 2023,10:00p,Los Angeles Lakers,117,Golden State Warriors,112
Wed May 3 2023,8:00p,Philadelphia 76ers,87,Boston Celtics,121
Thu May 4 2023,9:00p,Los Angeles Lakers,100,Golden State Warriors,127
Fri May 5 2023,7:30p,Boston Celtics,114,Philadelphia 76ers,102
Fri May 5 2023,10:00p,Denver Nuggets,114,Phoenix Suns,121
Sat May 6 2023,3:30p,New York Knicks,86,Miami Heat,105
Sat May 6 2023,8:30p,Golden State Warriors,97,Los Angeles Lakers,127
Sun May 7 2023,3:30p,Boston Celtics,115,Philadelphia 76ers,116
Sun May 7 2023,8:00p,Denver Nuggets,124,Phoenix Suns,129
Mon May 8 2023,7:30p,New York Knicks,101,Miami Heat,109
Mon May 8 2023,10:00p,Golden State Warriors,101,Los Angeles Lakers,104
Tue May 9 2023,7:30p,Philadelphia 76ers,115,Boston Celtics,103
Tue May 9 2023,10:00p,Phoenix Suns,102,Denver Nuggets,118
Wed May 10 2023,7:30p,Miami Heat,103,New York Knicks,112
Wed May 10 2023,10:00p,Los Angeles Lakers,106,Golden State Warriors,121
Thu May 11 2023,7:30p,Boston Celtics,95,Philadelphia 76ers,86
Thu May 11 2023,10:00p,Denver Nuggets,125,Phoenix Suns,100
Fri May 12 2023,7:30p,New York Knicks,92,Miami Heat,96
Fri May 12 2023,10:00p,Golden State Warriors,101,Los Angeles Lakers,122
Sun May 14 2023,3:30p,Philadelphia 76ers,88,Boston Celtics,112
Tue May 16 2023,8:30p,Los Angeles Lakers,126,Denver Nuggets,132
Wed May 17 2023,8:30p,Miami Heat,123,Boston Celtics,116
Thu May 18 2023,8:30p,Los Angeles Lakers,103,Denver Nuggets,108
Fri May 19 2023,8:30p,Miami Heat,111,Boston Celtics,105
Sat May 20 2023,8:30p,Denver Nuggets,119,Los Angeles Lakers,108
Sun May 21 2023,8:30p,Boston Celtics,102,Miami Heat,128
Mon May 22 2023,8:30p,Denver Nuggets,113,Los Angeles Lakers,111
Tue May 23 2023,8:30p,Boston Celtics,116,Miami Heat,99
Thu May 25 2023,8:30p,Miami Heat,97,Boston Celtics,110
Sat May 27 2023,8:30p,Boston Celtics,104,Miami Heat,103
Mon May 29 2023,8:30p,Miami Heat,103,Boston Celtics,84
Thu Jun 1 2023,8:30p,Miami Heat,93,Denver Nuggets,104
Sun Jun 4 2023,8:00p,Miami Heat,111,Denver Nuggets,108
Wed Jun 7 2023,8:30p,Denver Nuggets,109,Miami Heat,94
Fri Jun 9 2023,8:30p,Denver Nuggets,108,Miami Heat,95
Mon Jun 12 2023,8:30p,Miami Heat,89,Denver Nuggets,94