Tue Oct 24 2023,Los Angeles Lakers,107,Denver Nuggets,119
Tue Oct 24 2023,Phoenix Suns,108,Golden State Warriors,104
Wed Oct 25 2023,Houston Rockets,86,Orlando Magic,116
Wed Oct 25 2023,Boston Celtics,108,New York Knicks,104
Wed Oct 25 2023,Washington Wizards,120,Indiana Pacers,143
Wed Oct 25 2023,Atlanta Hawks,110,Charlotte Hornets,116
Wed Oct 25 2023,Detroit Pistons,102,Miami Heat,103
Wed Oct 25 2023,Minnesota Timberwolves,94,Toronto Raptors,97
Wed Oct 25 2023,Cleveland Cavaliers,114,Brooklyn Nets,113
Wed Oct 25 2023,New Orleans Pelicans,111,Memphis Grizzlies,104
Wed Oct 25 2023,Oklahoma City Thunder,124,Chicago Bulls,104
Wed Oct 25 2023,Sacramento Kings,130,Utah Jazz,114
Wed Oct 25 2023,Dallas Mavericks,126,San Antonio Spurs,119
Wed Oct 25 2023,Portland Trail Blazers,111,Los Angeles Clippers,123
Thu Oct 26 2023,Philadelphia 76ers,117,Milwaukee Bucks,118
Thu Oct 26 2023,Phoenix Suns,95,Los Angeles Lakers,100
Fri Oct 27 2023,Denver Nuggets,108,Memphis Grizzlies,104
Fri Oct 27 2023,Detroit Pistons,111,Charlotte Hornets,99
Fri Oct 27 2023,New York Knicks,126,Atlanta Hawks,120
Fri Oct 27 2023,Oklahoma City Thunder,108,Cleveland Cavaliers,105
Fri Oct 27 2023,Miami Heat,111,Boston Celtics,119
Fri Oct 27 2023,Toronto Raptors,103,Chicago Bulls,104
Fri Oct 27 2023,Houston Rockets,122,San Antonio Spurs,126
Fri Oct 27 2023,Brooklyn Nets,120,Dallas Mavericks,125
Fri Oct 27 2023,Los Angeles Clippers,118,Utah Jazz,120
Fri Oct 27 2023,Orlando Magic,102,Portland Trail Blazers,97
Fri Oct 27 2023,Golden State Warriors,122,Sacramento Kings,114
Sat Oct 28 2023,Chicago Bulls,102,Detroit Pistons,118
Sat Oct 28 2023,Memphis Grizzlies,106,Washington Wizards,113
Sat Oct 28 2023,New York Knicks,87,New Orleans Pelicans,96
Sat Oct 28 2023,Indiana Pacers,125,Cleveland Cavaliers,113
Sat Oct 28 2023,Philadelphia 76ers,114,Toronto Raptors,107
Sat Oct 28 2023,Miami Heat,90,Minnesota Timberwolves,106
Sat Oct 28 2023,Utah Jazz,104,Phoenix Suns,126
Sun Oct 29 2023,Denver Nuggets,128,Oklahoma City Thunder,95
Sun Oct 29 2023,Golden State Warriors,106,Houston Rockets,95
Sun Oct 29 2023,Atlanta Hawks,127,Milwaukee Bucks,110
Sun Oct 29 2023,Portland Trail Blazers,98,Philadelphia 76ers,126
Sun Oct 29 2023,San Antonio Spurs,83,Los Angeles Clippers,123
Sun Oct 29 2023,Los Angeles Lakers,127,Sacramento Kings,132
Mon Oct 30 2023,Chicago Bulls,112,Indiana Pacers,105
Mon Oct 30 2023,Boston Celtics,126,Washington Wizards,107
Mon Oct 30 2023,Brooklyn Nets,133,Charlotte Hornets,121
Mon Oct 30 2023,Portland Trail Blazers,99,Toronto Raptors,91
Mon Oct 30 2023,Minnesota Timberwolves,113,Atlanta Hawks,127
Mon Oct 30 2023,Dallas Mavericks,125,Memphis Grizzlies,110
Mon Oct 30 2023,Miami Heat,114,Milwaukee Bucks,122
Mon Oct 30 2023,Golden State Warriors,130,New Orleans Pelicans,102
Mon Oct 30 2023,Detroit Pistons,112,Oklahoma City Thunder,124
Mon Oct 30 2023,Utah Jazz,102,Denver Nuggets,110
Mon Oct 30 2023,Orlando Magic,103,Los Angeles Lakers,106
Tue Oct 31 2023,New York Knicks,109,Cleveland Cavaliers,91
Tue Oct 31 2023,San Antonio Spurs,115,Phoenix Suns,114
Tue Oct 31 2023,Orlando Magic,102,Los Angeles Clippers,118
Wed Nov 1 2023,Portland Trail Blazers,110,Detroit Pistons,101
Wed Nov 1 2023,Milwaukee Bucks,111,Toronto Raptors,130
Wed Nov 1 2023,Washington Wizards,121,Atlanta Hawks,130
Wed Nov 1 2023,Indiana Pacers,104,Boston Celtics,155
Wed Nov 1 2023,Brooklyn Nets,109,Miami Heat,105
Wed Nov 1 2023,Cleveland Cavaliers,95,New York Knicks,89
Wed Nov 1 2023,New Orleans Pelicans,110,Oklahoma City Thunder,106
Wed Nov 1 2023,Charlotte Hornets,119,Houston Rockets,128
Wed Nov 1 2023,Denver Nuggets,89,Minnesota Timberwolves,110
Wed Nov 1 2023,Chicago Bulls,105,Dallas Mavericks,114
Wed Nov 1 2023,Memphis Grizzlies,109,Utah Jazz,133
Wed Nov 1 2023,Sacramento Kings,101,Golden State Warriors,102
Wed Nov 1 2023,Los Angeles Clippers,125,Los Angeles Lakers,130
Thu Nov 2 2023,Toronto Raptors,99,Philadelphia 76ers,114
Thu Nov 2 2023,Detroit Pistons,116,New Orleans Pelicans,125
Thu Nov 2 2023,Orlando Magic,115,Utah Jazz,113
Thu Nov 2 2023,San Antonio Spurs,132,Phoenix Suns,121
Fri Nov 3 2023,Cleveland Cavaliers,116,Indiana Pacers,121
Fri Nov 3 2023,New York Knicks,105,Milwaukee Bucks,110
Fri Nov 3 2023,Brooklyn Nets,109,Chicago Bulls,107
Fri Nov 3 2023,Washington Wizards,114,Miami Heat,121
Fri Nov 3 2023,Golden State Warriors,141,Oklahoma City Thunder,139
Fri Nov 3 2023,Dallas Mavericks,114,Denver Nuggets,125
Fri Nov 3 2023,Memphis Grizzlies,113,Portland Trail Blazers,115
Sat Nov 4 2023,Phoenix Suns,100,Philadelphia 76ers,112
Sat Nov 4 2023,Charlotte Hornets,125,Indiana Pacers,124
Sat Nov 4 2023,Atlanta Hawks,123,New Orleans Pelicans,105
Sat Nov 4 2023,Los Angeles Lakers,101,Orlando Magic,120
Sat Nov 4 2023,Boston Celtics,124,Brooklyn Nets,114
Sat Nov 4 2023,Sacramento Kings,89,Houston Rockets,107
Sat Nov 4 2023,Utah Jazz,95,Minnesota Timberwolves,123
Sat Nov 4 2023,Chicago Bulls,101,Denver Nuggets,123
Sun Nov 5 2023,Phoenix Suns,120,Detroit Pistons,106
Sun Nov 5 2023,Toronto Raptors,123,San Antonio Spurs,116
Sun Nov 5 2023,Golden State Warriors,104,Cleveland Cavaliers,115
Sun Nov 5 2023,Charlotte Hornets,118,Dallas Mavericks,124
Sun Nov 5 2023,Memphis Grizzlies,112,Portland Trail Blazers,100
Mon Nov 6 2023,Golden State Warriors,120,Detroit Pistons,109
Mon Nov 6 2023,San Antonio Spurs,111,Indiana Pacers,152
Mon Nov 6 2023,Dallas Mavericks,117,Orlando Magic,102
Mon Nov 6 2023,Washington Wizards,128,Philadelphia 76ers,146
Mon Nov 6 2023,Milwaukee Bucks,129,Brooklyn Nets,125
Mon Nov 6 2023,Los Angeles Lakers,107,Miami Heat,108
Mon Nov 6 2023,Los Angeles Clippers,97,New York Knicks,111
Mon Nov 6 2023,Utah Jazz,113,Chicago Bulls,130
Mon Nov 6 2023,Sacramento Kings,97,Houston Rockets,122
Mon Nov 6 2023,Boston Celtics,109,Minnesota Timberwolves,114
Mon Nov 6 2023,Atlanta Hawks,117,Oklahoma City Thunder,126
Mon Nov 6 2023,New Orleans Pelicans,116,Denver Nuggets,134
Wed Nov 8 2023,Washington Wizards,132,Charlotte Hornets,116
Wed Nov 8 2023,Utah Jazz,118,Indiana Pacers,134
Wed Nov 8 2023,Boston Celtics,103,Philadelphia 76ers,106
Wed Nov 8 2023,Los Angeles Clippers,93,Brooklyn Nets,100
Wed Nov 8 2023,San Antonio Spurs,105,New York Knicks,126
Wed Nov 8 2023,Phoenix Suns,116,Chicago Bulls,115
Wed Nov 8 2023,Los Angeles Lakers,94,Houston Rockets,128
Wed Nov 8 2023,Miami Heat,108,Memphis Grizzlies,102
Wed Nov 8 2023,Detroit Pistons,118,Milwaukee Bucks,120
Wed Nov 8 2023,New Orleans Pelicans,101,Minnesota Timberwolves,122
Wed Nov 8 2023,Cleveland Cavaliers,120,Oklahoma City Thunder,128
Wed Nov 8 2023,Toronto Raptors,127,Dallas Mavericks,116
Wed Nov 8 2023,Golden State Warriors,105,Denver Nuggets,108
Wed Nov 8 2023,Portland Trail Blazers,118,Sacramento Kings,121
Thu Nov 9 2023,Milwaukee Bucks,124,Indiana Pacers,126
Thu Nov 9 2023,Atlanta Hawks,120,Orlando Magic,119
Fri Nov 10 2023,Philadelphia 76ers,114,Detroit Pistons,106
Fri Nov 10 2023,Charlotte Hornets,124,Washington Wizards,117
Fri Nov 10 2023,Brooklyn Nets,107,Boston Celtics,121
Fri Nov 10 2023,New Orleans Pelicans,101,Houston Rockets,104
Fri Nov 10 2023,Utah Jazz,127,Memphis Grizzlies,121
Fri Nov 10 2023,Minnesota Timberwolves,117,San Antonio Spurs,110
Fri Nov 10 2023,Los Angeles Clippers,126,Dallas Mavericks,144
Fri Nov 10 2023,Los Angeles Lakers,122,Phoenix Suns,119
Fri Nov 10 2023,Oklahoma City Thunder,98,Sacramento Kings,105
Sat Nov 11 2023,Milwaukee Bucks,97,Orlando Magic,112
Sat Nov 11 2023,Toronto Raptors,94,Boston Celtics,117
Sat Nov 11 2023,Miami Heat,117,Atlanta Hawks,109
Sat Nov 11 2023,Cleveland Cavaliers,118,Golden State Warriors,110
Sun Nov 12 2023,Charlotte Hornets,107,New York Knicks,129
Sun Nov 12 2023,Washington Wizards,94,Brooklyn Nets,102
Sun Nov 12 2023,Memphis Grizzlies,105,Los Angeles Clippers,101
Sun Nov 12 2023,Indiana Pacers,126,Philadelphia 76ers,137
Sun Nov 12 2023,Detroit Pistons,108,Chicago Bulls,119
Sun Nov 12 2023,Denver Nuggets,104,Houston Rockets,107
Sun Nov 12 2023,Dallas Mavericks,136,New Orleans Pelicans,124
Sun Nov 12 2023,Miami Heat,118,San Antonio Spurs,113
Sun Nov 12 2023,Oklahoma City Thunder,111,Phoenix Suns,99
Sun Nov 12 2023,Minnesota Timberwolves,116,Golden State Warriors,110
Sun Nov 12 2023,Portland Trail Blazers,110,Los Angeles Lakers,116
Mon Nov 13 2023,New York Knicks,98,Boston Celtics,114
Mon Nov 13 2023,Washington Wizards,107,Toronto Raptors,111
Mon Nov 13 2023,Chicago Bulls,109,Milwaukee Bucks,118
Mon Nov 13 2023,Cleveland Cavaliers,120,Sacramento Kings,132
Tue Nov 14 2023,Miami Heat,111,Charlotte Hornets,105
Tue Nov 14 2023,Atlanta Hawks,126,Detroit Pistons,120
Tue Nov 14 2023,Indiana Pacers,132,Philadelphia 76ers,126
Tue Nov 14 2023,Orlando Magic,104,Brooklyn Nets,124
Tue Nov 14 2023,San Antonio Spurs,87,Oklahoma City Thunder,123
Tue Nov 14 2023,Dallas Mavericks,110,New Orleans Pelicans,131
Tue Nov 14 2023,Portland Trail Blazers,99,Utah Jazz,115
Tue Nov 14 2023,Los Angeles Clippers,108,Denver Nuggets,111
Tue Nov 14 2023,Minnesota Timberwolves,104,Golden State Warriors,101
Tue Nov 14 2023,Memphis Grizzlies,107,Los Angeles Lakers,134
Wed Nov 15 2023,Dallas Mavericks,130,Washington Wizards,117
Wed Nov 15 2023,New York Knicks,116,Atlanta Hawks,114
Wed Nov 15 2023,Boston Celtics,117,Philadelphia 76ers,107
Wed Nov 15 2023,Milwaukee Bucks,128,Toronto Raptors,112
Wed Nov 15 2023,Orlando Magic,96,Chicago Bulls,94
Wed Nov 15 2023,Minnesota Timberwolves,115,Phoenix Suns,133
Wed Nov 15 2023,Sacramento Kings,125,Los Angeles Lakers,110
Wed Nov 15 2023,Cleveland Cavaliers,109,Portland Trail Blazers,95
Thu Nov 16 2023,Brooklyn Nets,115,Miami Heat,122
Thu Nov 16 2023,Oklahoma City Thunder,128,Golden State Warriors,109
Fri Nov 17 2023,Milwaukee Bucks,130,Charlotte Hornets,99
Fri Nov 17 2023,New York Knicks,120,Washington Wizards,99
Fri Nov 17 2023,Philadelphia 76ers,126,Atlanta Hawks,116
Fri Nov 17 2023,Detroit Pistons,100,Cleveland Cavaliers,108
Fri Nov 17 2023,Sacramento Kings,129,San Antonio Spurs,120
Fri Nov 17 2023,Boston Celtics,108,Toronto Raptors,105
Fri Nov 17 2023,Orlando Magic,103,Chicago Bulls,97
Fri Nov 17 2023,Denver Nuggets,110,New Orleans Pelicans,115
Fri Nov 17 2023,Los Angeles Lakers,107,Portland Trail Blazers,95
Fri Nov 17 2023,Phoenix Suns,131,Utah Jazz,128
Fri Nov 17 2023,Houston Rockets,100,Los Angeles Clippers,106
Sat Nov 18 2023,New York Knicks,122,Charlotte Hornets,108
Sat Nov 18 2023,Minnesota Timberwolves,121,New Orleans Pelicans,120
Sat Nov 18 2023,Miami Heat,97,Chicago Bulls,102
Sat Nov 18 2023,Dallas Mavericks,125,Milwaukee Bucks,132
Sat Nov 18 2023,Memphis Grizzlies,120,San Antonio Spurs,108
Sat Nov 18 2023,Oklahoma City Thunder,130,Golden State Warriors,123
Sun Nov 19 2023,Philadelphia 76ers,121,Brooklyn Nets,99
Sun Nov 19 2023,Detroit Pistons,113,Toronto Raptors,142
Sun Nov 19 2023,Orlando Magic,128,Indiana Pacers,116
Sun Nov 19 2023,Denver Nuggets,109,Cleveland Cavaliers,121
Sun Nov 19 2023,Sacramento Kings,129,Dallas Mavericks,113
Sun Nov 19 2023,Boston Celtics,102,Memphis Grizzlies,100
Sun Nov 19 2023,Phoenix Suns,140,Utah Jazz,137
Sun Nov 19 2023,Oklahoma City Thunder,134,Portland Trail Blazers,91
Sun Nov 19 2023,Houston Rockets,104,Los Angeles Lakers,105
Mon Nov 20 2023,Boston Celtics,118,Charlotte Hornets,121
Mon Nov 20 2023,Denver Nuggets,107,Detroit Pistons,103
Mon Nov 20 2023,Milwaukee Bucks,142,Washington Wizards,129
Mon Nov 20 2023,Miami Heat,118,Chicago Bulls,100
Mon Nov 20 2023,New York Knicks,100,Minnesota Timberwolves,117
Mon Nov 20 2023,Sacramento Kings,93,New Orleans Pelicans,129
Mon Nov 20 2023,Los Angeles Clippers,124,San Antonio Spurs,99
Mon Nov 20 2023,Houston Rockets,116,Golden State Warriors,121
Tue Nov 21 2023,Toronto Raptors,107,Orlando Magic,126
Tue Nov 21 2023,Indiana Pacers,157,Atlanta Hawks,152
Tue Nov 21 2023,Cleveland Cavaliers,122,Philadelphia 76ers,119
Tue Nov 21 2023,Portland Trail Blazers,107,Phoenix Suns,120
Tue Nov 21 2023,Utah Jazz,99,Los Angeles Lakers,131
Wed Nov 22 2023,Washington Wizards,114,Charlotte Hornets,117
Wed Nov 22 2023,Denver Nuggets,119,Orlando Magic,124
Wed Nov 22 2023,Brooklyn Nets,145,Atlanta Hawks,147
Wed Nov 22 2023,Milwaukee Bucks,116,Boston Celtics,119
Wed Nov 22 2023,Miami Heat,129,Cleveland Cavaliers,96
Wed Nov 22 2023,Toronto Raptors,132,Indiana Pacers,131
Wed Nov 22 2023,Memphis Grizzlies,91,Houston Rockets,111
Wed Nov 22 2023,Philadelphia 76ers,99,Minnesota Timberwolves,112
Wed Nov 22 2023,Sacramento Kings,112,New Orleans Pelicans,117
Wed Nov 22 2023,Chicago Bulls,102,Oklahoma City Thunder,116
Wed Nov 22 2023,Los Angeles Clippers,109,San Antonio Spurs,102
Wed Nov 22 2023,Golden State Warriors,115,Phoenix Suns,123
Wed Nov 22 2023,Utah Jazz,105,Portland Trail Blazers,121
Wed Nov 22 2023,Dallas Mavericks,104,Los Angeles Lakers,101
Fri Nov 24 2023,Boston Celtics,96,Orlando Magic,113
Fri Nov 24 2023,Phoenix Suns,110,Memphis Grizzlies,89
Fri Nov 24 2023,Miami Heat,98,New York Knicks,100
Fri Nov 24 2023,Chicago Bulls,108,Toronto Raptors,121
Fri Nov 24 2023,Denver Nuggets,86,Houston Rockets,105
Fri Nov 24 2023,Detroit Pistons,113,Indiana Pacers,136
Fri Nov 24 2023,Washington Wizards,128,Milwaukee Bucks,131
Fri Nov 24 2023,Sacramento Kings,124,Minnesota Timberwolves,111
Fri Nov 24 2023,San Antonio Spurs,112,Golden State Warriors,118
Fri Nov 24 2023,New Orleans Pelicans,116,Los Angeles Clippers,106
Sat Nov 25 2023,Philadelphia 76ers,127,Oklahoma City Thunder,123
Sat Nov 25 2023,Miami Heat,97,Brooklyn Nets,112
Sat Nov 25 2023,Atlanta Hawks,136,Washington Wizards,108
Sat Nov 25 2023,Los Angeles Lakers,121,Cleveland Cavaliers,115
Sat Nov 25 2023,New Orleans Pelicans,100,Utah Jazz,105
Sat Nov 25 2023,Dallas Mavericks,88,Los Angeles Clippers,107
Sun Nov 26 2023,Portland Trail Blazers,102,Milwaukee Bucks,108
Sun Nov 26 2023,Atlanta Hawks,103,Boston Celtics,113
Sun Nov 26 2023,Minnesota Timberwolves,119,Memphis Grizzlies,97
Sun Nov 26 2023,Phoenix Suns,116,New York Knicks,113
Sun Nov 26 2023,Charlotte Hornets,117,Orlando Magic,130
Sun Nov 26 2023,Chicago Bulls,109,Brooklyn Nets,118
Sun Nov 26 2023,Toronto Raptors,102,Cleveland Cavaliers,105
Sun Nov 26 2023,San Antonio Spurs,120,Denver Nuggets,132
Mon Nov 27 2023,Washington Wizards,126,Detroit Pistons,107
Mon Nov 27 2023,Portland Trail Blazers,114,Indiana Pacers,110
Mon Nov 27 2023,Los Angeles Lakers,94,Philadelphia 76ers,138
Mon Nov 27 2023,New Orleans Pelicans,112,Utah Jazz,114
Mon Nov 27 2023,Denver Nuggets,113,Los Angeles Clippers,104
Tue Nov 28 2023,Chicago Bulls,97,Boston Celtics,124
Tue Nov 28 2023,Toronto Raptors,103,Brooklyn Nets,115
Tue Nov 28 2023,Atlanta Hawks,105,Cleveland Cavaliers,128
Tue Nov 28 2023,Milwaukee Bucks,131,Miami Heat,124
Tue Nov 28 2023,Charlotte Hornets,91,New York Knicks,115
Tue Nov 28 2023,Oklahoma City Thunder,103,Minnesota Timberwolves,106
Tue Nov 28 2023,Houston Rockets,115,Dallas Mavericks,121
Tue Nov 28 2023,Golden State Warriors,123,Sacramento Kings,124
Wed Nov 29 2023,Los Angeles Lakers,133,Detroit Pistons,107
Wed Nov 29 2023,Washington Wizards,120,Orlando Magic,139
Wed Nov 29 2023,Phoenix Suns,105,Toronto Raptors,112
Wed Nov 29 2023,Utah Jazz,91,Memphis Grizzlies,105
Wed Nov 29 2023,Philadelphia 76ers,114,New Orleans Pelicans,124
Wed Nov 29 2023,Houston Rockets,124,Denver Nuggets,134
Wed Nov 29 2023,Los Angeles Clippers,131,Sacramento Kings,117
Thu Nov 30 2023,Portland Trail Blazers,103,Cleveland Cavaliers,95
Thu Nov 30 2023,Charlotte Hornets,129,Brooklyn Nets,128
Thu Nov 30 2023,Indiana Pacers,132,Miami Heat,142
Thu Nov 30 2023,Detroit Pistons,112,New York Knicks,118
Thu Nov 30 2023,Milwaukee Bucks,113,Chicago Bulls,120
Thu Nov 30 2023,Utah Jazz,90,Minnesota Timberwolves,101
Thu Nov 30 2023,Los Angeles Lakers,110,Oklahoma City Thunder,133
Thu Nov 30 2023,Atlanta Hawks,137,San Antonio Spurs,135
Thu Nov 30 2023,Los Angeles Clippers,114,Golden State Warriors,120
Fri Dec 1 2023,Washington Wizards,125,Orlando Magic,130
Fri Dec 1 2023,Philadelphia 76ers,119,Boston Celtics,125
Fri Dec 1 2023,Memphis Grizzlies,108,Dallas Mavericks,94
Fri Dec 1 2023,New York Knicks,119,Toronto Raptors,106
Fri Dec 1 2023,San Antonio Spurs,106,New Orleans Pelicans,121
Fri Dec 1 2023,Denver Nuggets,119,Phoenix Suns,111
Sat Dec 2 2023,Golden State Warriors,112,Los Angeles Clippers,113
Sat Dec 2 2023,Minnesota Timberwolves,123,Charlotte Hornets,117
Sat Dec 2 2023,Orlando Magic,101,Brooklyn Nets,129
Sat Dec 2 2023,Cleveland Cavaliers,110,Detroit Pistons,101
Sat Dec 2 2023,New Orleans Pelicans,118,Chicago Bulls,124
Sat Dec 2 2023,Indiana Pacers,144,Miami Heat,129
Sat Dec 2 2023,Atlanta Hawks,121,Milwaukee Bucks,132
Sat Dec 2 2023,Oklahoma City Thunder,126,Dallas Mavericks,120
Sat Dec 2 2023,Memphis Grizzlies,109,Phoenix Suns,116
Sat Dec 2 2023,Portland Trail Blazers,113,Utah Jazz,118
Sat Dec 2 2023,Denver Nuggets,117,Sacramento Kings,123
Sat Dec 2 2023,Houston Rockets,97,Los Angeles Lakers,107
Mon Dec 4 2023,Boston Celtics,112,Indiana Pacers,122
Mon Dec 4 2023,New Orleans Pelicans,127,Sacramento Kings,117
Tue Dec 5 2023,New York Knicks,122,Milwaukee Bucks,146
Tue Dec 5 2023,Phoenix Suns,103,Los Angeles Lakers,106
Wed Dec 6 2023,Orlando Magic,111,Cleveland Cavaliers,121
Wed Dec 6 2023,Memphis Grizzlies,116,Detroit Pistons,102
Wed Dec 6 2023,Philadelphia 76ers,131,Washington Wizards,126
Wed Dec 6 2023,Brooklyn Nets,114,Atlanta Hawks,113
Wed Dec 6 2023,San Antonio Spurs,94,Minnesota Timberwolves,102
Wed Dec 6 2023,Miami Heat,112,Toronto Raptors,103
Wed Dec 6 2023,Charlotte Hornets,100,Chicago Bulls,111
Wed Dec 6 2023,Oklahoma City Thunder,101,Houston Rockets,110
Wed Dec 6 2023,Utah Jazz,97,Dallas Mavericks,147
Wed Dec 6 2023,Portland Trail Blazers,106,Golden State Warriors,110
Wed Dec 6 2023,Denver Nuggets,102,Los Angeles Clippers,111
Thu Dec 7 2023,Indiana Pacers,128,Milwaukee Bucks,119
Thu Dec 7 2023,New Orleans Pelicans,89,Los Angeles Lakers,133
Fri Dec 8 2023,Toronto Raptors,116,Charlotte Hornets,119
Fri Dec 8 2023,Detroit Pistons,91,Orlando Magic,123
Fri Dec 8 2023,Atlanta Hawks,114,Philadelphia 76ers,125
Fri Dec 8 2023,New York Knicks,123,Boston Celtics,133
Fri Dec 8 2023,Washington Wizards,97,Brooklyn Nets,124
Fri Dec 8 2023,Minnesota Timberwolves,127,Memphis Grizzlies,103
Fri Dec 8 2023,Cleveland Cavaliers,111,Miami Heat,99
Fri Dec 8 2023,Golden State Warriors,136,Oklahoma City Thunder,138
Fri Dec 8 2023,Chicago Bulls,121,San Antonio Spurs,112
Fri Dec 8 2023,Houston Rockets,114,Denver Nuggets,106
Fri Dec 8 2023,Sacramento Kings,114,Phoenix Suns,106
Fri Dec 8 2023,Dallas Mavericks,125,Portland Trail Blazers,112
Fri Dec 8 2023,Los Angeles Clippers,117,Utah Jazz,103
Sat Dec 9 2023,Indiana Pacers,109,Los Angeles Lakers,123
Mon Dec 11 2023,Miami Heat,116,Charlotte Hornets,114
Mon Dec 11 2023,Indiana Pacers,131,Detroit Pistons,123
Mon Dec 11 2023,Cleveland Cavaliers,94,Orlando Magic,104
Mon Dec 11 2023,Washington Wizards,101,Philadelphia 76ers,146
Mon Dec 11 2023,Denver Nuggets,129,Atlanta Hawks,122
Mon Dec 11 2023,Toronto Raptors,130,New York Knicks,136
Mon Dec 11 2023,San Antonio Spurs,82,Houston Rockets,93
Mon Dec 11 2023,Dallas Mavericks,120,Memphis Grizzlies,113
Mon Dec 11 2023,Chicago Bulls,129,Milwaukee Bucks,133
Mon Dec 11 2023,Minnesota Timberwolves,107,New Orleans Pelicans,121
Mon Dec 11 2023,Utah Jazz,120,Oklahoma City Thunder,134
Mon Dec 11 2023,Brooklyn Nets,118,Sacramento Kings,131
Mon Dec 11 2023,Portland Trail Blazers,127,Los Angeles Clippers,132
Tue Dec 12 2023,Cleveland Cavaliers,113,Boston Celtics,120
Tue Dec 12 2023,Los Angeles Lakers,125,Dallas Mavericks,127
Tue Dec 12 2023,Denver Nuggets,114,Chicago Bulls,106
Tue Dec 12 2023,Golden State Warriors,116,Phoenix Suns,119
Tue Dec 12 2023,Sacramento Kings,99,Los Angeles Clippers,119
Wed Dec 13 2023,Philadelphia 76ers,129,Detroit Pistons,111
Wed Dec 13 2023,New Orleans Pelicans,142,Washington Wizards,122
Wed Dec 13 2023,Charlotte Hornets,104,Miami Heat,115
Wed Dec 13 2023,Atlanta Hawks,128,Toronto Raptors,135
Wed Dec 13 2023,Memphis Grizzlies,104,Houston Rockets,117
Wed Dec 13 2023,Indiana Pacers,126,Milwaukee Bucks,140
Wed Dec 13 2023,Los Angeles Lakers,122,San Antonio Spurs,119
Wed Dec 13 2023,Brooklyn Nets,116,Phoenix Suns,112
Wed Dec 13 2023,New York Knicks,113,Utah Jazz,117
Thu Dec 14 2023,Cleveland Cavaliers,107,Boston Celtics,116
Thu Dec 14 2023,Chicago Bulls,124,Miami Heat,116
Thu Dec 14 2023,Minnesota Timberwolves,119,Dallas Mavericks,101
Thu Dec 14 2023,Brooklyn Nets,101,Denver Nuggets,124
Thu Dec 14 2023,Utah Jazz,122,Portland Trail Blazers,114
Thu Dec 14 2023,Oklahoma City Thunder,123,Sacramento Kings,128
Thu Dec 14 2023,Golden State Warriors,113,Los Angeles Clippers,121
Fri Dec 15 2023,New Orleans Pelicans,112,Charlotte Hornets,107
Fri Dec 15 2023,Detroit Pistons,92,Philadelphia 76ers,124
Fri Dec 15 2023,Indiana Pacers,123,Washington Wizards,137
Fri Dec 15 2023,Orlando Magic,111,Boston Celtics,128
Fri Dec 15 2023,Los Angeles Lakers,115,San Antonio Spurs,129
Fri Dec 15 2023,Atlanta Hawks,125,Toronto Raptors,104
Fri Dec 15 2023,Houston Rockets,103,Memphis Grizzlies,96
Fri Dec 15 2023,New York Knicks,139,Phoenix Suns,122
Sat Dec 16 2023,Detroit Pistons,114,Milwaukee Bucks,146
Sat Dec 16 2023,Philadelphia 76ers,135,Charlotte Hornets,82
Sat Dec 16 2023,Atlanta Hawks,119,Cleveland Cavaliers,127
Sat Dec 16 2023,Chicago Bulls,116,Miami Heat,118
Sat Dec 16 2023,Indiana Pacers,109,Minnesota Timberwolves,127
Sat Dec 16 2023,Brooklyn Nets,120,Golden State Warriors,124
Sat Dec 16 2023,Oklahoma City Thunder,118,Denver Nuggets,117
Sat Dec 16 2023,Dallas Mavericks,131,Portland Trail Blazers,120
Sat Dec 16 2023,Utah Jazz,104,Sacramento Kings,125
Sat Dec 16 2023,New York Knicks,122,Los Angeles Clippers,144
Sun Dec 17 2023,Orlando Magic,97,Boston Celtics,114
Sun Dec 17 2023,New Orleans Pelicans,146,San Antonio Spurs,110
Sun Dec 17 2023,Houston Rockets,119,Milwaukee Bucks,128
Sun Dec 17 2023,Washington Wizards,108,Phoenix Suns,112
Sun Dec 17 2023,Golden State Warriors,118,Portland Trail Blazers,114
Mon Dec 18 2023,Houston Rockets,130,Cleveland Cavaliers,135
Mon Dec 18 2023,Los Angeles Clippers,151,Indiana Pacers,127
Mon Dec 18 2023,Chicago Bulls,108,Philadelphia 76ers,104
Mon Dec 18 2023,Detroit Pistons,124,Atlanta Hawks,130
Mon Dec 18 2023,Minnesota Timberwolves,112,Miami Heat,108
Mon Dec 18 2023,Charlotte Hornets,99,Toronto Raptors,114
Mon Dec 18 2023,Memphis Grizzlies,97,Oklahoma City Thunder,116
Mon Dec 18 2023,Dallas Mavericks,104,Denver Nuggets,130
Mon Dec 18 2023,Brooklyn Nets,108,Utah Jazz,125
Mon Dec 18 2023,Washington Wizards,131,Sacramento Kings,143
Mon Dec 18 2023,New York Knicks,114,Los Angeles Lakers,109
Tue Dec 19 2023,Memphis Grizzlies,115,New Orleans Pelicans,113
Tue Dec 19 2023,San Antonio Spurs,119,Milwaukee Bucks,132
Tue Dec 19 2023,Boston Celtics,126,Golden State Warriors,132
Tue Dec 19 2023,Phoenix Suns,104,Portland Trail Blazers,109
Wed Dec 20 2023,Utah Jazz,116,Cleveland Cavaliers,124
Wed Dec 20 2023,Charlotte Hornets,113,Indiana Pacers,144
Wed Dec 20 2023,Miami Heat,115,Orlando Magic,106
Wed Dec 20 2023,Minnesota Timberwolves,113,Philadelphia 76ers,127
Wed Dec 20 2023,New York Knicks,121,Brooklyn Nets,102
Wed Dec 20 2023,Denver Nuggets,113,Toronto Raptors,104
Wed Dec 20 2023,Los Angeles Lakers,108,Chicago Bulls,124
Wed Dec 20 2023,Atlanta Hawks,134,Houston Rockets,127
Wed Dec 20 2023,Los Angeles Clippers,120,Dallas Mavericks,111
Wed Dec 20 2023,Boston Celtics,144,Sacramento Kings,119
Thu Dec 21 2023,Utah Jazz,119,Detroit Pistons,111
Thu Dec 21 2023,New Orleans Pelicans,123,Cleveland Cavaliers,104
Thu Dec 21 2023,San Antonio Spurs,95,Chicago Bulls,114
Thu Dec 21 2023,Indiana Pacers,103,Memphis Grizzlies,116
Thu Dec 21 2023,Orlando Magic,114,Milwaukee Bucks,118
Thu Dec 21 2023,Los Angeles Clippers,115,Oklahoma City Thunder,134
Thu Dec 21 2023,Los Angeles Lakers,111,Minnesota Timberwolves,118
Thu Dec 21 2023,Washington Wizards,118,Portland Trail Blazers,117
Fri Dec 22 2023,Toronto Raptors,111,Philadelphia 76ers,121
Fri Dec 22 2023,Denver Nuggets,122,Brooklyn Nets,117
Fri Dec 22 2023,Dallas Mavericks,96,Houston Rockets,122
Fri Dec 22 2023,Atlanta Hawks,113,Miami Heat,122
Fri Dec 22 2023,Washington Wizards,118,Golden State Warriors,129
Fri Dec 22 2023,Phoenix Suns,105,Sacramento Kings,120
Sat Dec 23 2023,Milwaukee Bucks,130,New York Knicks,111
Sat Dec 23 2023,Boston Celtics,145,Los Angeles Clippers,108
Sat Dec 23 2023,Denver Nuggets,102,Charlotte Hornets,95
Sat Dec 23 2023,Orlando Magic,117,Indiana Pacers,110
Sat Dec 23 2023,Houston Rockets,106,New Orleans Pelicans,104
Sat Dec 23 2023,Memphis Grizzlies,125,Atlanta Hawks,119
Sat Dec 23 2023,Detroit Pistons,115,Brooklyn Nets,126
Sat Dec 23 2023,Utah Jazz,126,Toronto Raptors,119
Sat Dec 23 2023,Cleveland Cavaliers,109,Chicago Bulls,95
Sat Dec 23 2023,Los Angeles Lakers,129,Oklahoma City Thunder,120
Sat Dec 23 2023,San Antonio Spurs,119,Dallas Mavericks,144
Sat Dec 23 2023,Portland Trail Blazers,106,Golden State Warriors,126
Sat Dec 23 2023,Minnesota Timberwolves,110,Sacramento Kings,98
Mon Dec 25 2023,Milwaukee Bucks,122,New York Knicks,129
Mon Dec 25 2023,Golden State Warriors,114,Denver Nuggets,120
Mon Dec 25 2023,Boston Celtics,126,Los Angeles Lakers,115
Mon Dec 25 2023,Philadelphia 76ers,113,Miami Heat,119
Mon Dec 25 2023,Dallas Mavericks,128,Phoenix Suns,114
Tue Dec 26 2023,Brooklyn Nets,118,Detroit Pistons,112
Tue Dec 26 2023,Orlando Magic,127,Washington Wizards,119
Tue Dec 26 2023,Atlanta Hawks,113,Chicago Bulls,118
Tue Dec 26 2023,Indiana Pacers,123,Houston Rockets,117
Tue Dec 26 2023,Memphis Grizzlies,116,New Orleans Pelicans,115
Tue Dec 26 2023,Minnesota Timberwolves,106,Oklahoma City Thunder,129
Tue Dec 26 2023,Utah Jazz,130,San Antonio Spurs,118
Tue Dec 26 2023,Sacramento Kings,113,Portland Trail Blazers,130
Tue Dec 26 2023,Charlotte Hornets,104,Los Angeles Clippers,113
Wed Dec 27 2023,Philadelphia 76ers,112,Orlando Magic,92
Wed Dec 27 2023,Toronto Raptors,132,Washington Wizards,102
Wed Dec 27 2023,Milwaukee Bucks,144,Brooklyn Nets,122
Wed Dec 27 2023,Phoenix Suns,129,Houston Rockets,113
Wed Dec 27 2023,New York Knicks,120,Oklahoma City Thunder,129
Wed Dec 27 2023,Cleveland Cavaliers,113,Dallas Mavericks,110
Thu Dec 28 2023,Detroit Pistons,122,Boston Celtics,128
Thu Dec 28 2023,Indiana Pacers,120,Chicago Bulls,104
Thu Dec 28 2023,Dallas Mavericks,110,Minnesota Timberwolves,118
Thu Dec 28 2023,Utah Jazz,105,New Orleans Pelicans,112
Thu Dec 28 2023,Memphis Grizzlies,105,Denver Nuggets,142
Thu Dec 28 2023,Miami Heat,114,Golden State Warriors,102
Thu Dec 28 2023,San Antonio Spurs,118,Portland Trail Blazers,105
Thu Dec 28 2023,Charlotte Hornets,112,Los Angeles Lakers,133
Fri Dec 29 2023,New York Knicks,108,Orlando Magic,117
Fri Dec 29 2023,Brooklyn Nets,104,Washington Wizards,110
Fri Dec 29 2023,Sacramento Kings,117,Atlanta Hawks,110
Fri Dec 29 2023,Toronto Raptors,118,Boston Celtics,120
Fri Dec 29 2023,Milwaukee Bucks,119,Cleveland Cavaliers,111
Fri Dec 29 2023,Philadelphia 76ers,131,Houston Rockets,127
Fri Dec 29 2023,Oklahoma City Thunder,119,Denver Nuggets,93
Fri Dec 29 2023,Charlotte Hornets,119,Phoenix Suns,133
Fri Dec 29 2023,San Antonio Spurs,128,Portland Trail Blazers,134
Fri Dec 29 2023,Memphis Grizzlies,106,Los Angeles Clippers,117
Sat Dec 30 2023,Miami Heat,109,Utah Jazz,117
Sat Dec 30 2023,Toronto Raptors,127,Detroit Pistons,129
Sat Dec 30 2023,New York Knicks,126,Indiana Pacers,140
Sat Dec 30 2023,Philadelphia 76ers,92,Chicago Bulls,105
Sat Dec 30 2023,Los Angeles Lakers,106,Minnesota Timberwolves,108
Sat Dec 30 2023,Dallas Mavericks,132,Golden State Warriors,122
Sun Dec 31 2023,Atlanta Hawks,130,Washington Wizards,126
Sun Dec 31 2023,Los Angeles Lakers,109,New Orleans Pelicans,129
Sun Dec 31 2023,Brooklyn Nets,108,Oklahoma City Thunder,124
Sun Dec 31 2023,Boston Celtics,134,San Antonio Spurs,101
Sun Dec 31 2023,Sacramento Kings,123,Memphis Grizzlies,92
Sun Dec 31 2023,Orlando Magic,107,Phoenix Suns,112
Mon Jan 1 2024,Minnesota Timberwolves,106,New York Knicks,112
Mon Jan 1 2024,Cleveland Cavaliers,121,Toronto Raptors,124
Mon Jan 1 2024,Detroit Pistons,113,Houston Rockets,136
Mon Jan 1 2024,Indiana Pacers,122,Milwaukee Bucks,113
Mon Jan 1 2024,Charlotte Hornets,93,Denver Nuggets,111
Mon Jan 1 2024,Portland Trail Blazers,88,Phoenix Suns,109
Mon Jan 1 2024,Dallas Mavericks,90,Utah Jazz,127
Mon Jan 1 2024,Miami Heat,104,Los Angeles Clippers,121
Tue Jan 2 2024,Chicago Bulls,97,Philadelphia 76ers,110
Tue Jan 2 2024,San Antonio Spurs,98,Memphis Grizzlies,106
Tue Jan 2 2024,Brooklyn Nets,85,New Orleans Pelicans,112
Tue Jan 2 2024,Boston Celtics,123,Oklahoma City Thunder,127
Tue Jan 2 2024,Orlando Magic,115,Golden State Warriors,121
Tue Jan 2 2024,Charlotte Hornets,111,Sacramento Kings,104
Wed Jan 3 2024,Washington Wizards,101,Cleveland Cavaliers,140
Wed Jan 3 2024,Milwaukee Bucks,130,Indiana Pacers,142
Wed Jan 3 2024,Oklahoma City Thunder,138,Atlanta Hawks,141
Wed Jan 3 2024,Brooklyn Nets,101,Houston Rockets,112
Wed Jan 3 2024,Toronto Raptors,116,Memphis Grizzlies,111
Wed Jan 3 2024,New Orleans Pelicans,117,Minnesota Timberwolves,106
Wed Jan 3 2024,Portland Trail Blazers,97,Dallas Mavericks,126
Wed Jan 3 2024,Chicago Bulls,100,New York Knicks,116
Wed Jan 3 2024,Los Angeles Clippers,131,Phoenix Suns,122
Wed Jan 3 2024,Detroit Pistons,148,Utah Jazz,154
Wed Jan 3 2024,Miami Heat,110,Los Angeles Lakers,96
Wed Jan 3 2024,Orlando Magic,135,Sacramento Kings,138
Thu Jan 4 2024,Milwaukee Bucks,125,San Antonio Spurs,121
Thu Jan 4 2024,Denver Nuggets,130,Golden State Warriors,127
Fri Jan 5 2024,Utah Jazz,97,Boston Celtics,126
Fri Jan 5 2024,Atlanta Hawks,116,Indiana Pacers,150
Fri Jan 5 2024,Oklahoma City Thunder,115,Brooklyn Nets,124
Fri Jan 5 2024,Washington Wizards,90,Cleveland Cavaliers,114
Fri Jan 5 2024,New York Knicks,128,Philadelphia 76ers,92
Fri Jan 5 2024,Charlotte Hornets,91,Chicago Bulls,104
Fri Jan 5 2024,Minnesota Timberwolves,122,Houston Rockets,95
Fri Jan 5 2024,Los Angeles Clippers,111,New Orleans Pelicans,95
Fri Jan 5 2024,Portland Trail Blazers,103,Dallas Mavericks,139
Fri Jan 5 2024,Orlando Magic,122,Denver Nuggets,120
Fri Jan 5 2024,Miami Heat,97,Phoenix Suns,113
Fri Jan 5 2024,Detroit Pistons,109,Golden State Warriors,113
Fri Jan 5 2024,Memphis Grizzlies,127,Los Angeles Lakers,113
Fri Jan 5 2024,Toronto Raptors,130,Sacramento Kings,135
Sat Jan 6 2024,Boston Celtics,118,Indiana Pacers,101
Sat Jan 6 2024,New York Knicks,121,Washington Wizards,105
Sat Jan 6 2024,Utah Jazz,120,Philadelphia 76ers,109
Sat Jan 6 2024,Milwaukee Bucks,108,Houston Rockets,112
Sun Jan 7 2024,San Antonio Spurs,115,Cleveland Cavaliers,117
Sun Jan 7 2024,Portland Trail Blazers,134,Brooklyn Nets,127
Sun Jan 7 2024,Atlanta Hawks,110,Orlando Magic,117
Sun Jan 7 2024,New Orleans Pelicans,133,Sacramento Kings,100
Sun Jan 7 2024,Minnesota Timberwolves,108,Dallas Mavericks,115
Sun Jan 7 2024,Detroit Pistons,114,Denver Nuggets,131
Sun Jan 7 2024,Memphis Grizzlies,121,Phoenix Suns,115
Sun Jan 7 2024,Toronto Raptors,133,Golden State Warriors,118
Sun Jan 7 2024,Los Angeles Clippers,103,Los Angeles Lakers,106
Mon Jan 8 2024,Chicago Bulls,119,Charlotte Hornets,112
Mon Jan 8 2024,Boston Celtics,131,Indiana Pacers,133
Mon Jan 8 2024,Oklahoma City Thunder,136,Washington Wizards,128
Mon Jan 8 2024,Houston Rockets,113,Miami Heat,120
Mon Jan 8 2024,Utah Jazz,132,Milwaukee Bucks,116
Mon Jan 8 2024,Phoenix Suns,111,Los Angeles Clippers,138
Tue Jan 9 2024,Sacramento Kings,131,Detroit Pistons,110
Tue Jan 9 2024,Minnesota Timberwolves,113,Orlando Magic,92
Tue Jan 9 2024,Portland Trail Blazers,84,New York Knicks,112
Tue Jan 9 2024,Memphis Grizzlies,120,Dallas Mavericks,103
Tue Jan 9 2024,Toronto Raptors,131,Los Angeles Lakers,132
Wed Jan 10 2024,Minnesota Timberwolves,120,Boston Celtics,127
Wed Jan 10 2024,Sacramento Kings,123,Charlotte Hornets,98
Wed Jan 10 2024,San Antonio Spurs,130,Detroit Pistons,108
Wed Jan 10 2024,Washington Wizards,104,Indiana Pacers,112
Wed Jan 10 2024,Philadelphia 76ers,132,Atlanta Hawks,139
Wed Jan 10 2024,Oklahoma City Thunder,128,Miami Heat,120
Wed Jan 10 2024,Houston Rockets,119,Chicago Bulls,124
Wed Jan 10 2024,New Orleans Pelicans,141,Golden State Warriors,105
Wed Jan 10 2024,Denver Nuggets,111,Utah Jazz,124
Wed Jan 10 2024,Toronto Raptors,120,Los Angeles Clippers,126
Thu Jan 11 2024,Brooklyn Nets,102,Cleveland Cavaliers,111
Thu Jan 11 2024,Boston Celtics,102,Milwaukee Bucks,135
Thu Jan 11 2024,Portland Trail Blazers,77,Oklahoma City Thunder,139
Thu Jan 11 2024,New York Knicks,124,Dallas Mavericks,128
Thu Jan 11 2024,Phoenix Suns,127,Los Angeles Lakers,109
Fri Jan 12 2024,Indiana Pacers,126,Atlanta Hawks,108
Fri Jan 12 2024,Houston Rockets,112,Detroit Pistons,110
Fri Jan 12 2024,Sacramento Kings,93,Philadelphia 76ers,112
Fri Jan 12 2024,Golden State Warriors,140,Chicago Bulls,131
Fri Jan 12 2024,Los Angeles Clippers,128,Memphis Grizzlies,119
Fri Jan 12 2024,Orlando Magic,96,Miami Heat,99
Fri Jan 12 2024,Portland Trail Blazers,93,Minnesota Timberwolves,116
Fri Jan 12 2024,Charlotte Hornets,99,San Antonio Spurs,135
Fri Jan 12 2024,Toronto Raptors,113,Utah Jazz,145
Fri Jan 12 2024,New Orleans Pelicans,113,Denver Nuggets,125
Sat Jan 13 2024,Houston Rockets,113,Boston Celtics,145
Sat Jan 13 2024,Washington Wizards,127,Atlanta Hawks,99
Sat Jan 13 2024,New York Knicks,106,Memphis Grizzlies,94
Sat Jan 13 2024,Golden State Warriors,118,Milwaukee Bucks,129
Sat Jan 13 2024,Orlando Magic,100,Oklahoma City Thunder,112
Sat Jan 13 2024,New Orleans Pelicans,118,Dallas Mavericks,108
Sat Jan 13 2024,Chicago Bulls,122,San Antonio Spurs,116
Sat Jan 13 2024,Los Angeles Lakers,125,Utah Jazz,132
Sun Jan 14 2024,Indiana Pacers,109,Denver Nuggets,117
Sun Jan 14 2024,Charlotte Hornets,87,Miami Heat,104
Sun Jan 14 2024,Sacramento Kings,142,Milwaukee Bucks,143
Sun Jan 14 2024,Los Angeles Clippers,105,Minnesota Timberwolves,109
Sun Jan 14 2024,Phoenix Suns,127,Portland Trail Blazers,116
Mon Jan 15 2024,Houston Rockets,115,Philadelphia 76ers,124
Mon Jan 15 2024,New Orleans Pelicans,120,Dallas Mavericks,125
Mon Jan 15 2024,Orlando Magic,98,New York Knicks,94
Mon Jan 15 2024,Detroit Pistons,129,Washington Wizards,117
Mon Jan 15 2024,San Antonio Spurs,99,Atlanta Hawks,109
Mon Jan 15 2024,Golden State Warriors,107,Memphis Grizzlies,116
Mon Jan 15 2024,Chicago Bulls,91,Cleveland Cavaliers,109
Mon Jan 15 2024,Miami Heat,96,Brooklyn Nets,95
Mon Jan 15 2024,Boston Celtics,105,Toronto Raptors,96
Mon Jan 15 2024,Indiana Pacers,105,Utah Jazz,132
Mon Jan 15 2024,Oklahoma City Thunder,105,Los Angeles Lakers,112
Tue Jan 16 2024,Denver Nuggets,121,Philadelphia 76ers,126
Tue Jan 16 2024,Sacramento Kings,117,Phoenix Suns,119
Tue Jan 16 2024,Oklahoma City Thunder,117,Los Angeles Clippers,128
Wed Jan 17 2024,Minnesota Timberwolves,124,Detroit Pistons,117
Wed Jan 17 2024,Orlando Magic,104,Atlanta Hawks,106
Wed Jan 17 2024,San Antonio Spurs,98,Boston Celtics,117
Wed Jan 17 2024,Milwaukee Bucks,95,Cleveland Cavaliers,135
Wed Jan 17 2024,Houston Rockets,94,New York Knicks,109
Wed Jan 17 2024,Miami Heat,97,Toronto Raptors,121
Wed Jan 17 2024,Charlotte Hornets,112,New Orleans Pelicans,132
Wed Jan 17 2024,Dallas Mavericks,110,Los Angeles Lakers,127
Wed Jan 17 2024,Brooklyn Nets,103,Portland Trail Blazers,105
Thu Jan 18 2024,Washington Wizards,109,New York Knicks,113
Thu Jan 18 2024,Chicago Bulls,116,Toronto Raptors,110
Thu Jan 18 2024,Oklahoma City Thunder,134,Utah Jazz,129
Thu Jan 18 2024,Memphis Grizzlies,103,Minnesota Timberwolves,118
Thu Jan 18 2024,Indiana Pacers,126,Sacramento Kings,121
Fri Jan 19 2024,San Antonio Spurs,120,Charlotte Hornets,124
Fri Jan 19 2024,Philadelphia 76ers,124,Orlando Magic,109
Fri Jan 19 2024,Denver Nuggets,102,Boston Celtics,100
Fri Jan 19 2024,Atlanta Hawks,109,Miami Heat,108
Fri Jan 19 2024,Phoenix Suns,123,New Orleans Pelicans,109
Fri Jan 19 2024,Indiana Pacers,115,Portland Trail Blazers,118
Fri Jan 19 2024,Brooklyn Nets,130,Los Angeles Lakers,112
Sat Jan 20 2024,Milwaukee Bucks,141,Detroit Pistons,135
Sat Jan 20 2024,Philadelphia 76ers,97,Charlotte Hornets,89
Sat Jan 20 2024,San Antonio Spurs,131,Washington Wizards,127
Sat Jan 20 2024,Cleveland Cavaliers,116,Atlanta Hawks,95
Sat Jan 20 2024,Toronto Raptors,100,New York Knicks,126
Sat Jan 20 2024,Memphis Grizzlies,96,Chicago Bulls,125
Sat Jan 20 2024,Utah Jazz,126,Houston Rockets,127
Sat Jan 20 2024,Oklahoma City Thunder,102,Minnesota Timberwolves,97
Sun Jan 21 2024,Brooklyn Nets,114,Los Angeles Clippers,125
Sun Jan 21 2024,Miami Heat,87,Orlando Magic,105
Sun Jan 21 2024,Denver Nuggets,113,Washington Wizards,104
Sun Jan 21 2024,Boston Celtics,116,Houston Rockets,107
Sun Jan 21 2024,Indiana Pacers,110,Phoenix Suns,117
Sun Jan 21 2024,Portland Trail Blazers,110,Los Angeles Lakers,134
Mon Jan 22 2024,Milwaukee Bucks,122,Detroit Pistons,113
Mon Jan 22 2024,Cleveland Cavaliers,126,Orlando Magic,99
Mon Jan 22 2024,San Antonio Spurs,123,Philadelphia 76ers,133
Mon Jan 22 2024,Memphis Grizzlies,108,Toronto Raptors,100
Mon Jan 22 2024,Charlotte Hornets,128,Minnesota Timberwolves,125
Mon Jan 22 2024,Boston Celtics,119,Dallas Mavericks,110
Mon Jan 22 2024,Chicago Bulls,113,Phoenix Suns,115
Mon Jan 22 2024,Atlanta Hawks,107,Sacramento Kings,122
Tue Jan 23 2024,Denver Nuggets,114,Indiana Pacers,109
Tue Jan 23 2024,New York Knicks,108,Brooklyn Nets,103
Tue Jan 23 2024,Utah Jazz,124,New Orleans Pelicans,153
Tue Jan 23 2024,Portland Trail Blazers,109,Oklahoma City Thunder,111
Tue Jan 23 2024,Los Angeles Lakers,116,Los Angeles Clippers,127
Wed Jan 24 2024,Charlotte Hornets,106,Detroit Pistons,113
Wed Jan 24 2024,Minnesota Timberwolves,118,Washington Wizards,107
Wed Jan 24 2024,Memphis Grizzlies,105,Miami Heat,96
Wed Jan 24 2024,Portland Trail Blazers,137,Houston Rockets,131
Wed Jan 24 2024,Cleveland Cavaliers,116,Milwaukee Bucks,126
Wed Jan 24 2024,Phoenix Suns,132,Dallas Mavericks,109
Wed Jan 24 2024,Oklahoma City Thunder,140,San Antonio Spurs,114
Wed Jan 24 2024,Atlanta Hawks,112,Golden State Warriors,134
Thu Jan 25 2024,Philadelphia 76ers,122,Indiana Pacers,134
Thu Jan 25 2024,Utah Jazz,123,Washington Wizards,108
Thu Jan 25 2024,Minnesota Timberwolves,96,Brooklyn Nets,94
Thu Jan 25 2024,Boston Celtics,143,Miami Heat,110
Thu Jan 25 2024,Denver Nuggets,84,New York Knicks,122
Thu Jan 25 2024,Sacramento Kings,134,Golden State Warriors,133
Thu Jan 25 2024,Chicago Bulls,132,Los Angeles Lakers,141
Fri Jan 26 2024,Dallas Mavericks,148,Atlanta Hawks,143
Fri Jan 26 2024,Houston Rockets,138,Charlotte Hornets,104
Fri Jan 26 2024,Phoenix Suns,131,Indiana Pacers,133
Fri Jan 26 2024,Los Angeles Clippers,127,Toronto Raptors,107
Fri Jan 26 2024,Orlando Magic,106,Memphis Grizzlies,107
Fri Jan 26 2024,Cleveland Cavaliers,112,Milwaukee Bucks,100
Fri Jan 26 2024,Oklahoma City Thunder,107,New Orleans Pelicans,83
Fri Jan 26 2024,Portland Trail Blazers,100,San Antonio Spurs,116
Sat Jan 27 2024,Washington Wizards,118,Detroit Pistons,104
Sat Jan 27 2024,Miami Heat,109,New York Knicks,125
Sat Jan 27 2024,Philadelphia 76ers,105,Denver Nuggets,111
Sat Jan 27 2024,Houston Rockets,104,Brooklyn Nets,106
Sat Jan 27 2024,Los Angeles Clippers,115,Boston Celtics,96
Sat Jan 27 2024,Utah Jazz,134,Charlotte Hornets,122
Sat Jan 27 2024,New Orleans Pelicans,117,Milwaukee Bucks,141
Sat Jan 27 2024,Los Angeles Lakers,145,Golden State Warriors,144
Sat Jan 27 2024,Minnesota Timberwolves,112,San Antonio Spurs,113
Sat Jan 27 2024,Sacramento Kings,120,Dallas Mavericks,115
Sun Jan 28 2024,Oklahoma City Thunder,104,Detroit Pistons,120
Sun Jan 28 2024,Memphis Grizzlies,110,Indiana Pacers,116
Sun Jan 28 2024,Toronto Raptors,125,Atlanta Hawks,126
Sun Jan 28 2024,Phoenix Suns,98,Orlando Magic,113
Sun Jan 28 2024,Chicago Bulls,104,Portland Trail Blazers,96
Mon Jan 29 2024,New York Knicks,113,Charlotte Hornets,92
Mon Jan 29 2024,Los Angeles Clippers,108,Cleveland Cavaliers,118
Mon Jan 29 2024,New Orleans Pelicans,112,Boston Celtics,118
Mon Jan 29 2024,Utah Jazz,114,Brooklyn Nets,147
Mon Jan 29 2024,Phoenix Suns,118,Miami Heat,105
Mon Jan 29 2024,Los Angeles Lakers,119,Houston Rockets,135
Mon Jan 29 2024,Sacramento Kings,103,Memphis Grizzlies,94
Mon Jan 29 2024,Minnesota Timberwolves,107,Oklahoma City Thunder,101
Mon Jan 29 2024,Washington Wizards,118,San Antonio Spurs,113
Mon Jan 29 2024,Orlando Magic,129,Dallas Mavericks,131
Mon Jan 29 2024,Milwaukee Bucks,107,Denver Nuggets,113
Mon Jan 29 2024,Philadelphia 76ers,104,Portland Trail Blazers,130
Tue Jan 30 2024,Los Angeles Lakers,122,Atlanta Hawks,138
Tue Jan 30 2024,Indiana Pacers,124,Boston Celtics,129
Tue Jan 30 2024,Utah Jazz,103,New York Knicks,118
Tue Jan 30 2024,Toronto Raptors,118,Chicago Bulls,107
Tue Jan 30 2024,Philadelphia 76ers,107,Golden State Warriors,119
Wed Jan 31 2024,Chicago Bulls,117,Charlotte Hornets,110
Wed Jan 31 2024,Detroit Pistons,121,Cleveland Cavaliers,128
Wed Jan 31 2024,Los Angeles Clippers,125,Washington Wizards,109
Wed Jan 31 2024,Sacramento Kings,106,Miami Heat,115
Wed Jan 31 2024,New Orleans Pelicans,110,Houston Rockets,99
Wed Jan 31 2024,Dallas Mavericks,87,Minnesota Timberwolves,121
Wed Jan 31 2024,Denver Nuggets,100,Oklahoma City Thunder,105
Wed Jan 31 2024,Orlando Magic,108,San Antonio Spurs,98
Wed Jan 31 2024,Phoenix Suns,136,Brooklyn Nets,120
Wed Jan 31 2024,Milwaukee Bucks,116,Portland Trail Blazers,119
Thu Feb 1 2024,Los Angeles Lakers,114,Boston Celtics,105
Thu Feb 1 2024,Indiana Pacers,105,New York Knicks,109
Thu Feb 1 2024,Cleveland Cavaliers,108,Memphis Grizzlies,101
Thu Feb 1 2024,Philadelphia 76ers,127,Utah Jazz,124