Philadelphia 76ers,117,Boston Celtics,126
Los Angeles Lakers,109,Golden State Warriors,123
Orlando Magic,109,Detroit Pistons,113
Washington Wizards,114,Indiana Pacers,107
Houston Rockets,107,Atlanta Hawks,117
New Orleans Pelicans,130,Brooklyn Nets,108
New York Knicks,112,Memphis Grizzlies,115
Chicago Bulls,116,Miami Heat,108
Cleveland Cavaliers,105,Toronto Raptors,108
Oklahoma City Thunder,108,Minnesota Timberwolves,115
Charlotte Hornets,129,San Antonio Spurs,102
Denver Nuggets,102,Utah Jazz,123
Dallas Mavericks,105,Phoenix Suns,107
Portland Trail Blazers,115,Sacramento Kings,108
Milwaukee Bucks,90,Philadelphia 76ers,88
Los Angeles Clippers,103,Los Angeles Lakers,97
New Orleans Pelicans,124,Charlotte Hornets,112
San Antonio Spurs,137,Indiana Pacers,134
Chicago Bulls,100,Washington Wizards,102
Orlando Magic,98,Atlanta Hawks,108
Toronto Raptors,105,Brooklyn Nets,109
Boston Celtics,111,Miami Heat,104
Detroit Pistons,106,New York Knicks,130
Memphis Grizzlies,129,Houston Rockets,122
Utah Jazz,132,Minnesota Timberwolves,126
Denver Nuggets,128,Golden State Warriors,123
Phoenix Suns,111,Portland Trail Blazers,113
San Antonio Spurs,114,Philadelphia 76ers,105
Detroit Pistons,115,Indiana Pacers,124
Boston Celtics,126,Orlando Magic,120
Cleveland Cavaliers,128,Chicago Bulls,96
Toronto Raptors,109,Miami Heat,112
Houston Rockets,105,Milwaukee Bucks,125
Memphis Grizzlies,96,Dallas Mavericks,137
Oklahoma City Thunder,117,Denver Nuggets,122
Los Angeles Clippers,111,Sacramento Kings,109
Portland Trail Blazers,106,Los Angeles Lakers,104
Charlotte Hornets,126,Atlanta Hawks,109
Washington Wizards,107,Cleveland Cavaliers,117
Utah Jazz,122,New Orleans Pelicans,121
Minnesota Timberwolves,116,Oklahoma City Thunder,106
Sacramento Kings,125,Golden State Warriors,130
Phoenix Suns,112,Los Angeles Clippers,95
Indiana Pacers,106,Philadelphia 76ers,120
Toronto Raptors,98,Miami Heat,90
Orlando Magic,102,New York Knicks,115
Boston Celtics,102,Chicago Bulls,120
Utah Jazz,108,Houston Rockets,114
Brooklyn Nets,124,Memphis Grizzlies,134
San Antonio Spurs,115,Minnesota Timberwolves,106
Denver Nuggets,110,Portland Trail Blazers,135
Detroit Pistons,99,Washington Wizards,120
Dallas Mavericks,111,New Orleans Pelicans,113
Los Angeles Clippers,94,Oklahoma City Thunder,108
Golden State Warriors,105,Phoenix Suns,134
Orlando Magic,92,Cleveland Cavaliers,103
Atlanta Hawks,118,Detroit Pistons,113
Brooklyn Nets,99,Milwaukee Bucks,110
Charlotte Hornets,131,New York Knicks,134
Philadelphia 76ers,109,Toronto Raptors,119
Indiana Pacers,109,Chicago Bulls,124
San Antonio Spurs,122,Minnesota Timberwolves,134
Houston Rockets,101,Utah Jazz,109
Los Angeles Lakers,99,Denver Nuggets,110
Miami Heat,119,Portland Trail Blazers,98
Dallas Mavericks,129,Brooklyn Nets,125
Los Angeles Clippers,110,Oklahoma City Thunder,118
Miami Heat,110,Golden State Warriors,123
Memphis Grizzlies,125,Sacramento Kings,110
Atlanta Hawks,136,Detroit Pistons,112
Charlotte Hornets,93,Orlando Magic,113
Cleveland Cavaliers,132,Boston Celtics,123
Philadelphia 76ers,112,Toronto Raptors,90
Indiana Pacers,127,Washington Wizards,117
New York Knicks,108,Milwaukee Bucks,119
Los Angeles Lakers,102,Minnesota Timberwolves,111
Chicago Bulls,124,San Antonio Spurs,129
Utah Jazz,101,Denver Nuggets,117
New Orleans Pelicans,111,Phoenix Suns,124
Houston Rockets,111,Portland Trail Blazers,125
Miami Heat,113,Sacramento Kings,119
Golden State Warriors,113,Charlotte Hornets,120
Indiana Pacers,125,Brooklyn Nets,116
Philadelphia 76ers,114,Chicago Bulls,109
Atlanta Hawks,115,Milwaukee Bucks,123
Oklahoma City Thunder,117,Dallas Mavericks,111
Memphis Grizzlies,123,Utah Jazz,124
New Orleans Pelicans,112,Los Angeles Clippers,91
Washington Wizards,94,Boston Celtics,112
New York Knicks,108,Cleveland Cavaliers,121
Golden State Warriors,114,Detroit Pistons,128
Minnesota Timberwolves,98,San Antonio Spurs,107
Orlando Magic,105,Dallas Mavericks,114
Houston Rockets,109,Phoenix Suns,124
Denver Nuggets,110,Los Angeles Lakers,121
Sacramento Kings,115,Charlotte Hornets,108
Philadelphia 76ers,118,Washington Wizards,111
Indiana Pacers,109,Brooklyn Nets,116
Atlanta Hawks,109,Toronto Raptors,139
Detroit Pistons,108,Milwaukee Bucks,110
Memphis Grizzlies,105,Utah Jazz,121
Houston Rockets,93,Los Angeles Clippers,95
Chicago Bulls,108,Brooklyn Nets,99
Golden State Warriors,109,Miami Heat,116
Orlando Magic,108,Oklahoma City Thunder,116
Minnesota Timberwolves,107,Phoenix Suns,116
Washington Wizards,121,Philadelphia 76ers,111
Boston Celtics,113,Cleveland Cavaliers,114
Sacramento Kings,107,Miami Heat,110
Atlanta Hawks,112,New York Knicks,99
Charlotte Hornets,88,Chicago Bulls,106
Los Angeles Clippers,109,Houston Rockets,101
Detroit Pistons,91,Milwaukee Bucks,116
Toronto Raptors,143,San Antonio Spurs,100
Utah Jazz,100,Dallas Mavericks,103
Memphis Grizzlies,111,Portland Trail Blazers,106
New Orleans Pelicans,117,Los Angeles Lakers,120
Golden State Warriors,129,Orlando Magic,130
Denver Nuggets,122,Oklahoma City Thunder,110
Cleveland Cavaliers,112,Detroit Pistons,88
Miami Heat,99,Indiana Pacers,101
New York Knicks,106,Philadelphia 76ers,104
Brooklyn Nets,128,Washington Wizards,86
Chicago Bulls,119,Boston Celtics,123
Charlotte Hornets,99,Memphis Grizzlies,130
Los Angeles Clippers,113,San Antonio Spurs,106
Toronto Raptors,110,Dallas Mavericks,111
Golden State Warriors,105,New Orleans Pelicans,114
Milwaukee Bucks,115,Minnesota Timberwolves,102
Portland Trail Blazers,108,Phoenix Suns,106
Utah Jazz,130,Los Angeles Lakers,116
Sacramento Kings,126,Orlando Magic,123
Brooklyn Nets,98,Charlotte Hornets,94
New Orleans Pelicans,121,Atlanta Hawks,124
Boston Celtics,133,New York Knicks,118
Oklahoma City Thunder,94,Milwaukee Bucks,108
Houston Rockets,117,Minnesota Timberwolves,129
San Antonio Spurs,101,Denver Nuggets,126
Portland Trail Blazers,82,Phoenix Suns,102
Cleveland Cavaliers,114,Los Angeles Lakers,100
Washington Wizards,97,Memphis Grizzlies,103
Chicago Bulls,104,Toronto Raptors,113
Utah Jazz,110,Los Angeles Clippers,102
Washington Wizards,108,Charlotte Hornets,100
Houston Rockets,134,Orlando Magic,127
Oklahoma City Thunder,103,Detroit Pistons,112
New Orleans Pelicans,122,Indiana Pacers,129
Phoenix Suns,88,Philadelphia 76ers,100
Milwaukee Bucks,98,Atlanta Hawks,117
Portland Trail Blazers,110,Miami Heat,107
Toronto Raptors,97,Chicago Bulls,111
Boston Celtics,109,Memphis Grizzlies,106
New York Knicks,120,Minnesota Timberwolves,107
Denver Nuggets,115,San Antonio Spurs,109
Brooklyn Nets,94,Dallas Mavericks,96
Sacramento Kings,113,Golden State Warriors,116
Los Angeles Lakers,116,Utah Jazz,139
Cleveland Cavaliers,117,Los Angeles Clippers,119
Dallas Mavericks,87,Orlando Magic,94
Portland Trail Blazers,105,Charlotte Hornets,95
Denver Nuggets,122,Indiana Pacers,119
Utah Jazz,125,Atlanta Hawks,119
Detroit Pistons,112,Boston Celtics,128
New York Knicks,85,Brooklyn Nets,112
Houston Rockets,109,Toronto Raptors,116
New Orleans Pelicans,115,Chicago Bulls,111
Phoenix Suns,129,Minnesota Timberwolves,117
Milwaukee Bucks,136,Oklahoma City Thunder,132
Memphis Grizzlies,124,San Antonio Spurs,122
Los Angeles Lakers,101,Los Angeles Clippers,114
Cleveland Cavaliers,120,Sacramento Kings,127
Dallas Mavericks,105,Washington Wizards,113
Philadelphia 76ers,95,Atlanta Hawks,104
Charlotte Hornets,112,Miami Heat,117
Portland Trail Blazers,106,New Orleans Pelicans,95
Denver Nuggets,112,Boston Celtics,131
Phoenix Suns,97,Orlando Magic,114
Detroit Pistons,112,New York Knicks,121
Toronto Raptors,113,Oklahoma City Thunder,132
Milwaukee Bucks,93,San Antonio Spurs,111
Minnesota Timberwolves,103,Memphis Grizzlies,114
Cleveland Cavaliers,101,Golden State Warriors,106
Sacramento Kings,120,Los Angeles Lakers,114
Brooklyn Nets,110,Los Angeles Clippers,95
Utah Jazz,112,Washington Wizards,121
Boston Celtics,117,Detroit Pistons,108
Toronto Raptors,104,Indiana Pacers,118
Atlanta Hawks,109,Philadelphia 76ers,121
Charlotte Hornets,115,Miami Heat,132
Portland Trail Blazers,112,Dallas Mavericks,117
Houston Rockets,106,New Orleans Pelicans,119
Oklahoma City Thunder,145,New York Knicks,135
Minnesota Timberwolves,129,Cleveland Cavaliers,124
Memphis Grizzlies,92,Washington Wizards,102
Utah Jazz,98,Philadelphia 76ers,105
Denver Nuggets,126,Chicago Bulls,103
Golden State Warriors,115,Sacramento Kings,122
Brooklyn Nets,103,Los Angeles Lakers,116
Toronto Raptors,115,Detroit Pistons,111
Charlotte Hornets,112,Orlando Magic,105
Oklahoma City Thunder,122,Boston Celtics,126
Phoenix Suns,112,Miami Heat,113
Los Angeles Clippers,122,Houston Rockets,106
Atlanta Hawks,121,Milwaukee Bucks,106
San Antonio Spurs,95,Golden State Warriors,132
Memphis Grizzlies,102,New Orleans Pelicans,113
Los Angeles Clippers,101,Dallas Mavericks,103
New York Knicks,118,Utah Jazz,111
San Antonio Spurs,110,Portland Trail Blazers,117
Brooklyn Nets,121,Sacramento Kings,153
Indiana Pacers,125,Charlotte Hornets,113
Minnesota Timberwolves,126,Orlando Magic,108
Oklahoma City Thunder,121,Washington Wizards,120
Boston Celtics,126,Atlanta Hawks,101
Miami Heat,104,Toronto Raptors,112
Cleveland Cavaliers,98,Milwaukee Bucks,113
Chicago Bulls,110,New Orleans Pelicans,124
Houston Rockets,101,Dallas Mavericks,92
New York Knicks,106,Denver Nuggets,103
Golden State Warriors,119,Phoenix Suns,130
Brooklyn Nets,109,Portland Trail Blazers,107
San Antonio Spurs,112,Sacramento Kings,130
Detroit Pistons,91,Los Angeles Clippers,96
Miami Heat,106,Washington Wizards,107
Charlotte Hornets,122,Cleveland Cavaliers,132
Milwaukee Bucks,102,Philadelphia 76ers,110
Orlando Magic,108,Chicago Bulls,107
Indiana Pacers,99,Houston Rockets,91
Oklahoma City Thunder,110,Memphis Grizzlies,121
Denver Nuggets,99,Dallas Mavericks,127
Boston Celtics,117,New Orleans Pelicans,109
Phoenix Suns,133,Utah Jazz,134
New York Knicks,101,Golden State Warriors,111
Detroit Pistons,121,Los Angeles Lakers,128
Toronto Raptors,122,Atlanta Hawks,124
Orlando Magic,113,Indiana Pacers,114
Minnesota Timberwolves,112,Philadelphia 76ers,109
Utah Jazz,118,Portland Trail Blazers,113
San Antonio Spurs,97,Los Angeles Clippers,119
New York Knicks,95,Phoenix Suns,116
Detroit Pistons,129,Sacramento Kings,137
Charlotte Hornets,102,Washington Wizards,106
Memphis Grizzlies,115,Brooklyn Nets,127
Miami Heat,87,Cleveland Cavaliers,113
Golden State Warriors,127,Houston Rockets,120
Denver Nuggets,98,Dallas Mavericks,97
San Antonio Spurs,92,Los Angeles Lakers,123
Atlanta Hawks,102,Cleveland Cavaliers,114
Orlando Magic,102,Indiana Pacers,123
Boston Celtics,107,Chicago Bulls,121
Portland Trail Blazers,111,Milwaukee Bucks,119
Miami Heat,101,Minnesota Timberwolves,105
Golden State Warriors,83,New Orleans Pelicans,128
New York Knicks,129,Oklahoma City Thunder,119
Utah Jazz,114,Los Angeles Clippers,121
Brooklyn Nets,106,Philadelphia 76ers,115
Sacramento Kings,113,Memphis Grizzlies,109
Detroit Pistons,110,Denver Nuggets,108
Los Angeles Lakers,105,Phoenix Suns,115
Philadelphia 76ers,101,Charlotte Hornets,107
Portland Trail Blazers,96,Cleveland Cavaliers,114
Minnesota Timberwolves,115,Indiana Pacers,101
Sacramento Kings,106,Atlanta Hawks,115
Dallas Mavericks,112,Boston Celtics,125
Washington Wizards,105,Miami Heat,113
Brooklyn Nets,112,Toronto Raptors,98
Chicago Bulls,118,Milwaukee Bucks,113
Denver Nuggets,131,Oklahoma City Thunder,126
New Orleans Pelicans,129,San Antonio Spurs,110
Detroit Pistons,125,Utah Jazz,116
Los Angeles Clippers,107,Golden State Warriors,124
Minnesota Timberwolves,108,Charlotte Hornets,110
Philadelphia 76ers,107,Orlando Magic,99
Portland Trail Blazers,132,New York Knicks,129
Sacramento Kings,104,Boston Celtics,122
Atlanta Hawks,122,Houston Rockets,128
Brooklyn Nets,117,Indiana Pacers,128
New Orleans Pelicans,111,Memphis Grizzlies,132
Washington Wizards,107,Miami Heat,110
Cleveland Cavaliers,102,Milwaukee Bucks,117
Chicago Bulls,119,Oklahoma City Thunder,123
Los Angeles Lakers,105,San Antonio Spurs,94
Detroit Pistons,102,Phoenix Suns,108
Utah Jazz,118,Golden State Warriors,129
Denver Nuggets,114,Los Angeles Clippers,104
Dallas Mavericks,100,Toronto Raptors,105
Oklahoma City Thunder,105,Houston Rockets,118
Los Angeles Lakers,143,San Antonio Spurs,138
Utah Jazz,112,Phoenix Suns,113
Portland Trail Blazers,97,Brooklyn Nets,111
Golden State Warriors,137,Minnesota Timberwolves,114
Indiana Pacers,100,Los Angeles Clippers,114
Miami Heat,106,Atlanta Hawks,98
Washington Wizards,121,Boston Celtics,130
Cleveland Cavaliers,102,Detroit Pistons,94
Memphis Grizzlies,127,New York Knicks,123
Philadelphia 76ers,133,Orlando Magic,103
Dallas Mavericks,115,Milwaukee Bucks,124
Atlanta Hawks,101,Philadelphia 76ers,104
Minnesota Timberwolves,127,Washington Wizards,142
Charlotte Hornets,105,Boston Celtics,140
Orlando Magic,102,Brooklyn Nets,109
Cleveland Cavaliers,88,Toronto Raptors,100
Oklahoma City Thunder,101,New Orleans Pelicans,105
Houston Rockets,113,Denver Nuggets,129
Chicago Bulls,114,Utah Jazz,107
Phoenix Suns,122,Sacramento Kings,117
Indiana Pacers,116,Los Angeles Lakers,115
New York Knicks,140,Detroit Pistons,110
Golden State Warriors,113,Dallas Mavericks,116
Los Angeles Clippers,118,Portland Trail Blazers,112
Philadelphia 76ers,85,Cleveland Cavaliers,113
Atlanta Hawks,125,Orlando Magic,108
Miami Heat,121,Boston Celtics,134
Washington Wizards,107,Brooklyn Nets,113
Milwaukee Bucks,109,New York Knicks,103
Memphis Grizzlies,101,Minnesota Timberwolves,109
Toronto Raptors,108,New Orleans Pelicans,126
San Antonio Spurs,111,Oklahoma City Thunder,119
Houston Rockets,100,Denver Nuggets,120
Chicago Bulls,113,Phoenix Suns,132
Los Angeles Clippers,112,Utah Jazz,125
Indiana Pacers,114,Sacramento Kings,137
Portland Trail Blazers,109,Los Angeles Lakers,128
Dallas Mavericks,125,Detroit Pistons,131
Washington Wizards,116,Charlotte Hornets,117
Denver Nuggets,109,Atlanta Hawks,117
Miami Heat,120,Boston Celtics,116
Toronto Raptors,105,Brooklyn Nets,114
Orlando Magic,96,Cleveland Cavaliers,107
Los Angeles Lakers,133,Milwaukee Bucks,129
Philadelphia 76ers,109,Memphis Grizzlies,117
New Orleans Pelicans,117,San Antonio Spurs,99
Houston Rockets,122,Phoenix Suns,121
Indiana Pacers,119,Utah Jazz,139
Chicago Bulls,111,Golden State Warriors,119
Dallas Mavericks,121,New York Knicks,100
Sacramento Kings,123,Los Angeles Clippers,96
Milwaukee Bucks,105,Charlotte Hornets,96
Oklahoma City Thunder,135,Minnesota Timberwolves,128
Orlando Magic,108,Toronto Raptors,121
Houston Rockets,101,Golden State Warriors,120
Portland Trail Blazers,116,Utah Jazz,111
Denver Nuggets,106,New Orleans Pelicans,121
Phoenix Suns,133,San Antonio Spurs,95
Boston Celtics,103,Brooklyn Nets,92
Memphis Grizzlies,122,Detroit Pistons,112
Cleveland Cavaliers,81,New York Knicks,92
Chicago Bulls,101,Sacramento Kings,110
Los Angeles Lakers,130,Washington Wizards,119
Indiana Pacers,100,Portland Trail Blazers,116
Los Angeles Clippers,119,Charlotte Hornets,117
Milwaukee Bucks,109,Orlando Magic,102
Oklahoma City Thunder,121,Atlanta Hawks,114
Boston Celtics,116,Toronto Raptors,110
Philadelphia 76ers,123,Houston Rockets,132
Miami Heat,93,Memphis Grizzlies,101
Phoenix Suns,111,Dallas Mavericks,130
Indiana Pacers,112,Golden State Warriors,104
Los Angeles Lakers,102,Cleveland Cavaliers,116
Detroit Pistons,116,Miami Heat,96
Dallas Mavericks,116,Denver Nuggets,115
Los Angeles Clippers,111,Orlando Magic,116
Charlotte Hornets,116,Brooklyn Nets,122
Atlanta Hawks,89,New York Knicks,113
Los Angeles Lakers,113,Toronto Raptors,126
Washington Wizards,111,Chicago Bulls,115
Oklahoma City Thunder,102,Memphis Grizzlies,123
Sacramento Kings,113,Milwaukee Bucks,126
Indiana Pacers,115,Minnesota Timberwolves,121
Detroit Pistons,98,New Orleans Pelicans,104
Golden State Warriors,123,Utah Jazz,124
Boston Celtics,125,Phoenix Suns,98
Los Angeles Clippers,110,Miami Heat,115
Houston Rockets,109,San Antonio Spurs,118
Denver Nuggets,121,Portland Trail Blazers,120
New York Knicks,121,Charlotte Hornets,102
Washington Wizards,111,Indiana Pacers,121
Toronto Raptors,109,Orlando Magic,113
Atlanta Hawks,116,Brooklyn Nets,120
Sacramento Kings,106,Cleveland Cavaliers,95
Los Angeles Lakers,122,Philadelphia 76ers,133
Detroit Pistons,103,Memphis Grizzlies,114
Phoenix Suns,117,New Orleans Pelicans,128
Minnesota Timberwolves,118,Utah Jazz,108
Milwaukee Bucks,106,Dallas Mavericks,105
San Antonio Spurs,115,Miami Heat,111
Brooklyn Nets,136,Indiana Pacers,133
Los Angeles Clippers,114,Washington Wizards,107
Oklahoma City Thunder,102,Cleveland Cavaliers,110
Dallas Mavericks,115,Chicago Bulls,144
Boston Celtics,107,Golden State Warriors,123
Utah Jazz,110,Denver Nuggets,115
Minnesota Timberwolves,118,Portland Trail Blazers,124
Phoenix Suns,124,New Orleans Pelicans,129
Los Angeles Lakers,124,Detroit Pistons,117
Sacramento Kings,99,New York Knicks,112
Toronto Raptors,99,Orlando Magic,111
Charlotte Hornets,113,Philadelphia 76ers,131
Chicago Bulls,122,Atlanta Hawks,123
Milwaukee Bucks,92,Houston Rockets,97
Miami Heat,87,Indiana Pacers,82
Brooklyn Nets,112,Washington Wizards,100
Atlanta Hawks,103,Memphis Grizzlies,128
Oklahoma City Thunder,114,Dallas Mavericks,121
Cleveland Cavaliers,111,San Antonio Spurs,112
Minnesota Timberwolves,112,Portland Trail Blazers,133
Boston Celtics,93,Los Angeles Clippers,113
Sacramento Kings,103,Philadelphia 76ers,123
Golden State Warriors,111,Milwaukee Bucks,128
Phoenix Suns,97,Houston Rockets,111
New Orleans Pelicans,100,Utah Jazz,121
Boston Celtics,122,Los Angeles Lakers,118
Detroit Pistons,141,Charlotte Hornets,134
Golden State Warriors,119,Indiana Pacers,125
Atlanta Hawks,124,Orlando Magic,135
New York Knicks,128,Chicago Bulls,120
Sacramento Kings,124,Toronto Raptors,123
Miami Heat,110,Oklahoma City Thunder,108
Portland Trail Blazers,128,San Antonio Spurs,112
Cleveland Cavaliers,105,Dallas Mavericks,90
Washington Wizards,128,Denver Nuggets,141
Minnesota Timberwolves,88,Los Angeles Clippers,99
Miami Heat,111,Houston Rockets,108
Milwaukee Bucks,101,Memphis Grizzlies,142
New Orleans Pelicans,129,Utah Jazz,132
Phoenix Suns,111,Los Angeles Clippers,95
Atlanta Hawks,125,Charlotte Hornets,106
Sacramento Kings,122,Detroit Pistons,113
Orlando Magic,117,Boston Celtics,109
Indiana Pacers,112,Cleveland Cavaliers,118
Golden State Warriors,106,Philadelphia 76ers,118
Brooklyn Nets,119,Toronto Raptors,116
New York Knicks,114,Chicago Bulls,91
Minnesota Timberwolves,112,Oklahoma City Thunder,110
Portland Trail Blazers,110,Dallas Mavericks,130
Denver Nuggets,108,Los Angeles Lakers,126
Washington Wizards,93,Los Angeles Clippers,102
Miami Heat,111,San Antonio Spurs,101
Dallas Mavericks,99,Cleveland Cavaliers,100
Portland Trail Blazers,107,Houston Rockets,95
Utah Jazz,97,Milwaukee Bucks,123
Memphis Grizzlies,109,Oklahoma City Thunder,115
New Orleans Pelicans,114,Phoenix Suns,118
Orlando Magic,95,Boston Celtics,92
New York Knicks,109,Indiana Pacers,106
Brooklyn Nets,124,Detroit Pistons,121
Golden State Warriors,126,Toronto Raptors,110
Chicago Bulls,126,Minnesota Timberwolves,150
Charlotte Hornets,115,Denver Nuggets,119
Washington Wizards,117,Los Angeles Lakers,119
Utah Jazz,99,Cleveland Cavaliers,122
Toronto Raptors,101,Philadelphia 76ers,104
Orlando Magic,125,Atlanta Hawks,126
San Antonio Spurs,124,Houston Rockets,105
Dallas Mavericks,106,Minnesota Timberwolves,116
Milwaukee Bucks,128,New Orleans Pelicans,119
Portland Trail Blazers,121,Oklahoma City Thunder,123
Los Angeles Lakers,104,Phoenix Suns,130
Charlotte Hornets,125,Sacramento Kings,119
Utah Jazz,126,Detroit Pistons,111
Chicago Bulls,113,Miami Heat,103
Golden State Warriors,94,New York Knicks,132
Washington Wizards,113,Phoenix Suns,110
Memphis Grizzlies,91,Denver Nuggets,105
Milwaukee Bucks,106,Cleveland Cavaliers,114
Detroit Pistons,93,Philadelphia 76ers,113
Chicago Bulls,110,Atlanta Hawks,108
Indiana Pacers,117,Boston Celtics,112
Golden State Warriors,113,Brooklyn Nets,143
Toronto Raptors,113,New York Knicks,106
Orlando Magic,116,Houston Rockets,110
Dallas Mavericks,104,Minnesota Timberwolves,99
Portland Trail Blazers,98,Oklahoma City Thunder,101
Los Angeles Lakers,120,Sacramento Kings,134
Charlotte Hornets,105,Los Angeles Clippers,126
San Antonio Spurs,117,New Orleans Pelicans,126
Washington Wizards,112,Utah Jazz,120
San Antonio Spurs,113,Orlando Magic,133
Los Angeles Clippers,114,Philadelphia 76ers,119
Detroit Pistons,105,Atlanta Hawks,130
Minnesota Timberwolves,109,Boston Celtics,121
Milwaukee Bucks,100,Brooklyn Nets,118
Toronto Raptors,118,Cleveland Cavaliers,107
Chicago Bulls,118,New York Knicks,117
Dallas Mavericks,112,Houston Rockets,106
Indiana Pacers,111,Miami Heat,108
New Orleans Pelicans,128,Oklahoma City Thunder,125
Portland Trail Blazers,107,Denver Nuggets,120
Memphis Grizzlies,125,Phoenix Suns,100
Washington Wizards,125,Sacramento Kings,111
Charlotte Hornets,134,Los Angeles Lakers,130
Philadelphia 76ers,119,New York Knicks,112
Los Angeles Lakers,115,Dallas Mavericks,124
Milwaukee Bucks,118,Boston Celtics,139
Memphis Grizzlies,109,Golden State Warriors,123
Phoenix Suns,125,Denver Nuggets,128
Brooklyn Nets,125,Cleveland Cavaliers,117
Los Angeles Clippers,142,Detroit Pistons,131
Minnesota Timberwolves,110,Miami Heat,113
Houston Rockets,133,Chicago Bulls,118
Indiana Pacers,93,New Orleans Pelicans,113
Utah Jazz,122,San Antonio Spurs,126
Charlotte Hornets,113,Portland Trail Blazers,124
Los Angeles Lakers,129,Orlando Magic,110
Philadelphia 76ers,111,Washington Wizards,116
Houston Rockets,102,Boston Celtics,126
Atlanta Hawks,114,Indiana Pacers,129
Los Angeles Clippers,124,Toronto Raptors,113
Phoenix Suns,125,Memphis Grizzlies,108
San Antonio Spurs,114,Oklahoma City Thunder,130
New York Knicks,121,Dallas Mavericks,126
Charlotte Hornets,105,Golden State Warriors,110
Denver Nuggets,113,Sacramento Kings,106
Orlando Magic,101,Detroit Pistons,121
Phoenix Suns,102,Washington Wizards,127
Brooklyn Nets,108,Atlanta Hawks,107
Los Angeles Lakers,98,Miami Heat,112
Milwaukee Bucks,113,Chicago Bulls,119
Minnesota Timberwolves,118,New Orleans Pelicans,119
Utah Jazz,107,Golden State Warriors,112
Denver Nuggets,126,Sacramento Kings,127
Oklahoma City Thunder,113,Charlotte Hornets,121
Cleveland Cavaliers,126,Indiana Pacers,135
Los Angeles Clippers,110,Boston Celtics,116
Memphis Grizzlies,119,Toronto Raptors,106
New York Knicks,115,San Antonio Spurs,122
Houston Rockets,114,Dallas Mavericks,129
Washington Wizards,119,Orlando Magic,100
Los Angeles Lakers,130,Atlanta Hawks,121
Phoenix Suns,104,Toronto Raptors,113
Detroit Pistons,118,Chicago Bulls,132
Minnesota Timberwolves,114,Milwaukee Bucks,123
Philadelphia 76ers,116,New Orleans Pelicans,127
Miami Heat,119,Denver Nuggets,124
Portland Trail Blazers,112,Golden State Warriors,118
Utah Jazz,125,Sacramento Kings,126
Los Angeles Clippers,130,Indiana Pacers,131
Cleveland Cavaliers,103,Chicago Bulls,102
Brooklyn Nets,123,Charlotte Hornets,106
New York Knicks,108,Houston Rockets,88
Dallas Mavericks,126,San Antonio Spurs,125
New Orleans Pelicans,101,Memphis Grizzlies,116
Detroit Pistons,116,Minnesota Timberwolves,104
Philadelphia 76ers,115,Oklahoma City Thunder,96
Miami Heat,126,Utah Jazz,123
Boston Celtics,111,Denver Nuggets,123
Sacramento Kings,108,Memphis Grizzlies,118
Washington Wizards,118,Milwaukee Bucks,95
Phoenix Suns,83,New York Knicks,102
Los Angeles Lakers,121,Charlotte Hornets,115
Chicago Bulls,134,Cleveland Cavaliers,145
Toronto Raptors,114,Indiana Pacers,122
New Orleans Pelicans,111,Philadelphia 76ers,120
San Antonio Spurs,103,Brooklyn Nets,139
Dallas Mavericks,111,Houston Rockets,106
Denver Nuggets,111,Minnesota Timberwolves,124
Atlanta Hawks,141,Golden State Warriors,143
Detroit Pistons,106,Portland Trail Blazers,135
Miami Heat,110,Los Angeles Clippers,100
Washington Wizards,113,Milwaukee Bucks,123
Boston Celtics,117,Oklahoma City Thunder,150
Sacramento Kings,117,Utah Jazz,115
Memphis Grizzlies,131,Charlotte Hornets,107
Phoenix Suns,88,Cleveland Cavaliers,90
Oklahoma City Thunder,115,Orlando Magic,126
Indiana Pacers,126,Philadelphia 76ers,129
San Antonio Spurs,114,New York Knicks,117
Milwaukee Bucks,104,Toronto Raptors,101
Brooklyn Nets,112,Chicago Bulls,121
Portland Trail Blazers,106,Minnesota Timberwolves,113
Houston Rockets,108,New Orleans Pelicans,119
Detroit Pistons,122,Golden State Warriors,119
Miami Heat,109,Los Angeles Lakers,112
Atlanta Hawks,120,Sacramento Kings,117
Memphis Grizzlies,123,Orlando Magic,115
Boston Celtics,124,Dallas Mavericks,95
Utah Jazz,131,Houston Rockets,114
Los Angeles Clippers,91,Denver Nuggets,122
Portland Trail Blazers,99,Indiana Pacers,108
Chicago Bulls,126,Philadelphia 76ers,112
Brooklyn Nets,108,New Orleans Pelicans,102
New York Knicks,112,Toronto Raptors,108
Charlotte Hornets,138,Milwaukee Bucks,109
Washington Wizards,110,Oklahoma City Thunder,127
Detroit Pistons,109,San Antonio Spurs,121
Cleveland Cavaliers,108,Denver Nuggets,121
Los Angeles Clippers,115,Minnesota Timberwolves,128
Miami Heat,104,Phoenix Suns,96
Atlanta Hawks,114,Los Angeles Lakers,130
Boston Celtics,121,San Antonio Spurs,116
Utah Jazz,118,Chicago Bulls,126
New Orleans Pelicans,117,Dallas Mavericks,127
Orlando Magic,115,Golden State Warriors,101
Los Angeles Lakers,136,Sacramento Kings,134
Philadelphia 76ers,123,Detroit Pistons,111
Portland Trail Blazers,105,Toronto Raptors,117
Charlotte Hornets,111,Indiana Pacers,116
Utah Jazz,118,Memphis Grizzlies,123
Brooklyn Nets,102,Miami Heat,101
Minnesota Timberwolves,104,Houston Rockets,96
Dallas Mavericks,109,Oklahoma City Thunder,120
Cleveland Cavaliers,112,Phoenix Suns,98
Atlanta Hawks,112,Los Angeles Clippers,108
New Orleans Pelicans,132,Washington Wizards,112
Chicago Bulls,99,Boston Celtics,107
Milwaukee Bucks,111,New York Knicks,107
San Antonio Spurs,113,Memphis Grizzlies,121
Los Angeles Lakers,109,Denver Nuggets,122
Orlando Magic,111,Sacramento Kings,136
Detroit Pistons,116,Philadelphia 76ers,147
Oklahoma City Thunder,111,Miami Heat,112
Charlotte Hornets,120,Toronto Raptors,132
Cleveland Cavaliers,114,Utah Jazz,116
Phoenix Suns,125,Golden State Warriors,113
Orlando Magic,109,Portland Trail Blazers,106
Dallas Mavericks,101,Los Angeles Clippers,113
Minnesota Timberwolves,118,Detroit Pistons,135
Chicago Bulls,97,Washington Wizards,100
Milwaukee Bucks,114,Atlanta Hawks,105
New Orleans Pelicans,114,Boston Celtics,125
Indiana Pacers,113,New York Knicks,119
San Antonio Spurs,129,Memphis Grizzlies,135
Phoenix Suns,97,Denver Nuggets,126
Houston Rockets,115,Sacramento Kings,135
Oklahoma City Thunder,133,Philadelphia 76ers,114
Boston Celtics,109,Brooklyn Nets,98
Milwaukee Bucks,102,Miami Heat,108
Charlotte Hornets,114,Toronto Raptors,124
Dallas Mavericks,119,Los Angeles Lakers,115
Cleveland Cavaliers,119,Portland Trail Blazers,113
New Orleans Pelicans,116,Detroit Pistons,110
Atlanta Hawks,113,Indiana Pacers,111
New York Knicks,112,Washington Wizards,108
Golden State Warriors,144,San Antonio Spurs,113
Oklahoma City Thunder,124,Chicago Bulls,110
Phoenix Suns,116,Minnesota Timberwolves,121
Orlando Magic,108,Utah Jazz,112
Denver Nuggets,115,Los Angeles Clippers,103
Houston Rockets,114,Sacramento Kings,139
Milwaukee Bucks,95,Miami Heat,111
Boston Celtics,122,Charlotte Hornets,106
Memphis Grizzlies,130,Indiana Pacers,112
Atlanta Hawks,114,Toronto Raptors,103
Cleveland Cavaliers,102,Minnesota Timberwolves,110
Philadelphia 76ers,118,Utah Jazz,117
Dallas Mavericks,119,Portland Trail Blazers,136
New York Knicks,117,Detroit Pistons,104
Houston Rockets,100,Los Angeles Clippers,121
Golden State Warriors,118,Chicago Bulls,132
Oklahoma City Thunder,112,Brooklyn Nets,102
Sacramento Kings,132,San Antonio Spurs,119
Orlando Magic,116,Denver Nuggets,119
Dallas Mavericks,123,Portland Trail Blazers,140
Philadelphia 76ers,113,Los Angeles Lakers,112
Boston Celtics,130,Charlotte Hornets,118
Indiana Pacers,119,Milwaukee Bucks,132
New Orleans Pelicans,103,Cleveland Cavaliers,113
Toronto Raptors,123,New York Knicks,121
Golden State Warriors,127,Washington Wizards,118
Miami Heat,113,Atlanta Hawks,121
Utah Jazz,126,Minnesota Timberwolves,125
Phoenix Suns,106,Memphis Grizzlies,136
Houston Rockets,132,Los Angeles Lakers,140
Toronto Raptors,122,Milwaukee Bucks,130
Brooklyn Nets,98,San Antonio Spurs,106
Portland Trail Blazers,113,Denver Nuggets,122
Philadelphia 76ers,120,Los Angeles Clippers,110
Atlanta Hawks,130,Dallas Mavericks,122
Washington Wizards,116,New York Knicks,105
Charlotte Hornets,122,Houston Rockets,117
Cleveland Cavaliers,114,Memphis Grizzlies,115
Miami Heat,124,New Orleans Pelicans,98
Indiana Pacers,106,Oklahoma City Thunder,126
Los Angeles Clippers,103,Utah Jazz,126
Minnesota Timberwolves,118,Denver Nuggets,122
Sacramento Kings,116,Los Angeles Lakers,111
Chicago Bulls,126,Detroit Pistons,108
Golden State Warriors,118,Boston Celtics,121
Toronto Raptors,126,Minnesota Timberwolves,128
Brooklyn Nets,112,Phoenix Suns,117
Philadelphia 76ers,105,Portland Trail Blazers,95
New Orleans Pelicans,110,Orlando Magic,123
New York Knicks,124,Atlanta Hawks,139
Golden State Warriors,120,Cleveland Cavaliers,114
Miami Heat,90,Dallas Mavericks,115
Los Angeles Clippers,131,San Antonio Spurs,126
Indiana Pacers,111,Denver Nuggets,134
Brooklyn Nets,117,Utah Jazz,106
Memphis Grizzlies,121,Los Angeles Lakers,122
Oklahoma City Thunder,113,Sacramento Kings,118
Boston Celtics,106,Toronto Raptors,104
Orlando Magic,118,Washington Wizards,138
Charlotte Hornets,122,Atlanta Hawks,118
Milwaukee Bucks,102,Cleveland Cavaliers,114
Houston Rockets,104,Minnesota Timberwolves,113
Indiana Pacers,107,Phoenix Suns,112
Philadelphia 76ers,129,Sacramento Kings,127
Los Angeles Clippers,112,Dallas Mavericks,98
New Orleans Pelicans,96,Miami Heat,100
New York Knicks,116,Toronto Raptors,125
Oklahoma City Thunder,101,Denver Nuggets,99
Memphis Grizzlies,110,Phoenix Suns,112
Brooklyn Nets,120,Golden State Warriors,116
Los Angeles Lakers,121,Portland Trail Blazers,112
Milwaukee Bucks,150,Detroit Pistons,130
Boston Celtics,98,Orlando Magic,113
Atlanta Hawks,100,Chicago Bulls,111
Minnesota Timberwolves,114,Houston Rockets,119
Charlotte Hornets,102,Utah Jazz,120
San Antonio Spurs,127,Portland Trail Blazers,147
Memphis Grizzlies,100,Sacramento Kings,133
Chicago Bulls,110,Indiana Pacers,116
Boston Celtics,95,Miami Heat,98
Cleveland Cavaliers,103,New York Knicks,105
Denver Nuggets,99,New Orleans Pelicans,98
Washington Wizards,127,Dallas Mavericks,126
Charlotte Hornets,97,Phoenix Suns,128
Los Angeles Clippers,133,Los Angeles Lakers,115
Indiana Pacers,120,Orlando Magic,126
Brooklyn Nets,133,Philadelphia 76ers,137
Washington Wizards,108,Houston Rockets,103
Denver Nuggets,99,Milwaukee Bucks,107
Minnesota Timberwolves,111,New Orleans Pelicans,102
Atlanta Hawks,137,Oklahoma City Thunder,132
Memphis Grizzlies,120,Golden State Warriors,122
Utah Jazz,124,Portland Trail Blazers,134
Toronto Raptors,113,Sacramento Kings,95
San Antonio Spurs,104,Los Angeles Lakers,113
New York Knicks,120,Boston Celtics,117
Detroit Pistons,130,Brooklyn Nets,122
Chicago Bulls,96,Charlotte Hornets,111
Cleveland Cavaliers,113,Houston Rockets,95
Dallas Mavericks,99,Phoenix Suns,95
San Antonio Spurs,100,Los Angeles Clippers,138
Milwaukee Bucks,141,Indiana Pacers,131
Memphis Grizzlies,100,Minnesota Timberwolves,111
Orlando Magic,105,Miami Heat,110
Cleveland Cavaliers,100,Oklahoma City Thunder,112
Toronto Raptors,117,Golden State Warriors,129
Denver Nuggets,119,Philadelphia 76ers,126
New York Knicks,115,Brooklyn Nets,122
Houston Rockets,117,Detroit Pistons,114
Chicago Bulls,128,Orlando Magic,109
Los Angeles Clippers,120,Atlanta Hawks,113
Sacramento Kings,110,Minnesota Timberwolves,117
Washington Wizards,113,New Orleans Pelicans,103
Phoenix Suns,128,San Antonio Spurs,118
Los Angeles Lakers,121,Boston Celtics,125
Dallas Mavericks,100,Utah Jazz,108
Toronto Raptors,123,Portland Trail Blazers,105
Miami Heat,117,Charlotte Hornets,122
Indiana Pacers,100,Memphis Grizzlies,112
Los Angeles Clippers,99,Cleveland Cavaliers,122
New Orleans Pelicans,110,Milwaukee Bucks,135
Orlando Magic,119,Philadelphia 76ers,109
Los Angeles Lakers,104,Brooklyn Nets,121
Sacramento Kings,118,Minnesota Timberwolves,111
Golden State Warriors,128,Oklahoma City Thunder,120
Washington Wizards,127,San Antonio Spurs,106
Detroit Pistons,105,Dallas Mavericks,111
Toronto Raptors,106,Phoenix Suns,114
Atlanta Hawks,125,Portland Trail Blazers,129
Miami Heat,100,Cleveland Cavaliers,97
Los Angeles Lakers,129,New York Knicks,123
Los Angeles Clippers,108,Chicago Bulls,103
Charlotte Hornets,115,Milwaukee Bucks,124
New Orleans Pelicans,113,Denver Nuggets,122
Portland Trail Blazers,122,Memphis Grizzlies,112
Orlando Magic,94,Philadelphia 76ers,105
Brooklyn Nets,96,Boston Celtics,139
Oklahoma City Thunder,106,Houston Rockets,112
Golden State Warriors,114,Minnesota Timberwolves,119
Sacramento Kings,119,San Antonio Spurs,109
Toronto Raptors,128,Utah Jazz,131
Atlanta Hawks,132,Phoenix Suns,100
Los Angeles Lakers,112,Indiana Pacers,111
Memphis Grizzlies,113,Cleveland Cavaliers,128
Miami Heat,104,New York Knicks,106
Charlotte Hornets,98,Chicago Bulls,114
New Orleans Pelicans,106,Dallas Mavericks,111
Golden State Warriors,117,Denver Nuggets,134
Los Angeles Clippers,105,Milwaukee Bucks,106
Charlotte Hornets,112,Detroit Pistons,118
Sacramento Kings,104,Indiana Pacers,107
Portland Trail Blazers,124,Washington Wizards,116
Phoenix Suns,106,Boston Celtics,94
Toronto Raptors,117,Houston Rockets,111
Orlando Magic,127,Minnesota Timberwolves,120
Philadelphia 76ers,137,San Antonio Spurs,125
Atlanta Hawks,115,Utah Jazz,108
Washington Wizards,123,Brooklyn Nets,125
Los Angeles Lakers,126,New Orleans Pelicans,131
Phoenix Suns,116,Detroit Pistons,100
Los Angeles Clippers,134,New York Knicks,128
Portland Trail Blazers,121,Chicago Bulls,129
Miami Heat,115,Milwaukee Bucks,123
Houston Rockets,121,Oklahoma City Thunder,153
Dallas Mavericks,113,Golden State Warriors,119
Atlanta Hawks,108,Denver Nuggets,128
Orlando Magic,119,Charlotte Hornets,113
Cleveland Cavaliers,122,Indiana Pacers,103
Toronto Raptors,106,Memphis Grizzlies,103
Philadelphia 76ers,97,New York Knicks,108
Denver Nuggets,98,Minnesota Timberwolves,128
Sacramento Kings,104,New Orleans Pelicans,136
Boston Celtics,111,Detroit Pistons,99
Cleveland Cavaliers,114,Washington Wizards,91
Los Angeles Clippers,124,Brooklyn Nets,116
San Antonio Spurs,104,Chicago Bulls,128
Sacramento Kings,140,Houston Rockets,120
Dallas Mavericks,124,Utah Jazz,111
Oklahoma City Thunder,114,Golden State Warriors,141
Milwaukee Bucks,127,Portland Trail Blazers,108
New York Knicks,102,Orlando Magic,98
Phoenix Suns,116,Brooklyn Nets,112
Atlanta Hawks,107,New Orleans Pelicans,116
Chicago Bulls,89,Memphis Grizzlies,104
Minnesota Timberwolves,112,Denver Nuggets,146
Oklahoma City Thunder,133,Los Angeles Lakers,130
Detroit Pistons,85,Cleveland Cavaliers,113
Charlotte Hornets,104,Washington Wizards,118
Philadelphia 76ers,99,Boston Celtics,106
Indiana Pacers,111,Miami Heat,116
San Antonio Spurs,98,Toronto Raptors,112
Sacramento Kings,130,Houston Rockets,128
Minnesota Timberwolves,143,Utah Jazz,118
Dallas Mavericks,110,Los Angeles Clippers,104
Golden State Warriors,122,Portland Trail Blazers,125
Denver Nuggets,104,Orlando Magic,115
Phoenix Suns,107,Atlanta Hawks,116
Chicago Bulls,105,Brooklyn Nets,116
Milwaukee Bucks,115,Los Angeles Lakers,106
San Antonio Spurs,131,Detroit Pistons,138
Phoenix Suns,117,Indiana Pacers,104
New York Knicks,108,Philadelphia 76ers,119
Charlotte Hornets,116,Boston Celtics,127
Utah Jazz,122,Toronto Raptors,116
Minnesota Timberwolves,107,Memphis Grizzlies,128
Houston Rockets,95,Miami Heat,97
Cleveland Cavaliers,118,New Orleans Pelicans,107
Oklahoma City Thunder,138,Portland Trail Blazers,129
Dallas Mavericks,122,Sacramento Kings,114
Milwaukee Bucks,119,Los Angeles Clippers,106
Philadelphia 76ers,101,Brooklyn Nets,98
Denver Nuggets,119,Charlotte Hornets,105
Miami Heat,107,Orlando Magic,103
Indiana Pacers,113,Washington Wizards,127
San Antonio Spurs,106,Atlanta Hawks,125
Utah Jazz,120,New York Knicks,126
Chicago Bulls,89,Cleveland Cavaliers,97
Los Angeles Lakers,109,Golden State Warriors,103
Dallas Mavericks,128,Sacramento Kings,133
Memphis Grizzlies,109,Boston Celtics,119
Detroit Pistons,118,Toronto Raptors,119
Atlanta Hawks,138,Charlotte Hornets,144
San Antonio Spurs,109,Cleveland Cavaliers,117
Utah Jazz,123,Indiana Pacers,117
Houston Rockets,104,Philadelphia 76ers,123
Denver Nuggets,112,Miami Heat,108
Brooklyn Nets,106,New York Knicks,124
Orlando Magic,100,Chicago Bulls,91
New Orleans Pelicans,103,Oklahoma City Thunder,100
Minnesota Timberwolves,124,Dallas Mavericks,121
Washington Wizards,126,Golden State Warriors,135
Los Angeles Lakers,115,Portland Trail Blazers,127
Boston Celtics,125,Milwaukee Bucks,131
Orlando Magic,113,Toronto Raptors,123
Sacramento Kings,109,Phoenix Suns,120
Golden State Warriors,124,Los Angeles Clippers,134
Washington Wizards,126,Portland Trail Blazers,101
San Antonio Spurs,110,Charlotte Hornets,120
Chicago Bulls,113,Indiana Pacers,117
New York Knicks,122,Atlanta Hawks,101
Detroit Pistons,109,Boston Celtics,127
Miami Heat,105,Brooklyn Nets,116
Cleveland Cavaliers,112,Philadelphia 76ers,118
Utah Jazz,111,Memphis Grizzlies,117
Houston Rockets,96,Oklahoma City Thunder,133
Dallas Mavericks,109,Denver Nuggets,118
New Orleans Pelicans,102,Los Angeles Lakers,120
Milwaukee Bucks,112,Chicago Bulls,100
Washington Wizards,114,Minnesota Timberwolves,106
Los Angeles Clippers,116,Phoenix Suns,107
Denver Nuggets,115,Cleveland Cavaliers,109
Boston Celtics,142,Indiana Pacers,138
Detroit Pistons,106,Orlando Magic,108
Memphis Grizzlies,105,Philadelphia 76ers,110
New Orleans Pelicans,110,Toronto Raptors,115
San Antonio Spurs,116,Dallas Mavericks,142
Oklahoma City Thunder,119,Utah Jazz,120
Golden State Warriors,111,Los Angeles Lakers,124
Portland Trail Blazers,116,Sacramento Kings,133
New York Knicks,115,Washington Wizards,109
Cleveland Cavaliers,119,Atlanta Hawks,136
Miami Heat,99,Milwaukee Bucks,128
Brooklyn Nets,87,Chicago Bulls,131
Charlotte Hornets,121,Minnesota Timberwolves,113
Houston Rockets,101,Golden State Warriors,116
Oklahoma City Thunder,115,Phoenix Suns,124
Sacramento Kings,176,Los Angeles Clippers,175
Toronto Raptors,95,Detroit Pistons,91
Miami Heat,103,Charlotte Hornets,108
Indiana Pacers,121,Orlando Magic,108
New Orleans Pelicans,106,New York Knicks,128
Denver Nuggets,94,Memphis Grizzlies,112
Boston Celtics,110,Philadelphia 76ers,107
San Antonio Spurs,102,Utah Jazz,118
Phoenix Suns,101,Milwaukee Bucks,104
Brooklyn Nets,127,Atlanta Hawks,129
Washington Wizards,82,Chicago Bulls,102
Los Angeles Lakers,111,Dallas Mavericks,108
Toronto Raptors,93,Cleveland Cavaliers,118
Sacramento Kings,124,Oklahoma City Thunder,115
Minnesota Timberwolves,104,Golden State Warriors,109
Houston Rockets,114,Portland Trail Blazers,131
Los Angeles Clippers,124,Denver Nuggets,134
Detroit Pistons,106,Charlotte Hornets,117
Miami Heat,101,Philadelphia 76ers,99
Boston Celtics,94,New York Knicks,109
Orlando Magic,101,New Orleans Pelicans,93
Washington Wizards,119,Atlanta Hawks,116
Milwaukee Bucks,118,Brooklyn Nets,104
Los Angeles Lakers,109,Memphis Grizzlies,121
Chicago Bulls,98,Toronto Raptors,104
Denver Nuggets,133,Houston Rockets,112
Sacramento Kings,123,Oklahoma City Thunder,117
Indiana Pacers,124,Dallas Mavericks,122
San Antonio Spurs,102,Utah Jazz,94
Portland Trail Blazers,105,Golden State Warriors,123
Minnesota Timberwolves,108,Los Angeles Clippers,101
Phoenix Suns,105,Charlotte Hornets,91
Chicago Bulls,117,Detroit Pistons,115
Cleveland Cavaliers,113,Boston Celtics,117
Philadelphia 76ers,119,Miami Heat,96
Brooklyn Nets,118,New York Knicks,142
Memphis Grizzlies,113,Houston Rockets,99
Orlando Magic,117,Milwaukee Bucks,139
Los Angeles Lakers,123,Oklahoma City Thunder,117
New Orleans Pelicans,121,Portland Trail Blazers,110
Toronto Raptors,108,Washington Wizards,119
Philadelphia 76ers,126,Dallas Mavericks,133
Indiana Pacers,99,San Antonio Spurs,110
Los Angeles Clippers,91,Golden State Warriors,115
Orlando Magic,117,Charlotte Hornets,106
Portland Trail Blazers,111,Atlanta Hawks,129
Brooklyn Nets,115,Boston Celtics,105
Phoenix Suns,125,Chicago Bulls,104
New York Knicks,122,Miami Heat,120
Utah Jazz,103,Oklahoma City Thunder,130
Memphis Grizzlies,97,Denver Nuggets,113
New Orleans Pelicans,99,Golden State Warriors,108
Los Angeles Clippers,127,Sacramento Kings,128
Minnesota Timberwolves,110,Los Angeles Lakers,102
Toronto Raptors,116,Washington Wizards,109
Detroit Pistons,90,Cleveland Cavaliers,114
Atlanta Hawks,109,Miami Heat,117
Houston Rockets,122,San Antonio Spurs,110
Philadelphia 76ers,133,Milwaukee Bucks,130
Minnesota Timberwolves,138,Sacramento Kings,134
Phoenix Suns,130,Dallas Mavericks,126
Indiana Pacers,125,Chicago Bulls,122
Golden State Warriors,105,Los Angeles Lakers,113
Charlotte Hornets,86,Brooklyn Nets,102
Portland Trail Blazers,122,Orlando Magic,119
San Antonio Spurs,110,Houston Rockets,142
Utah Jazz,119,Oklahoma City Thunder,129
New York Knicks,131,Boston Celtics,129
Milwaukee Bucks,117,Washington Wizards,111
Memphis Grizzlies,129,Los Angeles Clippers,135
Boston Celtics,114,Cleveland Cavaliers,118
Portland Trail Blazers,110,Detroit Pistons,104
Philadelphia 76ers,147,Indiana Pacers,143
Atlanta Hawks,128,Miami Heat,130
Toronto Raptors,113,Denver Nuggets,118
New Orleans Pelicans,108,Sacramento Kings,123
Washington Wizards,119,Detroit Pistons,117
Milwaukee Bucks,134,Orlando Magic,123
Philadelphia 76ers,117,Minnesota Timberwolves,94
Charlotte Hornets,112,New York Knicks,105
Brooklyn Nets,118,Houston Rockets,96
Golden State Warriors,128,Oklahoma City Thunder,137
Utah Jazz,116,Dallas Mavericks,120
Memphis Grizzlies,103,Los Angeles Lakers,112
Atlanta Hawks,122,Washington Wizards,120
Portland Trail Blazers,93,Boston Celtics,115
Cleveland Cavaliers,104,Miami Heat,100
Dallas Mavericks,106,New Orleans Pelicans,113
Chicago Bulls,117,Denver Nuggets,96
Oklahoma City Thunder,101,Phoenix Suns,132
Toronto Raptors,100,Los Angeles Clippers,108
Charlotte Hornets,113,Detroit Pistons,103
Houston Rockets,125,Indiana Pacers,134
Utah Jazz,131,Orlando Magic,124
Golden State Warriors,110,Memphis Grizzlies,131
Brooklyn Nets,113,Milwaukee Bucks,118
New York Knicks,117,Sacramento Kings,122
Portland Trail Blazers,119,Philadelphia 76ers,120
Atlanta Hawks,114,Washington Wizards,107
Cleveland Cavaliers,115,Miami Heat,119
Brooklyn Nets,124,Minnesota Timberwolves,123
Denver Nuggets,120,San Antonio Spurs,128
Toronto Raptors,112,Los Angeles Lakers,122
New York Knicks,95,Los Angeles Clippers,106
Utah Jazz,119,Charlotte Hornets,111
Indiana Pacers,121,Detroit Pistons,115
Miami Heat,114,Orlando Magic,126
Boston Celtics,134,Atlanta Hawks,125
Chicago Bulls,119,Houston Rockets,111
Dallas Mavericks,108,Memphis Grizzlies,112
Milwaukee Bucks,116,Golden State Warriors,125
Oklahoma City Thunder,110,New Orleans Pelicans,96
Sacramento Kings,128,Phoenix Suns,119
Brooklyn Nets,122,Denver Nuggets,120
Cleveland Cavaliers,114,Charlotte Hornets,108
Washington Wizards,93,Philadelphia 76ers,112
Portland Trail Blazers,110,New Orleans Pelicans,127
Oklahoma City Thunder,102,San Antonio Spurs,90
New York Knicks,112,Los Angeles Lakers,108
Indiana Pacers,97,Detroit Pistons,117
Minnesota Timberwolves,136,Atlanta Hawks,115
Memphis Grizzlies,104,Dallas Mavericks,88
Utah Jazz,115,Miami Heat,119
Boston Celtics,109,Houston Rockets,111
Phoenix Suns,112,Golden State Warriors,123
Milwaukee Bucks,133,Sacramento Kings,124
Cleveland Cavaliers,120,Charlotte Hornets,104
Detroit Pistons,97,Washington Wizards,117
Denver Nuggets,110,Toronto Raptors,125
Los Angeles Lakers,123,New Orleans Pelicans,108
Brooklyn Nets,107,Oklahoma City Thunder,121
Orlando Magic,114,San Antonio Spurs,132
Milwaukee Bucks,116,Phoenix Suns,104
New York Knicks,123,Portland Trail Blazers,107
Philadelphia 76ers,118,Cleveland Cavaliers,109
Memphis Grizzlies,119,Miami Heat,138
Sacramento Kings,117,Chicago Bulls,114
Los Angeles Lakers,110,Houston Rockets,114
Boston Celtics,104,Minnesota Timberwolves,102
Dallas Mavericks,137,San Antonio Spurs,128
Golden State Warriors,126,Los Angeles Clippers,134
Denver Nuggets,119,Detroit Pistons,100
Sacramento Kings,101,Brooklyn Nets,96
Oklahoma City Thunder,111,Toronto Raptors,128
Indiana Pacers,139,Milwaukee Bucks,123
Orlando Magic,113,Phoenix Suns,116
Philadelphia 76ers,121,Charlotte Hornets,82
Golden State Warriors,119,Atlanta Hawks,127
Washington Wizards,94,Cleveland Cavaliers,117
Minnesota Timberwolves,131,Chicago Bulls,139
New Orleans Pelicans,112,Houston Rockets,114
Memphis Grizzlies,126,San Antonio Spurs,120
Boston Celtics,126,Portland Trail Blazers,112
Dallas Mavericks,111,Los Angeles Lakers,110
Denver Nuggets,110,New York Knicks,116
Orlando Magic,113,Los Angeles Clippers,108
Philadelphia 76ers,141,Indiana Pacers,121
Minnesota Timberwolves,107,Toronto Raptors,122
Miami Heat,99,Chicago Bulls,113
Golden State Warriors,119,Memphis Grizzlies,133
Sacramento Kings,132,Washington Wizards,118
Boston Celtics,117,Utah Jazz,118
Denver Nuggets,108,Brooklyn Nets,102
Phoenix Suns,120,Oklahoma City Thunder,124
Atlanta Hawks,118,San Antonio Spurs,126
Miami Heat,112,Detroit Pistons,100
New Orleans Pelicans,117,Houston Rockets,107
Toronto Raptors,111,Milwaukee Bucks,118
Los Angeles Clippers,117,Portland Trail Blazers,102
Orlando Magic,105,Los Angeles Lakers,111
Indiana Pacers,109,Charlotte Hornets,115
Chicago Bulls,109,Philadelphia 76ers,105
Minnesota Timberwolves,140,New York Knicks,134
Golden State Warriors,121,Houston Rockets,108
Dallas Mavericks,108,Memphis Grizzlies,112
Sacramento Kings,120,Utah Jazz,128
Washington Wizards,112,Orlando Magic,122
Detroit Pistons,107,Atlanta Hawks,129
Cleveland Cavaliers,115,Brooklyn Nets,109
San Antonio Spurs,84,New Orleans Pelicans,119
Boston Celtics,132,Sacramento Kings,109
Oklahoma City Thunder,101,Los Angeles Clippers,100
Denver Nuggets,118,Washington Wizards,104
Golden State Warriors,127,Dallas Mavericks,125
New York Knicks,120,Miami Heat,127
Indiana Pacers,118,Toronto Raptors,114
Philadelphia 76ers,116,Chicago Bulls,91
Houston Rockets,125,Memphis Grizzlies,130
San Antonio Spurs,94,Milwaukee Bucks,130
Atlanta Hawks,124,Minnesota Timberwolves,125
Portland Trail Blazers,127,Utah Jazz,115
Phoenix Suns,111,Los Angeles Lakers,122
New York Knicks,106,Orlando Magic,111
Cleveland Cavaliers,116,Brooklyn Nets,114
Charlotte Hornets,96,New Orleans Pelicans,115
Oklahoma City Thunder,105,Los Angeles Clippers,127
Indiana Pacers,95,Boston Celtics,120
San Antonio Spurs,124,Washington Wizards,136
Detroit Pistons,97,Toronto Raptors,118
Houston Rockets,114,Memphis Grizzlies,151
Charlotte Hornets,117,Dallas Mavericks,109
Milwaukee Bucks,144,Utah Jazz,116
Philadelphia 76ers,112,Golden State Warriors,120
Chicago Bulls,124,Portland Trail Blazers,96
Phoenix Suns,127,Sacramento Kings,135
Oklahoma City Thunder,111,Los Angeles Lakers,116
Indiana Pacers,130,Atlanta Hawks,143
Brooklyn Nets,129,Miami Heat,100
Milwaukee Bucks,106,Denver Nuggets,129
Philadelphia 76ers,105,Phoenix Suns,125
Utah Jazz,113,Sacramento Kings,121
New Orleans Pelicans,131,Los Angeles Clippers,110
Dallas Mavericks,104,Charlotte Hornets,110
Chicago Bulls,118,Los Angeles Lakers,108
Memphis Grizzlies,123,Atlanta Hawks,119
San Antonio Spurs,93,Boston Celtics,137
Houston Rockets,91,Cleveland Cavaliers,108
Brooklyn Nets,106,Orlando Magic,119
Washington Wizards,104,Toronto Raptors,114
Oklahoma City Thunder,118,Portland Trail Blazers,112
Minnesota Timberwolves,99,Golden State Warriors,96
Milwaukee Bucks,126,Detroit Pistons,117
Dallas Mavericks,127,Indiana Pacers,104
Houston Rockets,115,New York Knicks,137
Phoenix Suns,117,Utah Jazz,103
Philadelphia 76ers,111,Denver Nuggets,116
New Orleans Pelicans,124,Portland Trail Blazers,90
Minnesota Timberwolves,119,Sacramento Kings,115
Chicago Bulls,112,Los Angeles Clippers,124
Boston Celtics,111,Washington Wizards,130
Cleveland Cavaliers,118,Atlanta Hawks,120
Miami Heat,92,Toronto Raptors,106
Orlando Magic,108,Memphis Grizzlies,113
Charlotte Hornets,137,Oklahoma City Thunder,134
New Orleans Pelicans,109,Golden State Warriors,120
Milwaukee Bucks,149,Indiana Pacers,136
Houston Rockets,114,Brooklyn Nets,123
Miami Heat,92,New York Knicks,101
Dallas Mavericks,108,Philadelphia 76ers,116
Los Angeles Lakers,121,Chicago Bulls,110
Los Angeles Clippers,141,Memphis Grizzlies,132
Detroit Pistons,106,Oklahoma City Thunder,107
Utah Jazz,128,San Antonio Spurs,117
Minnesota Timberwolves,100,Phoenix Suns,107
Sacramento Kings,120,Portland Trail Blazers,80
Boston Celtics,140,Milwaukee Bucks,99
New Orleans Pelicans,107,Denver Nuggets,88
Chicago Bulls,121,Charlotte Hornets,91
Oklahoma City Thunder,117,Indiana Pacers,121
Toronto Raptors,110,Philadelphia 76ers,117
Orlando Magic,116,Washington Wizards,109
Utah Jazz,114,Boston Celtics,122
Atlanta Hawks,107,Brooklyn Nets,124
New York Knicks,130,Cleveland Cavaliers,116
Detroit Pistons,115,Houston Rockets,121
Los Angeles Clippers,94,Memphis Grizzlies,108
Los Angeles Lakers,123,Minnesota Timberwolves,111
San Antonio Spurs,115,Golden State Warriors,130
Sacramento Kings,138,Portland Trail Blazers,114
Denver Nuggets,93,Phoenix Suns,100
Dallas Mavericks,122,Miami Heat,129
Los Angeles Clippers,114,New Orleans Pelicans,122
Toronto Raptors,128,Charlotte Hornets,108
Utah Jazz,110,Brooklyn Nets,111
Memphis Grizzlies,107,Chicago Bulls,128
Portland Trail Blazers,107,Minnesota Timberwolves,105
Dallas Mavericks,130,Atlanta Hawks,132
Washington Wizards,109,New York Knicks,118
Detroit Pistons,102,Orlando Magic,128
San Antonio Spurs,142,Sacramento Kings,134
Los Angeles Lakers,134,Houston Rockets,109
Phoenix Suns,128,Oklahoma City Thunder,118
Indiana Pacers,105,Cleveland Cavaliers,115
Philadelphia 76ers,104,Milwaukee Bucks,117
Golden State Warriors,110,Denver Nuggets,112
Toronto Raptors,120,Charlotte Hornets,100
Miami Heat,118,Detroit Pistons,105
Cleveland Cavaliers,117,Orlando Magic,113
Milwaukee Bucks,140,Washington Wizards,128
Minnesota Timberwolves,107,Brooklyn Nets,102
Atlanta Hawks,123,Chicago Bulls,105
Denver Nuggets,103,Houston Rockets,124
Portland Trail Blazers,109,Memphis Grizzlies,119
Sacramento Kings,121,New Orleans Pelicans,103
Boston Celtics,101,Philadelphia 76ers,103
Los Angeles Lakers,135,Utah Jazz,133
Oklahoma City Thunder,125,Golden State Warriors,136
San Antonio Spurs,94,Phoenix Suns,115
Brooklyn Nets,123,Detroit Pistons,108
New York Knicks,138,Indiana Pacers,129
Washington Wizards,116,Atlanta Hawks,134
Toronto Raptors,93,Boston Celtics,97
Chicago Bulls,92,Milwaukee Bucks,105
Memphis Grizzlies,131,New Orleans Pelicans,138
Sacramento Kings,119,Dallas Mavericks,123
Los Angeles Lakers,118,Los Angeles Clippers,125
Cleveland Cavaliers,118,Orlando Magic,94
Miami Heat,129,Philadelphia 76ers,101
Portland Trail Blazers,127,San Antonio Spurs,129
Oklahoma City Thunder,114,Utah Jazz,98
Denver Nuggets,115,Phoenix Suns,119
Houston Rockets,112,Charlotte Hornets,109
Detroit Pistons,122,Indiana Pacers,115
Miami Heat,108,Washington Wizards,114
Philadelphia 76ers,136,Atlanta Hawks,131
Toronto Raptors,102,Boston Celtics,121
Orlando Magic,84,Brooklyn Nets,101
Memphis Grizzlies,137,Milwaukee Bucks,114
New York Knicks,105,New Orleans Pelicans,113
Chicago Bulls,115,Dallas Mavericks,112
Golden State Warriors,119,Sacramento Kings,97
Phoenix Suns,107,Los Angeles Lakers,121
Denver Nuggets,114,Utah Jazz,118
Portland Trail Blazers,125,Los Angeles Clippers,136
Minnesota Timberwolves,151,San Antonio Spurs,131
Atlanta Hawks,114,Boston Celtics,120
Philadelphia 76ers,134,Brooklyn Nets,105
Detroit Pistons,81,Chicago Bulls,103
Charlotte Hornets,106,Cleveland Cavaliers,95
Orlando Magic,110,Miami Heat,123
Indiana Pacers,141,New York Knicks,136
Milwaukee Bucks,105,Toronto Raptors,121
Houston Rockets,114,Washington Wizards,109
San Antonio Spurs,138,Dallas Mavericks,117
Sacramento Kings,95,Denver Nuggets,109
Utah Jazz,117,Los Angeles Lakers,128
New Orleans Pelicans,108,Minnesota Timberwolves,113
Memphis Grizzlies,100,Oklahoma City Thunder,115
Los Angeles Clippers,119,Phoenix Suns,114
Golden State Warriors,157,Portland Trail Blazers,101
Atlanta Hawks,116,Miami Heat,105
Minnesota Timberwolves,102,Los Angeles Lakers,108
Chicago Bulls,109,Toronto Raptors,105
Oklahoma City Thunder,123,New Orleans Pelicans,118
Chicago Bulls,91,Miami Heat,102
Oklahoma City Thunder,95,Minnesota Timberwolves,120
Brooklyn Nets,101,Philadelphia 76ers,121
Atlanta Hawks,99,Boston Celtics,112
New York Knicks,101,Cleveland Cavaliers,97
Golden State Warriors,123,Sacramento Kings,126
Los Angeles Lakers,128,Memphis Grizzlies,112
Miami Heat,130,Milwaukee Bucks,117
Los Angeles Clippers,115,Phoenix Suns,110
Minnesota Timberwolves,80,Denver Nuggets,109
Brooklyn Nets,84,Philadelphia 76ers,96
Golden State Warriors,106,Sacramento Kings,114
Atlanta Hawks,106,Boston Celtics,119
New York Knicks,90,Cleveland Cavaliers,107
Los Angeles Clippers,109,Phoenix Suns,123
Los Angeles Lakers,93,Memphis Grizzlies,103
Miami Heat,122,Milwaukee Bucks,138
Minnesota Timberwolves,113,Denver Nuggets,122
Philadelphia 76ers,102,Brooklyn Nets,97
Sacramento Kings,97,Golden State Warriors,114
Phoenix Suns,129,Los Angeles Clippers,124
Boston Celtics,122,Atlanta Hawks,130
Cleveland Cavaliers,79,New York Knicks,99
Denver Nuggets,120,Minnesota Timberwolves,111
Philadelphia 76ers,96,Brooklyn Nets,88
Phoenix Suns,112,Los Angeles Clippers,100
Milwaukee Bucks,99,Miami Heat,121
Memphis Grizzlies,101,Los Angeles Lakers,111
Cleveland Cavaliers,93,New York Knicks,102
Sacramento Kings,125,Golden State Warriors,126
Boston Celtics,129,Atlanta Hawks,121
Denver Nuggets,108,Minnesota Timberwolves,114
Milwaukee Bucks,114,Miami Heat,119
Memphis Grizzlies,111,Los Angeles Lakers,117
Atlanta Hawks,119,Boston Celtics,117
Minnesota Timberwolves,109,Denver Nuggets,112
Los Angeles Clippers,130,Phoenix Suns,136
New York Knicks,106,Cleveland Cavaliers,95
Los Angeles Lakers,99,Memphis Grizzlies,116
Miami Heat,128,Milwaukee Bucks,126
Golden State Warriors,123,Sacramento Kings,116
Boston Celtics,128,Atlanta Hawks,120
Sacramento Kings,118,Golden State Warriors,99
Memphis Grizzlies,85,Los Angeles Lakers,125
Phoenix Suns,107,Denver Nuggets,125
Miami Heat,108,New York Knicks,101
Golden State Warriors,120,Sacramento Kings,100
Philadelphia 76ers,119,Boston Celtics,115
Phoenix Suns,87,Denver Nuggets,97
Miami Heat,105,New York Knicks,111
Los Angeles Lakers,117,Golden State Warriors,112
Philadelphia 76ers,87,Boston Celtics,121
Los Angeles Lakers,100,Golden State Warriors,127
Boston Celtics,114,Philadelphia 76ers,102
Denver Nuggets,114,Phoenix Suns,121
New York Knicks,86,Miami Heat,105
Golden State Warriors,97,Los Angeles Lakers,127
Boston Celtics,115,Philadelphia 76ers,116
Denver Nuggets,124,Phoenix Suns,129
New York Knicks,101,Miami Heat,109
Golden State Warriors,101,Los Angeles Lakers,104
Philadelphia 76ers,115,Boston Celtics,103
Phoenix Suns,102,Denver Nuggets,118
Miami Heat,103,New York Knicks,112
Los Angeles Lakers,106,Golden State Warriors,121
Boston Celtics,95,Philadelphia 76ers,86
Denver Nuggets,125,Phoenix Suns,100
New York Knicks,92,Miami Heat,96
Golden State Warriors,101,Los Angeles Lakers,122
Philadelphia 76ers,88,Boston Celtics,112
Los Angeles Lakers,126,Denver Nuggets,132
Miami Heat,123,Boston Celtics,116
Los Angeles Lakers,103,Denver Nuggets,108
Miami Heat,111,Boston Celtics,105
Denver Nuggets,119,Los Angeles Lakers,108
Boston Celtics,102,Miami Heat,128
Denver Nuggets,113,Los Angeles Lakers,111
Boston Celtics,116,Miami Heat,99
Miami Heat,97,Boston Celtics,110
Boston Celtics,104,Miami Heat,103
Miami Heat,103,Boston Celtics,84
Miami Heat,93,Denver Nuggets,104
Miami Heat,111,Denver Nuggets,108
Denver Nuggets,109,Miami Heat,94
Denver Nuggets,108,Miami Heat,95
Miami Heat,89,Denver Nuggets,94