Tue Oct 25 2016,New York Knicks,88,Cleveland Cavaliers,117
Tue Oct 25 2016,Utah Jazz,104,Portland Trail Blazers,113
Tue Oct 25 2016,San Antonio Spurs,129,Golden State Warriors,100
Wed Oct 26 2016,Dallas Mavericks,121,Indiana Pacers,130
Wed Oct 26 2016,Miami Heat,108,Orlando Magic,96
Wed Oct 26 2016,Detroit Pistons,91,Toronto Raptors,109
Wed Oct 26 2016,Brooklyn Nets,117,Boston Celtics,122
Wed Oct 26 2016,Charlotte Hornets,107,Milwaukee Bucks,96
Wed Oct 26 2016,Denver Nuggets,107,New Orleans Pelicans,102
Wed Oct 26 2016,Minnesota Timberwolves,98,Memphis Grizzlies,102
Wed Oct 26 2016,Oklahoma City Thunder,103,Philadelphia 76ers,97
Wed Oct 26 2016,Sacramento Kings,113,Phoenix Suns,94
Wed Oct 26 2016,Houston Rockets,114,Los Angeles Lakers,120
Thu Oct 27 2016,Washington Wizards,99,Atlanta Hawks,114
Thu Oct 27 2016,Boston Celtics,99,Chicago Bulls,105
Thu Oct 27 2016,Los Angeles Clippers,114,Portland Trail Blazers,106
Thu Oct 27 2016,San Antonio Spurs,102,Sacramento Kings,94
Fri Oct 28 2016,Cleveland Cavaliers,94,Toronto Raptors,91
Fri Oct 28 2016,Indiana Pacers,94,Brooklyn Nets,103
Fri Oct 28 2016,Orlando Magic,82,Detroit Pistons,108
Fri Oct 28 2016,Phoenix Suns,110,Oklahoma City Thunder,113
Fri Oct 28 2016,Charlotte Hornets,97,Miami Heat,91
Fri Oct 28 2016,Houston Rockets,106,Dallas Mavericks,98
Fri Oct 28 2016,Los Angeles Lakers,89,Utah Jazz,96
Fri Oct 28 2016,Golden State Warriors,122,New Orleans Pelicans,114
Sat Oct 29 2016,Atlanta Hawks,104,Philadelphia 76ers,72
Sat Oct 29 2016,Boston Celtics,104,Charlotte Hornets,98
Sat Oct 29 2016,Orlando Magic,99,Cleveland Cavaliers,105
Sat Oct 29 2016,Memphis Grizzlies,104,New York Knicks,111
Sat Oct 29 2016,New Orleans Pelicans,79,San Antonio Spurs,98
Sat Oct 29 2016,Brooklyn Nets,108,Milwaukee Bucks,110
Sat Oct 29 2016,Indiana Pacers,101,Chicago Bulls,118
Sat Oct 29 2016,Portland Trail Blazers,115,Denver Nuggets,113
Sat Oct 29 2016,Minnesota Timberwolves,103,Sacramento Kings,106
Sun Oct 30 2016,Utah Jazz,75,Los Angeles Clippers,88
Sun Oct 30 2016,Milwaukee Bucks,83,Detroit Pistons,98
Sun Oct 30 2016,San Antonio Spurs,106,Miami Heat,99
Sun Oct 30 2016,Golden State Warriors,106,Phoenix Suns,100
Sun Oct 30 2016,Los Angeles Lakers,96,Oklahoma City Thunder,113
Sun Oct 30 2016,Dallas Mavericks,92,Houston Rockets,93
Sun Oct 30 2016,Washington Wizards,103,Memphis Grizzlies,112
Mon Oct 31 2016,Sacramento Kings,95,Atlanta Hawks,106
Mon Oct 31 2016,Chicago Bulls,118,Brooklyn Nets,88
Mon Oct 31 2016,Denver Nuggets,102,Toronto Raptors,105
Mon Oct 31 2016,Phoenix Suns,98,Los Angeles Clippers,116
Tue Nov 1 2016,Houston Rockets,120,Cleveland Cavaliers,128
Tue Nov 1 2016,Los Angeles Lakers,108,Indiana Pacers,115
Tue Nov 1 2016,Orlando Magic,103,Philadelphia 76ers,101
Tue Nov 1 2016,New York Knicks,89,Detroit Pistons,102
Tue Nov 1 2016,Sacramento Kings,96,Miami Heat,108
Tue Nov 1 2016,Memphis Grizzlies,80,Minnesota Timberwolves,116
Tue Nov 1 2016,Milwaukee Bucks,117,New Orleans Pelicans,113
Tue Nov 1 2016,Utah Jazz,106,San Antonio Spurs,91
Tue Nov 1 2016,Golden State Warriors,127,Portland Trail Blazers,104
Wed Nov 2 2016,Philadelphia 76ers,93,Charlotte Hornets,109
Wed Nov 2 2016,Toronto Raptors,113,Washington Wizards,103
Wed Nov 2 2016,Los Angeles Lakers,123,Atlanta Hawks,116
Wed Nov 2 2016,Detroit Pistons,101,Brooklyn Nets,109
Wed Nov 2 2016,Houston Rockets,118,New York Knicks,99
Wed Nov 2 2016,Chicago Bulls,100,Boston Celtics,107
Wed Nov 2 2016,New Orleans Pelicans,83,Memphis Grizzlies,89
Wed Nov 2 2016,Dallas Mavericks,81,Utah Jazz,97
Wed Nov 2 2016,Portland Trail Blazers,115,Phoenix Suns,118
Wed Nov 2 2016,Oklahoma City Thunder,85,Los Angeles Clippers,83
Thu Nov 3 2016,Sacramento Kings,94,Orlando Magic,102
Thu Nov 3 2016,Boston Celtics,122,Cleveland Cavaliers,128
Thu Nov 3 2016,Indiana Pacers,107,Milwaukee Bucks,125
Thu Nov 3 2016,Denver Nuggets,102,Minnesota Timberwolves,99
Thu Nov 3 2016,Oklahoma City Thunder,96,Golden State Warriors,122
Fri Nov 4 2016,Atlanta Hawks,92,Washington Wizards,95
Fri Nov 4 2016,Charlotte Hornets,99,Brooklyn Nets,95
Fri Nov 4 2016,Miami Heat,87,Toronto Raptors,96
Fri Nov 4 2016,New York Knicks,117,Chicago Bulls,104
Fri Nov 4 2016,Los Angeles Clippers,99,Memphis Grizzlies,88
Fri Nov 4 2016,Phoenix Suns,112,New Orleans Pelicans,111
Fri Nov 4 2016,Portland Trail Blazers,105,Dallas Mavericks,95
Fri Nov 4 2016,San Antonio Spurs,100,Utah Jazz,86
Fri Nov 4 2016,Golden State Warriors,97,Los Angeles Lakers,117
Sat Nov 5 2016,Minnesota Timberwolves,92,Oklahoma City Thunder,112
Sat Nov 5 2016,Denver Nuggets,86,Detroit Pistons,103
Sat Nov 5 2016,Chicago Bulls,94,Indiana Pacers,111
Sat Nov 5 2016,Washington Wizards,86,Orlando Magic,88
Sat Nov 5 2016,Cleveland Cavaliers,102,Philadelphia 76ers,101
Sat Nov 5 2016,Houston Rockets,97,Atlanta Hawks,112
Sat Nov 5 2016,Sacramento Kings,91,Milwaukee Bucks,117
Sat Nov 5 2016,Los Angeles Clippers,116,San Antonio Spurs,92
Sun Nov 6 2016,Utah Jazz,114,New York Knicks,109
Sun Nov 6 2016,Portland Trail Blazers,100,Memphis Grizzlies,94
Sun Nov 6 2016,Sacramento Kings,96,Toronto Raptors,91
Sun Nov 6 2016,Milwaukee Bucks,75,Dallas Mavericks,86
Sun Nov 6 2016,Denver Nuggets,123,Boston Celtics,107
Sun Nov 6 2016,Phoenix Suns,108,Los Angeles Lakers,119
Mon Nov 7 2016,Indiana Pacers,100,Charlotte Hornets,122
Mon Nov 7 2016,Utah Jazz,109,Philadelphia 76ers,84
Mon Nov 7 2016,Houston Rockets,114,Washington Wizards,106
Mon Nov 7 2016,Orlando Magic,80,Chicago Bulls,112
Mon Nov 7 2016,Miami Heat,85,Oklahoma City Thunder,97
Mon Nov 7 2016,New Orleans Pelicans,106,Golden State Warriors,116
Mon Nov 7 2016,Detroit Pistons,82,Los Angeles Clippers,114
Tue Nov 8 2016,Atlanta Hawks,110,Cleveland Cavaliers,106
Tue Nov 8 2016,Minnesota Timberwolves,110,Brooklyn Nets,119
Tue Nov 8 2016,Denver Nuggets,107,Memphis Grizzlies,108
Tue Nov 8 2016,Phoenix Suns,121,Portland Trail Blazers,124
Tue Nov 8 2016,Dallas Mavericks,109,Los Angeles Lakers,97
Tue Nov 8 2016,New Orleans Pelicans,94,Sacramento Kings,102
Wed Nov 9 2016,Utah Jazz,98,Charlotte Hornets,104
Wed Nov 9 2016,Philadelphia 76ers,115,Indiana Pacers,122
Wed Nov 9 2016,Brooklyn Nets,96,New York Knicks,110
Wed Nov 9 2016,Minnesota Timberwolves,123,Orlando Magic,107
Wed Nov 9 2016,Boston Celtics,93,Washington Wizards,118
Wed Nov 9 2016,Chicago Bulls,107,Atlanta Hawks,115
Wed Nov 9 2016,Toronto Raptors,112,Oklahoma City Thunder,102
Wed Nov 9 2016,Detroit Pistons,100,Phoenix Suns,107
Wed Nov 9 2016,Houston Rockets,101,San Antonio Spurs,99
Wed Nov 9 2016,Dallas Mavericks,95,Golden State Warriors,116
Wed Nov 9 2016,Portland Trail Blazers,80,Los Angeles Clippers,111
Thu Nov 10 2016,Chicago Bulls,98,Miami Heat,95
Thu Nov 10 2016,New Orleans Pelicans,112,Milwaukee Bucks,106
Thu Nov 10 2016,Golden State Warriors,125,Denver Nuggets,101
Thu Nov 10 2016,Los Angeles Lakers,101,Sacramento Kings,91
Fri Nov 11 2016,Toronto Raptors,113,Charlotte Hornets,111
Fri Nov 11 2016,Utah Jazz,87,Orlando Magic,74
Fri Nov 11 2016,Indiana Pacers,105,Philadelphia 76ers,109
Fri Nov 11 2016,Cleveland Cavaliers,105,Washington Wizards,94
Fri Nov 11 2016,New York Knicks,87,Boston Celtics,115
Fri Nov 11 2016,Los Angeles Clippers,110,Oklahoma City Thunder,108
Fri Nov 11 2016,Detroit Pistons,86,San Antonio Spurs,96
Fri Nov 11 2016,Sacramento Kings,120,Portland Trail Blazers,122
Sat Nov 12 2016,Boston Celtics,105,Indiana Pacers,99
Sat Nov 12 2016,Los Angeles Lakers,126,New Orleans Pelicans,99
Sat Nov 12 2016,Philadelphia 76ers,96,Atlanta Hawks,117
Sat Nov 12 2016,New York Knicks,107,Toronto Raptors,118
Sat Nov 12 2016,Washington Wizards,95,Chicago Bulls,106
Sat Nov 12 2016,San Antonio Spurs,106,Houston Rockets,100
Sat Nov 12 2016,Utah Jazz,102,Miami Heat,91
Sat Nov 12 2016,Los Angeles Clippers,119,Minnesota Timberwolves,105
Sat Nov 12 2016,Memphis Grizzlies,96,Milwaukee Bucks,106
Sat Nov 12 2016,Detroit Pistons,106,Denver Nuggets,95
Sat Nov 12 2016,Brooklyn Nets,122,Phoenix Suns,104
Sun Nov 13 2016,Charlotte Hornets,93,Cleveland Cavaliers,100
Sun Nov 13 2016,Los Angeles Lakers,99,Minnesota Timberwolves,125
Sun Nov 13 2016,Orlando Magic,119,Oklahoma City Thunder,117
Sun Nov 13 2016,Phoenix Suns,120,Golden State Warriors,133
Sun Nov 13 2016,Denver Nuggets,105,Portland Trail Blazers,112
Mon Nov 14 2016,Orlando Magic,69,Indiana Pacers,88
Mon Nov 14 2016,Oklahoma City Thunder,88,Detroit Pistons,104
Mon Nov 14 2016,Dallas Mavericks,77,New York Knicks,93
Mon Nov 14 2016,Philadelphia 76ers,88,Houston Rockets,115
Mon Nov 14 2016,Boston Celtics,105,New Orleans Pelicans,106
Mon Nov 14 2016,Miami Heat,90,San Antonio Spurs,94
Mon Nov 14 2016,Memphis Grizzlies,102,Utah Jazz,96
Mon Nov 14 2016,Brooklyn Nets,95,Los Angeles Clippers,127
Tue Nov 15 2016,Toronto Raptors,117,Cleveland Cavaliers,121
Tue Nov 15 2016,Atlanta Hawks,93,Miami Heat,90
Tue Nov 15 2016,Charlotte Hornets,115,Minnesota Timberwolves,108
Tue Nov 15 2016,Chicago Bulls,113,Portland Trail Blazers,88
Tue Nov 15 2016,Brooklyn Nets,118,Los Angeles Lakers,125
Wed Nov 16 2016,Cleveland Cavaliers,93,Indiana Pacers,103
Wed Nov 16 2016,New Orleans Pelicans,82,Orlando Magic,89
Wed Nov 16 2016,Washington Wizards,102,Philadelphia 76ers,109
Wed Nov 16 2016,Milwaukee Bucks,100,Atlanta Hawks,107
Wed Nov 16 2016,Dallas Mavericks,83,Boston Celtics,90
Wed Nov 16 2016,Detroit Pistons,102,New York Knicks,105
Wed Nov 16 2016,Houston Rockets,103,Oklahoma City Thunder,105
Wed Nov 16 2016,Golden State Warriors,127,Toronto Raptors,121
Wed Nov 16 2016,Phoenix Suns,104,Denver Nuggets,120
Wed Nov 16 2016,Memphis Grizzlies,111,Los Angeles Clippers,107
Wed Nov 16 2016,San Antonio Spurs,110,Sacramento Kings,105
Thu Nov 17 2016,New York Knicks,112,Washington Wizards,119
Thu Nov 17 2016,Milwaukee Bucks,73,Miami Heat,96
Thu Nov 17 2016,Portland Trail Blazers,109,Houston Rockets,126
Thu Nov 17 2016,Philadelphia 76ers,86,Minnesota Timberwolves,110
Thu Nov 17 2016,Chicago Bulls,85,Utah Jazz,77
Fri Nov 18 2016,Atlanta Hawks,96,Charlotte Hornets,100
Fri Nov 18 2016,Phoenix Suns,116,Indiana Pacers,96
Fri Nov 18 2016,Detroit Pistons,81,Cleveland Cavaliers,104
Fri Nov 18 2016,Golden State Warriors,104,Boston Celtics,88
Fri Nov 18 2016,Portland Trail Blazers,101,New Orleans Pelicans,113
Fri Nov 18 2016,Brooklyn Nets,105,Oklahoma City Thunder,124
Fri Nov 18 2016,Memphis Grizzlies,80,Dallas Mavericks,64
Fri Nov 18 2016,Toronto Raptors,113,Denver Nuggets,111
Fri Nov 18 2016,San Antonio Spurs,116,Los Angeles Lakers,107
Fri Nov 18 2016,Los Angeles Clippers,121,Sacramento Kings,115
Sat Nov 19 2016,Utah Jazz,102,Houston Rockets,111
Sat Nov 19 2016,Boston Celtics,94,Detroit Pistons,92
Sat Nov 19 2016,Charlotte Hornets,116,New Orleans Pelicans,121
Sat Nov 19 2016,Dallas Mavericks,87,Orlando Magic,95
Sat Nov 19 2016,Miami Heat,114,Washington Wizards,111
Sat Nov 19 2016,Phoenix Suns,105,Philadelphia 76ers,120
Sat Nov 19 2016,Minnesota Timberwolves,71,Memphis Grizzlies,93
Sat Nov 19 2016,Golden State Warriors,124,Milwaukee Bucks,121
Sat Nov 19 2016,Chicago Bulls,95,Los Angeles Clippers,102
Sun Nov 20 2016,Atlanta Hawks,94,New York Knicks,104
Sun Nov 20 2016,Portland Trail Blazers,129,Brooklyn Nets,109
Sun Nov 20 2016,Indiana Pacers,115,Oklahoma City Thunder,111
Sun Nov 20 2016,Utah Jazz,91,Denver Nuggets,105
Sun Nov 20 2016,Toronto Raptors,99,Sacramento Kings,102
Sun Nov 20 2016,Chicago Bulls,118,Los Angeles Lakers,110
Mon Nov 21 2016,Memphis Grizzlies,105,Charlotte Hornets,90
Mon Nov 21 2016,Golden State Warriors,120,Indiana Pacers,83
Mon Nov 21 2016,Miami Heat,94,Philadelphia 76ers,101
Mon Nov 21 2016,Phoenix Suns,101,Washington Wizards,106
Mon Nov 21 2016,Houston Rockets,99,Detroit Pistons,96
Mon Nov 21 2016,Orlando Magic,89,Milwaukee Bucks,93
Mon Nov 21 2016,Boston Celtics,99,Minnesota Timberwolves,93
Mon Nov 21 2016,Dallas Mavericks,91,San Antonio Spurs,96
Mon Nov 21 2016,Toronto Raptors,115,Los Angeles Clippers,123
Tue Nov 22 2016,New Orleans Pelicans,112,Atlanta Hawks,94
Tue Nov 22 2016,Portland Trail Blazers,103,New York Knicks,107
Tue Nov 22 2016,Chicago Bulls,107,Denver Nuggets,110
Tue Nov 22 2016,Oklahoma City Thunder,109,Los Angeles Lakers,111
Wed Nov 23 2016,San Antonio Spurs,119,Charlotte Hornets,114
Wed Nov 23 2016,Portland Trail Blazers,125,Cleveland Cavaliers,137
Wed Nov 23 2016,Atlanta Hawks,96,Indiana Pacers,85
Wed Nov 23 2016,Phoenix Suns,92,Orlando Magic,87
Wed Nov 23 2016,Memphis Grizzlies,104,Philadelphia 76ers,99
Wed Nov 23 2016,Boston Celtics,111,Brooklyn Nets,92
Wed Nov 23 2016,Miami Heat,84,Detroit Pistons,107
Wed Nov 23 2016,Toronto Raptors,115,Houston Rockets,102
Wed Nov 23 2016,Los Angeles Clippers,124,Dallas Mavericks,104
Wed Nov 23 2016,Denver Nuggets,83,Utah Jazz,108
Wed Nov 23 2016,Minnesota Timberwolves,96,New Orleans Pelicans,117
Wed Nov 23 2016,Los Angeles Lakers,106,Golden State Warriors,149
Wed Nov 23 2016,Oklahoma City Thunder,101,Sacramento Kings,116
Fri Nov 25 2016,San Antonio Spurs,109,Boston Celtics,103
Fri Nov 25 2016,Washington Wizards,94,Orlando Magic,91
Fri Nov 25 2016,Dallas Mavericks,90,Cleveland Cavaliers,128
Fri Nov 25 2016,Los Angeles Clippers,97,Detroit Pistons,108
Fri Nov 25 2016,Charlotte Hornets,111,New York Knicks,113
Fri Nov 25 2016,Chicago Bulls,105,Philadelphia 76ers,89
Fri Nov 25 2016,Brooklyn Nets,97,Indiana Pacers,118
Fri Nov 25 2016,Miami Heat,90,Memphis Grizzlies,81
Fri Nov 25 2016,Toronto Raptors,105,Milwaukee Bucks,99
Fri Nov 25 2016,Atlanta Hawks,68,Utah Jazz,95
Fri Nov 25 2016,Oklahoma City Thunder,132,Denver Nuggets,129
Fri Nov 25 2016,Minnesota Timberwolves,98,Phoenix Suns,85
Fri Nov 25 2016,New Orleans Pelicans,104,Portland Trail Blazers,119
Fri Nov 25 2016,Golden State Warriors,109,Los Angeles Lakers,85
Fri Nov 25 2016,Houston Rockets,117,Sacramento Kings,104
Sat Nov 26 2016,New York Knicks,102,Charlotte Hornets,107
Sat Nov 26 2016,San Antonio Spurs,112,Washington Wizards,100
Sat Nov 26 2016,Memphis Grizzlies,110,Miami Heat,107
Sat Nov 26 2016,Detroit Pistons,88,Oklahoma City Thunder,106
Sat Nov 26 2016,Minnesota Timberwolves,102,Golden State Warriors,115
Sun Nov 27 2016,Cleveland Cavaliers,112,Philadelphia 76ers,108
Sun Nov 27 2016,Denver Nuggets,120,Phoenix Suns,114
Sun Nov 27 2016,Sacramento Kings,122,Brooklyn Nets,105
Sun Nov 27 2016,Los Angeles Clippers,70,Indiana Pacers,91
Sun Nov 27 2016,Milwaukee Bucks,104,Orlando Magic,96
Sun Nov 27 2016,New Orleans Pelicans,81,Dallas Mavericks,91
Sun Nov 27 2016,Houston Rockets,130,Portland Trail Blazers,114
Sun Nov 27 2016,Atlanta Hawks,94,Los Angeles Lakers,109
Mon Nov 28 2016,Sacramento Kings,95,Washington Wizards,101
Mon Nov 28 2016,Boston Celtics,112,Miami Heat,104
Mon Nov 28 2016,Oklahoma City Thunder,112,New York Knicks,103
Mon Nov 28 2016,Philadelphia 76ers,95,Toronto Raptors,122
Mon Nov 28 2016,Charlotte Hornets,104,Memphis Grizzlies,85
Mon Nov 28 2016,Utah Jazz,112,Minnesota Timberwolves,103
Mon Nov 28 2016,Atlanta Hawks,100,Golden State Warriors,105
Tue Nov 29 2016,Detroit Pistons,112,Charlotte Hornets,89
Tue Nov 29 2016,Los Angeles Clippers,122,Brooklyn Nets,127
Tue Nov 29 2016,Cleveland Cavaliers,101,Milwaukee Bucks,118
Tue Nov 29 2016,Los Angeles Lakers,88,New Orleans Pelicans,105
Tue Nov 29 2016,Orlando Magic,95,San Antonio Spurs,83
Tue Nov 29 2016,Houston Rockets,101,Utah Jazz,120
Wed Nov 30 2016,Detroit Pistons,121,Boston Celtics,114
Wed Nov 30 2016,Memphis Grizzlies,105,Toronto Raptors,120
Wed Nov 30 2016,Los Angeles Lakers,96,Chicago Bulls,90
Wed Nov 30 2016,New York Knicks,106,Minnesota Timberwolves,104
Wed Nov 30 2016,Washington Wizards,115,Oklahoma City Thunder,126
Wed Nov 30 2016,San Antonio Spurs,94,Dallas Mavericks,87
Wed Nov 30 2016,Miami Heat,106,Denver Nuggets,98
Wed Nov 30 2016,Atlanta Hawks,107,Phoenix Suns,109
Wed Nov 30 2016,Indiana Pacers,109,Portland Trail Blazers,131
Thu Dec 1 2016,Dallas Mavericks,87,Charlotte Hornets,97
Thu Dec 1 2016,Milwaukee Bucks,111,Brooklyn Nets,93
Thu Dec 1 2016,Los Angeles Clippers,113,Cleveland Cavaliers,94
Thu Dec 1 2016,Orlando Magic,94,Memphis Grizzlies,95
Thu Dec 1 2016,Miami Heat,111,Utah Jazz,110
Thu Dec 1 2016,Houston Rockets,132,Golden State Warriors,127
Fri Dec 2 2016,Orlando Magic,105,Philadelphia 76ers,88
Fri Dec 2 2016,Sacramento Kings,92,Boston Celtics,97
Fri Dec 2 2016,Minnesota Timberwolves,114,New York Knicks,118
Fri Dec 2 2016,Los Angeles Lakers,80,Toronto Raptors,113
Fri Dec 2 2016,Detroit Pistons,121,Atlanta Hawks,85
Fri Dec 2 2016,Cleveland Cavaliers,105,Chicago Bulls,111
Fri Dec 2 2016,Los Angeles Clippers,114,New Orleans Pelicans,96
Fri Dec 2 2016,Washington Wizards,105,San Antonio Spurs,107
Fri Dec 2 2016,Houston Rockets,128,Denver Nuggets,110
Sat Dec 3 2016,Brooklyn Nets,103,Milwaukee Bucks,112
Sat Dec 3 2016,Minnesota Timberwolves,125,Charlotte Hornets,120
Sat Dec 3 2016,Boston Celtics,107,Philadelphia 76ers,106
Sat Dec 3 2016,Atlanta Hawks,84,Toronto Raptors,128
Sat Dec 3 2016,Los Angeles Lakers,100,Memphis Grizzlies,103
Sat Dec 3 2016,Chicago Bulls,82,Dallas Mavericks,107
Sat Dec 3 2016,Denver Nuggets,98,Utah Jazz,105
Sat Dec 3 2016,Miami Heat,92,Portland Trail Blazers,99
Sat Dec 3 2016,Phoenix Suns,109,Golden State Warriors,138
Sun Dec 4 2016,Orlando Magic,98,Detroit Pistons,92
Sun Dec 4 2016,New Orleans Pelicans,92,Oklahoma City Thunder,101
Sun Dec 4 2016,Sacramento Kings,98,New York Knicks,106
Sun Dec 4 2016,Indiana Pacers,111,Los Angeles Clippers,102
Mon Dec 5 2016,Denver Nuggets,106,Philadelphia 76ers,98
Mon Dec 5 2016,Oklahoma City Thunder,102,Atlanta Hawks,99
Mon Dec 5 2016,Washington Wizards,118,Brooklyn Nets,113
Mon Dec 5 2016,Cleveland Cavaliers,116,Toronto Raptors,112
Mon Dec 5 2016,Portland Trail Blazers,112,Chicago Bulls,110
Mon Dec 5 2016,Boston Celtics,106,Houston Rockets,107
Mon Dec 5 2016,San Antonio Spurs,97,Milwaukee Bucks,96
Mon Dec 5 2016,Memphis Grizzlies,110,New Orleans Pelicans,108
Mon Dec 5 2016,Charlotte Hornets,109,Dallas Mavericks,101
Mon Dec 5 2016,Indiana Pacers,106,Golden State Warriors,142
Mon Dec 5 2016,Utah Jazz,107,Los Angeles Lakers,101
Tue Dec 6 2016,Orlando Magic,124,Washington Wizards,116
Tue Dec 6 2016,Chicago Bulls,91,Detroit Pistons,102
Tue Dec 6 2016,New York Knicks,114,Miami Heat,103
Tue Dec 6 2016,Philadelphia 76ers,91,Memphis Grizzlies,96
Tue Dec 6 2016,San Antonio Spurs,105,Minnesota Timberwolves,91
Tue Dec 6 2016,Phoenix Suns,105,Utah Jazz,112
Wed Dec 7 2016,Detroit Pistons,77,Charlotte Hornets,87
Wed Dec 7 2016,Boston Celtics,117,Orlando Magic,87
Wed Dec 7 2016,Miami Heat,95,Atlanta Hawks,103
Wed Dec 7 2016,Denver Nuggets,111,Brooklyn Nets,116
Wed Dec 7 2016,Los Angeles Lakers,95,Houston Rockets,134
Wed Dec 7 2016,Portland Trail Blazers,107,Milwaukee Bucks,115
Wed Dec 7 2016,Cleveland Cavaliers,126,New York Knicks,94
Wed Dec 7 2016,Sacramento Kings,120,Dallas Mavericks,89
Wed Dec 7 2016,Indiana Pacers,109,Phoenix Suns,94
Wed Dec 7 2016,Golden State Warriors,115,Los Angeles Clippers,98
Thu Dec 8 2016,Minnesota Timberwolves,110,Toronto Raptors,124
Thu Dec 8 2016,Denver Nuggets,85,Washington Wizards,92
Thu Dec 8 2016,Portland Trail Blazers,86,Memphis Grizzlies,88
Thu Dec 8 2016,Philadelphia 76ers,99,New Orleans Pelicans,88
Thu Dec 8 2016,Golden State Warriors,106,Utah Jazz,99
Thu Dec 8 2016,San Antonio Spurs,91,Chicago Bulls,95
Fri Dec 9 2016,Orlando Magic,88,Charlotte Hornets,109
Fri Dec 9 2016,Toronto Raptors,101,Boston Celtics,94
Fri Dec 9 2016,Miami Heat,84,Cleveland Cavaliers,114
Fri Dec 9 2016,Atlanta Hawks,114,Milwaukee Bucks,110
Fri Dec 9 2016,Detroit Pistons,117,Minnesota Timberwolves,90
Fri Dec 9 2016,Houston Rockets,102,Oklahoma City Thunder,99
Fri Dec 9 2016,Indiana Pacers,103,Dallas Mavericks,111
Fri Dec 9 2016,Phoenix Suns,119,Los Angeles Lakers,115
Fri Dec 9 2016,New York Knicks,103,Sacramento Kings,100
Sat Dec 10 2016,Portland Trail Blazers,111,Indiana Pacers,118
Sat Dec 10 2016,Denver Nuggets,121,Orlando Magic,113
Sat Dec 10 2016,Milwaukee Bucks,105,Washington Wizards,110
Sat Dec 10 2016,Charlotte Hornets,105,Cleveland Cavaliers,116
Sat Dec 10 2016,Miami Heat,100,Chicago Bulls,105
Sat Dec 10 2016,Dallas Mavericks,87,Houston Rockets,109
Sat Dec 10 2016,Golden State Warriors,89,Memphis Grizzlies,110
Sat Dec 10 2016,Brooklyn Nets,101,San Antonio Spurs,130
Sat Dec 10 2016,Sacramento Kings,84,Utah Jazz,104
Sat Dec 10 2016,New Orleans Pelicans,105,Los Angeles Clippers,133
Sun Dec 11 2016,Philadelphia 76ers,97,Detroit Pistons,79
Sun Dec 11 2016,Golden State Warriors,116,Minnesota Timberwolves,108
Sun Dec 11 2016,Boston Celtics,96,Oklahoma City Thunder,99
Sun Dec 11 2016,New Orleans Pelicans,120,Phoenix Suns,119
Sun Dec 11 2016,New York Knicks,118,Los Angeles Lakers,112
Mon Dec 12 2016,Charlotte Hornets,94,Indiana Pacers,110
Mon Dec 12 2016,Washington Wizards,101,Miami Heat,112
Mon Dec 12 2016,Milwaukee Bucks,100,Toronto Raptors,122
Mon Dec 12 2016,Brooklyn Nets,118,Houston Rockets,122
Mon Dec 12 2016,Denver Nuggets,92,Dallas Mavericks,112
Mon Dec 12 2016,Portland Trail Blazers,120,Los Angeles Clippers,121
Mon Dec 12 2016,Los Angeles Lakers,92,Sacramento Kings,116
Tue Dec 13 2016,Memphis Grizzlies,86,Cleveland Cavaliers,103
Tue Dec 13 2016,Orlando Magic,131,Atlanta Hawks,120
Tue Dec 13 2016,Minnesota Timberwolves,99,Chicago Bulls,94
Tue Dec 13 2016,Golden State Warriors,113,New Orleans Pelicans,109
Tue Dec 13 2016,New York Knicks,111,Phoenix Suns,113
Tue Dec 13 2016,Oklahoma City Thunder,95,Portland Trail Blazers,114
Wed Dec 14 2016,Indiana Pacers,89,Miami Heat,95
Wed Dec 14 2016,Los Angeles Clippers,113,Orlando Magic,108
Wed Dec 14 2016,Toronto Raptors,123,Philadelphia 76ers,114
Wed Dec 14 2016,Charlotte Hornets,106,Washington Wizards,109
Wed Dec 14 2016,Los Angeles Lakers,97,Brooklyn Nets,107
Wed Dec 14 2016,Sacramento Kings,98,Houston Rockets,132
Wed Dec 14 2016,Cleveland Cavaliers,85,Memphis Grizzlies,93
Wed Dec 14 2016,Detroit Pistons,95,Dallas Mavericks,85
Wed Dec 14 2016,Oklahoma City Thunder,89,Utah Jazz,109
Wed Dec 14 2016,Boston Celtics,101,San Antonio Spurs,108
Thu Dec 15 2016,Chicago Bulls,97,Milwaukee Bucks,108
Thu Dec 15 2016,Indiana Pacers,95,New Orleans Pelicans,102
Thu Dec 15 2016,Portland Trail Blazers,120,Denver Nuggets,132
Thu Dec 15 2016,San Antonio Spurs,107,Phoenix Suns,92
Thu Dec 15 2016,New York Knicks,90,Golden State Warriors,103
Fri Dec 16 2016,Brooklyn Nets,111,Orlando Magic,118
Fri Dec 16 2016,Detroit Pistons,108,Washington Wizards,122
Fri Dec 16 2016,Charlotte Hornets,88,Boston Celtics,96
Fri Dec 16 2016,Atlanta Hawks,125,Toronto Raptors,121
Fri Dec 16 2016,Milwaukee Bucks,95,Chicago Bulls,69
Fri Dec 16 2016,New Orleans Pelicans,100,Houston Rockets,122
Fri Dec 16 2016,Sacramento Kings,96,Memphis Grizzlies,92
Fri Dec 16 2016,Los Angeles Clippers,102,Miami Heat,98
Fri Dec 16 2016,Los Angeles Lakers,100,Philadelphia 76ers,89
Fri Dec 16 2016,Dallas Mavericks,100,Utah Jazz,103
Sat Dec 17 2016,Phoenix Suns,101,Oklahoma City Thunder,114
Sat Dec 17 2016,Indiana Pacers,105,Detroit Pistons,90
Sat Dec 17 2016,Charlotte Hornets,107,Atlanta Hawks,99
Sat Dec 17 2016,Los Angeles Lakers,108,Cleveland Cavaliers,119
Sat Dec 17 2016,Houston Rockets,111,Minnesota Timberwolves,109
Sat Dec 17 2016,New York Knicks,114,Denver Nuggets,127
Sat Dec 17 2016,Portland Trail Blazers,90,Golden State Warriors,135
Sun Dec 18 2016,Los Angeles Clippers,110,Washington Wizards,117
Sun Dec 18 2016,Sacramento Kings,79,Dallas Mavericks,99
Sun Dec 18 2016,Utah Jazz,82,Memphis Grizzlies,73
Sun Dec 18 2016,Boston Celtics,105,Miami Heat,95
Sun Dec 18 2016,Toronto Raptors,109,Orlando Magic,79
Sun Dec 18 2016,Brooklyn Nets,107,Philadelphia 76ers,108
Sun Dec 18 2016,New Orleans Pelicans,100,San Antonio Spurs,113
Mon Dec 19 2016,Washington Wizards,105,Indiana Pacers,107
Mon Dec 19 2016,Detroit Pistons,82,Chicago Bulls,113
Mon Dec 19 2016,Phoenix Suns,108,Minnesota Timberwolves,115
Mon Dec 19 2016,Atlanta Hawks,110,Oklahoma City Thunder,108
Mon Dec 19 2016,Dallas Mavericks,107,Denver Nuggets,117
Tue Dec 20 2016,Los Angeles Lakers,113,Charlotte Hornets,117
Tue Dec 20 2016,New Orleans Pelicans,108,Philadelphia 76ers,93
Tue Dec 20 2016,Orlando Magic,136,Miami Heat,130
Tue Dec 20 2016,Indiana Pacers,111,New York Knicks,118
Tue Dec 20 2016,Brooklyn Nets,104,Toronto Raptors,116
Tue Dec 20 2016,San Antonio Spurs,102,Houston Rockets,100
Tue Dec 20 2016,Boston Celtics,112,Memphis Grizzlies,109
Tue Dec 20 2016,Cleveland Cavaliers,114,Milwaukee Bucks,108
Tue Dec 20 2016,Utah Jazz,74,Golden State Warriors,104
Tue Dec 20 2016,Denver Nuggets,102,Los Angeles Clippers,119
Tue Dec 20 2016,Portland Trail Blazers,121,Sacramento Kings,126
Wed Dec 21 2016,Milwaukee Bucks,102,Cleveland Cavaliers,113
Wed Dec 21 2016,Minnesota Timberwolves,92,Atlanta Hawks,84
Wed Dec 21 2016,Memphis Grizzlies,98,Detroit Pistons,86
Wed Dec 21 2016,Washington Wizards,107,Chicago Bulls,97
Wed Dec 21 2016,Oklahoma City Thunder,121,New Orleans Pelicans,110
Wed Dec 21 2016,Houston Rockets,125,Phoenix Suns,111
Wed Dec 21 2016,Sacramento Kings,94,Utah Jazz,93
Wed Dec 21 2016,Dallas Mavericks,96,Portland Trail Blazers,95
Thu Dec 22 2016,Boston Celtics,109,Indiana Pacers,102
Thu Dec 22 2016,Golden State Warriors,117,Brooklyn Nets,101
Thu Dec 22 2016,Orlando Magic,95,New York Knicks,106
Thu Dec 22 2016,Los Angeles Lakers,107,Miami Heat,115
Thu Dec 22 2016,San Antonio Spurs,101,Los Angeles Clippers,106
Fri Dec 23 2016,Chicago Bulls,91,Charlotte Hornets,103
Fri Dec 23 2016,Los Angeles Lakers,90,Orlando Magic,109
Fri Dec 23 2016,Oklahoma City Thunder,117,Boston Celtics,112
Fri Dec 23 2016,Brooklyn Nets,99,Cleveland Cavaliers,119
Fri Dec 23 2016,Golden State Warriors,119,Detroit Pistons,113
Fri Dec 23 2016,Houston Rockets,109,Memphis Grizzlies,115
Fri Dec 23 2016,Washington Wizards,96,Milwaukee Bucks,123
Fri Dec 23 2016,Sacramento Kings,109,Minnesota Timberwolves,105
Fri Dec 23 2016,Miami Heat,87,New Orleans Pelicans,91
Fri Dec 23 2016,Atlanta Hawks,109,Denver Nuggets,108
Fri Dec 23 2016,Philadelphia 76ers,116,Phoenix Suns,123
Fri Dec 23 2016,Toronto Raptors,104,Utah Jazz,98
Fri Dec 23 2016,San Antonio Spurs,110,Portland Trail Blazers,90
Fri Dec 23 2016,Dallas Mavericks,90,Los Angeles Clippers,88
Sun Dec 25 2016,Boston Celtics,119,New York Knicks,114
Sun Dec 25 2016,Golden State Warriors,108,Cleveland Cavaliers,109
Sun Dec 25 2016,Chicago Bulls,100,San Antonio Spurs,119
Sun Dec 25 2016,Minnesota Timberwolves,100,Oklahoma City Thunder,112
Sun Dec 25 2016,Los Angeles Clippers,102,Los Angeles Lakers,111
Mon Dec 26 2016,Memphis Grizzlies,102,Orlando Magic,112
Mon Dec 26 2016,Milwaukee Bucks,102,Washington Wizards,107
Mon Dec 26 2016,Charlotte Hornets,118,Brooklyn Nets,120
Mon Dec 26 2016,Cleveland Cavaliers,90,Detroit Pistons,106
Mon Dec 26 2016,Indiana Pacers,85,Chicago Bulls,90
Mon Dec 26 2016,Phoenix Suns,115,Houston Rockets,131
Mon Dec 26 2016,Atlanta Hawks,90,Minnesota Timberwolves,104
Mon Dec 26 2016,Dallas Mavericks,104,New Orleans Pelicans,111
Mon Dec 26 2016,Toronto Raptors,95,Portland Trail Blazers,91
Mon Dec 26 2016,Denver Nuggets,106,Los Angeles Clippers,102
Mon Dec 26 2016,Philadelphia 76ers,100,Sacramento Kings,102
Tue Dec 27 2016,Memphis Grizzlies,103,Boston Celtics,113
Tue Dec 27 2016,Oklahoma City Thunder,106,Miami Heat,94
Tue Dec 27 2016,Houston Rockets,123,Dallas Mavericks,107
Tue Dec 27 2016,Utah Jazz,102,Los Angeles Lakers,100
Wed Dec 28 2016,Charlotte Hornets,120,Orlando Magic,101
Wed Dec 28 2016,Indiana Pacers,105,Washington Wizards,111
Wed Dec 28 2016,New York Knicks,98,Atlanta Hawks,102
Wed Dec 28 2016,Milwaukee Bucks,119,Detroit Pistons,94
Wed Dec 28 2016,Brooklyn Nets,99,Chicago Bulls,101
Wed Dec 28 2016,Los Angeles Clippers,98,New Orleans Pelicans,102
Wed Dec 28 2016,Phoenix Suns,98,San Antonio Spurs,119
Wed Dec 28 2016,Minnesota Timberwolves,103,Denver Nuggets,105
Wed Dec 28 2016,Sacramento Kings,89,Portland Trail Blazers,102
Wed Dec 28 2016,Toronto Raptors,111,Golden State Warriors,121
Thu Dec 29 2016,Miami Heat,82,Charlotte Hornets,91
Thu Dec 29 2016,Boston Celtics,118,Cleveland Cavaliers,124
Thu Dec 29 2016,Oklahoma City Thunder,80,Memphis Grizzlies,114
Thu Dec 29 2016,Toronto Raptors,91,Phoenix Suns,99
Thu Dec 29 2016,Philadelphia 76ers,83,Utah Jazz,100
Thu Dec 29 2016,Dallas Mavericks,101,Los Angeles Lakers,89
Fri Dec 30 2016,Chicago Bulls,101,Indiana Pacers,111
Fri Dec 30 2016,Brooklyn Nets,95,Washington Wizards,118
Fri Dec 30 2016,Miami Heat,114,Boston Celtics,117
Fri Dec 30 2016,Detroit Pistons,98,Atlanta Hawks,105
Fri Dec 30 2016,Los Angeles Clippers,116,Houston Rockets,140
Fri Dec 30 2016,Milwaukee Bucks,99,Minnesota Timberwolves,116
Fri Dec 30 2016,New York Knicks,92,New Orleans Pelicans,104
Fri Dec 30 2016,Portland Trail Blazers,94,San Antonio Spurs,110
Fri Dec 30 2016,Philadelphia 76ers,124,Denver Nuggets,122
Fri Dec 30 2016,Dallas Mavericks,99,Golden State Warriors,108
Sat Dec 31 2016,Memphis Grizzlies,112,Sacramento Kings,98
Sat Dec 31 2016,Milwaukee Bucks,116,Chicago Bulls,96
Sat Dec 31 2016,Cleveland Cavaliers,121,Charlotte Hornets,109
Sat Dec 31 2016,New York Knicks,122,Houston Rockets,129
Sat Dec 31 2016,Los Angeles Clippers,88,Oklahoma City Thunder,114
Sat Dec 31 2016,Phoenix Suns,86,Utah Jazz,91
Sun Jan 1 2017,San Antonio Spurs,112,Atlanta Hawks,114
Sun Jan 1 2017,Orlando Magic,104,Indiana Pacers,117
Sun Jan 1 2017,Detroit Pistons,107,Miami Heat,98
Sun Jan 1 2017,Portland Trail Blazers,95,Minnesota Timberwolves,89
Sun Jan 1 2017,Toronto Raptors,123,Los Angeles Lakers,114
Mon Jan 2 2017,New Orleans Pelicans,82,Cleveland Cavaliers,90
Mon Jan 2 2017,Oklahoma City Thunder,94,Milwaukee Bucks,98
Mon Jan 2 2017,Utah Jazz,101,Brooklyn Nets,89
Mon Jan 2 2017,Orlando Magic,115,New York Knicks,103
Mon Jan 2 2017,Charlotte Hornets,111,Chicago Bulls,118
Mon Jan 2 2017,Washington Wizards,91,Houston Rockets,101
Mon Jan 2 2017,Denver Nuggets,119,Golden State Warriors,127
Mon Jan 2 2017,Phoenix Suns,98,Los Angeles Clippers,109
Tue Jan 3 2017,Minnesota Timberwolves,91,Philadelphia 76ers,93
Tue Jan 3 2017,Utah Jazz,104,Boston Celtics,115
Tue Jan 3 2017,Indiana Pacers,121,Detroit Pistons,116
Tue Jan 3 2017,Washington Wizards,105,Dallas Mavericks,113
Tue Jan 3 2017,Toronto Raptors,82,San Antonio Spurs,110
Tue Jan 3 2017,Sacramento Kings,120,Denver Nuggets,113
Tue Jan 3 2017,Miami Heat,90,Phoenix Suns,99
Tue Jan 3 2017,Memphis Grizzlies,102,Los Angeles Lakers,116
Wed Jan 4 2017,Oklahoma City Thunder,112,Charlotte Hornets,123
Wed Jan 4 2017,Atlanta Hawks,111,Orlando Magic,92
Wed Jan 4 2017,Milwaukee Bucks,105,New York Knicks,104
Wed Jan 4 2017,Chicago Bulls,106,Cleveland Cavaliers,94
Wed Jan 4 2017,Portland Trail Blazers,117,Golden State Warriors,125
Wed Jan 4 2017,Memphis Grizzlies,106,Los Angeles Clippers,115
Wed Jan 4 2017,Miami Heat,107,Sacramento Kings,102
Thu Jan 5 2017,Brooklyn Nets,109,Indiana Pacers,121
Thu Jan 5 2017,Charlotte Hornets,114,Detroit Pistons,115
Thu Jan 5 2017,Utah Jazz,93,Toronto Raptors,101
Thu Jan 5 2017,Oklahoma City Thunder,116,Houston Rockets,118
Thu Jan 5 2017,Atlanta Hawks,99,New Orleans Pelicans,94
Thu Jan 5 2017,Phoenix Suns,102,Dallas Mavericks,95
Thu Jan 5 2017,San Antonio Spurs,127,Denver Nuggets,99
Thu Jan 5 2017,Los Angeles Lakers,109,Portland Trail Blazers,118
Fri Jan 6 2017,Houston Rockets,100,Orlando Magic,93
Fri Jan 6 2017,Minnesota Timberwolves,105,Washington Wizards,112
Fri Jan 6 2017,Philadelphia 76ers,106,Boston Celtics,110
Fri Jan 6 2017,Cleveland Cavaliers,116,Brooklyn Nets,108
Fri Jan 6 2017,New York Knicks,116,Milwaukee Bucks,111
Fri Jan 6 2017,Memphis Grizzlies,128,Golden State Warriors,119
Fri Jan 6 2017,Miami Heat,100,Los Angeles Lakers,127
Fri Jan 6 2017,Los Angeles Clippers,106,Sacramento Kings,98
Sat Jan 7 2017,New York Knicks,109,Indiana Pacers,123
Sat Jan 7 2017,New Orleans Pelicans,108,Boston Celtics,117
Sat Jan 7 2017,Toronto Raptors,118,Chicago Bulls,123
Sat Jan 7 2017,Utah Jazz,94,Minnesota Timberwolves,92
Sat Jan 7 2017,Denver Nuggets,106,Oklahoma City Thunder,121
Sat Jan 7 2017,Atlanta Hawks,97,Dallas Mavericks,82
Sat Jan 7 2017,Charlotte Hornets,85,San Antonio Spurs,102
Sun Jan 8 2017,Philadelphia 76ers,105,Brooklyn Nets,95
Sun Jan 8 2017,Washington Wizards,107,Milwaukee Bucks,101
Sun Jan 8 2017,Miami Heat,86,Los Angeles Clippers,98
Sun Jan 8 2017,Houston Rockets,129,Toronto Raptors,122
Sun Jan 8 2017,Utah Jazz,79,Memphis Grizzlies,88
Sun Jan 8 2017,Cleveland Cavaliers,120,Phoenix Suns,116
Sun Jan 8 2017,Detroit Pistons,125,Portland Trail Blazers,124
Sun Jan 8 2017,Golden State Warriors,117,Sacramento Kings,106
Sun Jan 8 2017,Orlando Magic,95,Los Angeles Lakers,111
Mon Jan 9 2017,New Orleans Pelicans,110,New York Knicks,96
Mon Jan 9 2017,Oklahoma City Thunder,109,Chicago Bulls,94
Mon Jan 9 2017,Dallas Mavericks,92,Minnesota Timberwolves,101
Tue Jan 10 2017,Chicago Bulls,99,Washington Wizards,101
Tue Jan 10 2017,Atlanta Hawks,117,Brooklyn Nets,97
Tue Jan 10 2017,Boston Celtics,106,Toronto Raptors,114
Tue Jan 10 2017,Charlotte Hornets,114,Houston Rockets,121
Tue Jan 10 2017,Milwaukee Bucks,109,San Antonio Spurs,107
Tue Jan 10 2017,Cleveland Cavaliers,92,Utah Jazz,100
Tue Jan 10 2017,Miami Heat,95,Golden State Warriors,107
Tue Jan 10 2017,Portland Trail Blazers,108,Los Angeles Lakers,87
Tue Jan 10 2017,Detroit Pistons,94,Sacramento Kings,100
Wed Jan 11 2017,New York Knicks,97,Philadelphia 76ers,98
Wed Jan 11 2017,Washington Wizards,108,Boston Celtics,117
Wed Jan 11 2017,Houston Rockets,105,Minnesota Timberwolves,119
Wed Jan 11 2017,Memphis Grizzlies,95,Oklahoma City Thunder,103
Wed Jan 11 2017,Orlando Magic,96,Los Angeles Clippers,105
Wed Jan 11 2017,Cleveland Cavaliers,86,Portland Trail Blazers,102
Thu Jan 12 2017,Indiana Pacers,112,Denver Nuggets,140
Thu Jan 12 2017,New Orleans Pelicans,104,Brooklyn Nets,95
Thu Jan 12 2017,Chicago Bulls,89,New York Knicks,104
Thu Jan 12 2017,Los Angeles Lakers,94,San Antonio Spurs,134
Thu Jan 12 2017,Dallas Mavericks,113,Phoenix Suns,108
Thu Jan 12 2017,Detroit Pistons,107,Golden State Warriors,127
Fri Jan 13 2017,Charlotte Hornets,93,Philadelphia 76ers,102
Fri Jan 13 2017,Brooklyn Nets,113,Toronto Raptors,132
Fri Jan 13 2017,Boston Celtics,103,Atlanta Hawks,101
Fri Jan 13 2017,Memphis Grizzlies,110,Houston Rockets,105
Fri Jan 13 2017,Miami Heat,108,Milwaukee Bucks,116
Fri Jan 13 2017,Oklahoma City Thunder,86,Minnesota Timberwolves,96
Fri Jan 13 2017,Orlando Magic,115,Portland Trail Blazers,109
Fri Jan 13 2017,Cleveland Cavaliers,120,Sacramento Kings,108
Fri Jan 13 2017,Detroit Pistons,77,Utah Jazz,110
Sat Jan 14 2017,Los Angeles Lakers,97,Los Angeles Clippers,113
Sat Jan 14 2017,New Orleans Pelicans,99,Chicago Bulls,107
Sat Jan 14 2017,San Antonio Spurs,105,Phoenix Suns,108
Sat Jan 14 2017,Philadelphia 76ers,93,Washington Wizards,109
Sat Jan 14 2017,Orlando Magic,107,Utah Jazz,114
Sun Jan 15 2017,Minnesota Timberwolves,87,Dallas Mavericks,98
Sun Jan 15 2017,Milwaukee Bucks,98,Atlanta Hawks,111
Sun Jan 15 2017,New York Knicks,101,Toronto Raptors,116
Sun Jan 15 2017,Houston Rockets,137,Brooklyn Nets,112
Sun Jan 15 2017,Chicago Bulls,108,Memphis Grizzlies,104
Sun Jan 15 2017,Oklahoma City Thunder,122,Sacramento Kings,118
Sun Jan 15 2017,Detroit Pistons,102,Los Angeles Lakers,97
Mon Jan 16 2017,Atlanta Hawks,108,New York Knicks,107
Mon Jan 16 2017,Portland Trail Blazers,101,Washington Wizards,120
Mon Jan 16 2017,Philadelphia 76ers,113,Milwaukee Bucks,104
Mon Jan 16 2017,New Orleans Pelicans,95,Indiana Pacers,98
Mon Jan 16 2017,Orlando Magic,112,Denver Nuggets,125
Mon Jan 16 2017,Charlotte Hornets,98,Boston Celtics,108
Mon Jan 16 2017,Cleveland Cavaliers,91,Golden State Warriors,126
Mon Jan 16 2017,Utah Jazz,106,Phoenix Suns,101
Mon Jan 16 2017,Oklahoma City Thunder,98,Los Angeles Clippers,120
Tue Jan 17 2017,Toronto Raptors,119,Brooklyn Nets,109
Tue Jan 17 2017,Houston Rockets,103,Miami Heat,109
Tue Jan 17 2017,Dallas Mavericks,99,Chicago Bulls,98
Tue Jan 17 2017,Minnesota Timberwolves,114,San Antonio Spurs,122
Tue Jan 17 2017,Denver Nuggets,127,Los Angeles Lakers,121
Wed Jan 18 2017,Portland Trail Blazers,85,Charlotte Hornets,107
Wed Jan 18 2017,Toronto Raptors,89,Philadelphia 76ers,94
Wed Jan 18 2017,Memphis Grizzlies,101,Washington Wizards,104
Wed Jan 18 2017,New York Knicks,117,Boston Celtics,106
Wed Jan 18 2017,Atlanta Hawks,95,Detroit Pistons,118
Wed Jan 18 2017,Milwaukee Bucks,92,Houston Rockets,111
Wed Jan 18 2017,Orlando Magic,98,New Orleans Pelicans,118
Wed Jan 18 2017,Oklahoma City Thunder,100,Golden State Warriors,121
Wed Jan 18 2017,Indiana Pacers,106,Sacramento Kings,100
Thu Jan 19 2017,Phoenix Suns,103,Cleveland Cavaliers,118
Thu Jan 19 2017,Dallas Mavericks,95,Miami Heat,99
Thu Jan 19 2017,Washington Wizards,113,New York Knicks,110
Thu Jan 19 2017,Denver Nuggets,104,San Antonio Spurs,118
Thu Jan 19 2017,Minnesota Timberwolves,104,Los Angeles Clippers,101
Fri Jan 20 2017,Toronto Raptors,78,Charlotte Hornets,113
Fri Jan 20 2017,Milwaukee Bucks,96,Orlando Magic,112
Fri Jan 20 2017,Portland Trail Blazers,92,Philadelphia 76ers,93
Fri Jan 20 2017,Chicago Bulls,93,Atlanta Hawks,102
Fri Jan 20 2017,Golden State Warriors,125,Houston Rockets,108
Fri Jan 20 2017,Sacramento Kings,91,Memphis Grizzlies,107
Fri Jan 20 2017,Brooklyn Nets,143,New Orleans Pelicans,114
Fri Jan 20 2017,Utah Jazz,112,Dallas Mavericks,107
Fri Jan 20 2017,Indiana Pacers,95,Los Angeles Lakers,108
Sat Jan 21 2017,Portland Trail Blazers,127,Boston Celtics,123
Sat Jan 21 2017,Washington Wizards,112,Detroit Pistons,113
Sat Jan 21 2017,Philadelphia 76ers,93,Atlanta Hawks,110
Sat Jan 21 2017,Brooklyn Nets,105,Charlotte Hornets,112
Sat Jan 21 2017,Milwaukee Bucks,97,Miami Heat,109
Sat Jan 21 2017,Phoenix Suns,107,New York Knicks,105
Sat Jan 21 2017,Houston Rockets,119,Memphis Grizzlies,95
Sat Jan 21 2017,San Antonio Spurs,118,Cleveland Cavaliers,115
Sat Jan 21 2017,Sacramento Kings,99,Chicago Bulls,102
Sat Jan 21 2017,Los Angeles Clippers,98,Denver Nuggets,123
Sat Jan 21 2017,Indiana Pacers,100,Utah Jazz,109
Sun Jan 22 2017,Golden State Warriors,118,Orlando Magic,98
Sun Jan 22 2017,Los Angeles Lakers,73,Dallas Mavericks,122
Sun Jan 22 2017,Phoenix Suns,115,Toronto Raptors,103
Sun Jan 22 2017,Denver Nuggets,108,Minnesota Timberwolves,111
Mon Jan 23 2017,Washington Wizards,109,Charlotte Hornets,99
Mon Jan 23 2017,Los Angeles Clippers,115,Atlanta Hawks,105
Mon Jan 23 2017,San Antonio Spurs,112,Brooklyn Nets,86
Mon Jan 23 2017,Sacramento Kings,109,Detroit Pistons,104
Mon Jan 23 2017,Golden State Warriors,102,Miami Heat,105
Mon Jan 23 2017,New York Knicks,109,Indiana Pacers,103
Mon Jan 23 2017,Houston Rockets,114,Milwaukee Bucks,127
Mon Jan 23 2017,Cleveland Cavaliers,122,New Orleans Pelicans,124
Mon Jan 23 2017,Oklahoma City Thunder,97,Utah Jazz,95
Tue Jan 24 2017,Chicago Bulls,100,Orlando Magic,92
Tue Jan 24 2017,Los Angeles Clippers,110,Philadelphia 76ers,121
Tue Jan 24 2017,San Antonio Spurs,108,Toronto Raptors,106
Tue Jan 24 2017,Boston Celtics,108,Washington Wizards,123
Tue Jan 24 2017,Utah Jazz,93,Denver Nuggets,103
Tue Jan 24 2017,Minnesota Timberwolves,112,Phoenix Suns,111
Wed Jan 25 2017,Sacramento Kings,116,Cleveland Cavaliers,112
Wed Jan 25 2017,Houston Rockets,109,Boston Celtics,120
Wed Jan 25 2017,Miami Heat,109,Brooklyn Nets,106
Wed Jan 25 2017,Atlanta Hawks,119,Chicago Bulls,114
Wed Jan 25 2017,Golden State Warriors,113,Charlotte Hornets,103
Wed Jan 25 2017,Toronto Raptors,99,Memphis Grizzlies,101
Wed Jan 25 2017,Philadelphia 76ers,114,Milwaukee Bucks,109
Wed Jan 25 2017,Oklahoma City Thunder,114,New Orleans Pelicans,105
Wed Jan 25 2017,New York Knicks,95,Dallas Mavericks,103
Wed Jan 25 2017,Los Angeles Lakers,98,Portland Trail Blazers,105
Thu Jan 26 2017,Indiana Pacers,109,Minnesota Timberwolves,103
Thu Jan 26 2017,Dallas Mavericks,98,Oklahoma City Thunder,109
Thu Jan 26 2017,Phoenix Suns,120,Denver Nuggets,127
Thu Jan 26 2017,Los Angeles Lakers,88,Utah Jazz,96
Fri Jan 27 2017,Sacramento Kings,111,Indiana Pacers,115
Fri Jan 27 2017,Orlando Magic,98,Boston Celtics,128
Fri Jan 27 2017,Brooklyn Nets,116,Cleveland Cavaliers,124
Fri Jan 27 2017,Charlotte Hornets,107,New York Knicks,110
Fri Jan 27 2017,Milwaukee Bucks,86,Toronto Raptors,102
Fri Jan 27 2017,Washington Wizards,112,Atlanta Hawks,86
Fri Jan 27 2017,Miami Heat,100,Chicago Bulls,88
Fri Jan 27 2017,San Antonio Spurs,103,New Orleans Pelicans,119
Fri Jan 27 2017,Houston Rockets,123,Philadelphia 76ers,118
Fri Jan 27 2017,Memphis Grizzlies,109,Portland Trail Blazers,112
Sat Jan 28 2017,Sacramento Kings,109,Charlotte Hornets,106
Sat Jan 28 2017,Detroit Pistons,103,Miami Heat,116
Sat Jan 28 2017,Boston Celtics,112,Milwaukee Bucks,108
Sat Jan 28 2017,Los Angeles Clippers,98,Golden State Warriors,144
Sat Jan 28 2017,Brooklyn Nets,109,Minnesota Timberwolves,129
Sat Jan 28 2017,Denver Nuggets,123,Phoenix Suns,112
Sat Jan 28 2017,Memphis Grizzlies,102,Utah Jazz,95
Sun Jan 29 2017,New York Knicks,139,Atlanta Hawks,142
Sun Jan 29 2017,Oklahoma City Thunder,91,Cleveland Cavaliers,107
Sun Jan 29 2017,Houston Rockets,101,Indiana Pacers,120
Sun Jan 29 2017,Washington Wizards,107,New Orleans Pelicans,94
Sun Jan 29 2017,Orlando Magic,114,Toronto Raptors,113
Sun Jan 29 2017,Philadelphia 76ers,108,Chicago Bulls,121
Sun Jan 29 2017,Dallas Mavericks,105,San Antonio Spurs,101
Sun Jan 29 2017,Golden State Warriors,113,Portland Trail Blazers,111
Mon Jan 30 2017,Sacramento Kings,119,Philadelphia 76ers,122
Mon Jan 30 2017,Brooklyn Nets,96,Miami Heat,104
Mon Jan 30 2017,Detroit Pistons,109,Boston Celtics,113
Mon Jan 30 2017,Orlando Magic,105,Minnesota Timberwolves,111
Mon Jan 30 2017,Cleveland Cavaliers,97,Dallas Mavericks,104
Mon Jan 30 2017,Memphis Grizzlies,115,Phoenix Suns,96
Tue Jan 31 2017,New Orleans Pelicans,106,Toronto Raptors,108
Tue Jan 31 2017,New York Knicks,101,Washington Wizards,117
Tue Jan 31 2017,Sacramento Kings,83,Houston Rockets,105
Tue Jan 31 2017,Oklahoma City Thunder,94,San Antonio Spurs,108
Tue Jan 31 2017,Charlotte Hornets,98,Portland Trail Blazers,115
Tue Jan 31 2017,Denver Nuggets,116,Los Angeles Lakers,120
Wed Feb 1 2017,Minnesota Timberwolves,97,Cleveland Cavaliers,125
Wed Feb 1 2017,Indiana Pacers,98,Orlando Magic,88
Wed Feb 1 2017,Toronto Raptors,104,Boston Celtics,109
Wed Feb 1 2017,New York Knicks,95,Brooklyn Nets,90
Wed Feb 1 2017,New Orleans Pelicans,98,Detroit Pistons,118
Wed Feb 1 2017,Atlanta Hawks,93,Miami Heat,116
Wed Feb 1 2017,Philadelphia 76ers,95,Dallas Mavericks,113
Wed Feb 1 2017,Memphis Grizzlies,119,Denver Nuggets,99
Wed Feb 1 2017,Los Angeles Clippers,124,Phoenix Suns,114
Wed Feb 1 2017,Milwaukee Bucks,88,Utah Jazz,104
Wed Feb 1 2017,Chicago Bulls,128,Oklahoma City Thunder,100
Wed Feb 1 2017,Charlotte Hornets,111,Golden State Warriors,126
Thu Feb 2 2017,Los Angeles Lakers,108,Washington Wizards,116
Thu Feb 2 2017,Atlanta Hawks,113,Houston Rockets,108
Thu Feb 2 2017,Philadelphia 76ers,86,San Antonio Spurs,102
Thu Feb 2 2017,Golden State Warriors,133,Los Angeles Clippers,120
Fri Feb 3 2017,Toronto Raptors,94,Orlando Magic,102
Fri Feb 3 2017,Indiana Pacers,106,Brooklyn Nets,97
Fri Feb 3 2017,Minnesota Timberwolves,108,Detroit Pistons,116
Fri Feb 3 2017,Los Angeles Lakers,107,Boston Celtics,113
Fri Feb 3 2017,Chicago Bulls,117,Houston Rockets,121
Fri Feb 3 2017,Memphis Grizzlies,102,Oklahoma City Thunder,114
Fri Feb 3 2017,Milwaukee Bucks,117,Denver Nuggets,121
Fri Feb 3 2017,Dallas Mavericks,108,Portland Trail Blazers,104
Fri Feb 3 2017,Phoenix Suns,105,Sacramento Kings,103
Sat Feb 4 2017,Orlando Magic,86,Atlanta Hawks,113
Sat Feb 4 2017,Detroit Pistons,84,Indiana Pacers,105
Sat Feb 4 2017,New Orleans Pelicans,91,Washington Wizards,105
Sat Feb 4 2017,Philadelphia 76ers,102,Miami Heat,125
Sat Feb 4 2017,Cleveland Cavaliers,111,New York Knicks,104
Sat Feb 4 2017,Memphis Grizzlies,107,Minnesota Timberwolves,99
Sat Feb 4 2017,Milwaukee Bucks,137,Phoenix Suns,112
Sat Feb 4 2017,Denver Nuggets,97,San Antonio Spurs,121
Sat Feb 4 2017,Charlotte Hornets,98,Utah Jazz,105
Sat Feb 4 2017,Golden State Warriors,106,Sacramento Kings,109
Sun Feb 5 2017,Toronto Raptors,103,Brooklyn Nets,95
Sun Feb 5 2017,Los Angeles Clippers,102,Boston Celtics,107
Sun Feb 5 2017,Portland Trail Blazers,99,Oklahoma City Thunder,105
Mon Feb 6 2017,Oklahoma City Thunder,90,Indiana Pacers,93
Mon Feb 6 2017,Los Angeles Lakers,121,New York Knicks,107
Mon Feb 6 2017,Cleveland Cavaliers,140,Washington Wizards,135
Mon Feb 6 2017,Utah Jazz,120,Atlanta Hawks,95
Mon Feb 6 2017,Philadelphia 76ers,96,Detroit Pistons,113
Mon Feb 6 2017,Los Angeles Clippers,109,Toronto Raptors,118
Mon Feb 6 2017,Miami Heat,115,Minnesota Timberwolves,113
Mon Feb 6 2017,Phoenix Suns,106,New Orleans Pelicans,111
Mon Feb 6 2017,Dallas Mavericks,87,Denver Nuggets,110
Mon Feb 6 2017,San Antonio Spurs,74,Memphis Grizzlies,89
Mon Feb 6 2017,Chicago Bulls,112,Sacramento Kings,107
Tue Feb 7 2017,Brooklyn Nets,107,Charlotte Hornets,111
Tue Feb 7 2017,Orlando Magic,104,Houston Rockets,128
Tue Feb 7 2017,Portland Trail Blazers,114,Dallas Mavericks,113
Wed Feb 8 2017,Cleveland Cavaliers,132,Indiana Pacers,117
Wed Feb 8 2017,San Antonio Spurs,111,Philadelphia 76ers,103
Wed Feb 8 2017,Denver Nuggets,106,Atlanta Hawks,117
Wed Feb 8 2017,Washington Wizards,114,Brooklyn Nets,110
Wed Feb 8 2017,Los Angeles Lakers,102,Detroit Pistons,121
Wed Feb 8 2017,Phoenix Suns,91,Memphis Grizzlies,110
Wed Feb 8 2017,Miami Heat,106,Milwaukee Bucks,88
Wed Feb 8 2017,Toronto Raptors,109,Minnesota Timberwolves,112
Wed Feb 8 2017,Utah Jazz,127,New Orleans Pelicans,94
Wed Feb 8 2017,Los Angeles Clippers,119,New York Knicks,115
Wed Feb 8 2017,Chicago Bulls,92,Golden State Warriors,123
Wed Feb 8 2017,Boston Celtics,92,Sacramento Kings,108
Thu Feb 9 2017,Houston Rockets,107,Charlotte Hornets,95
Thu Feb 9 2017,Philadelphia 76ers,112,Orlando Magic,111
Thu Feb 9 2017,Cleveland Cavaliers,109,Oklahoma City Thunder,118
Thu Feb 9 2017,Utah Jazz,105,Dallas Mavericks,112
Thu Feb 9 2017,Boston Celtics,120,Portland Trail Blazers,111
Fri Feb 10 2017,Miami Heat,108,Brooklyn Nets,99
Fri Feb 10 2017,San Antonio Spurs,103,Detroit Pistons,92
Fri Feb 10 2017,Denver Nuggets,131,New York Knicks,123
Fri Feb 10 2017,Golden State Warriors,122,Memphis Grizzlies,107
Fri Feb 10 2017,Los Angeles Lakers,122,Milwaukee Bucks,114
Fri Feb 10 2017,New Orleans Pelicans,122,Minnesota Timberwolves,106
Fri Feb 10 2017,Indiana Pacers,107,Washington Wizards,112
Fri Feb 10 2017,Chicago Bulls,97,Phoenix Suns,115
Fri Feb 10 2017,Atlanta Hawks,107,Sacramento Kings,108
Sat Feb 11 2017,Los Angeles Clippers,107,Charlotte Hornets,102
Sat Feb 11 2017,Milwaukee Bucks,116,Indiana Pacers,100
Sat Feb 11 2017,Denver Nuggets,109,Cleveland Cavaliers,125
Sat Feb 11 2017,Miami Heat,109,Philadelphia 76ers,117
Sat Feb 11 2017,Golden State Warriors,130,Oklahoma City Thunder,114
Sat Feb 11 2017,Orlando Magic,80,Dallas Mavericks,112
Sat Feb 11 2017,Phoenix Suns,102,Houston Rockets,133
Sat Feb 11 2017,Boston Celtics,112,Utah Jazz,104
Sun Feb 12 2017,Chicago Bulls,89,Minnesota Timberwolves,117
Sun Feb 12 2017,San Antonio Spurs,90,New York Knicks,94
Sun Feb 12 2017,Detroit Pistons,102,Toronto Raptors,101
Sun Feb 12 2017,New Orleans Pelicans,99,Sacramento Kings,105
Mon Feb 13 2017,Philadelphia 76ers,105,Charlotte Hornets,99
Mon Feb 13 2017,San Antonio Spurs,110,Indiana Pacers,106
Mon Feb 13 2017,Memphis Grizzlies,112,Brooklyn Nets,103
Mon Feb 13 2017,Orlando Magic,116,Miami Heat,107
Mon Feb 13 2017,Detroit Pistons,89,Milwaukee Bucks,102
Mon Feb 13 2017,Oklahoma City Thunder,98,Washington Wizards,120
Mon Feb 13 2017,Boston Celtics,111,Dallas Mavericks,98
Mon Feb 13 2017,Golden State Warriors,110,Denver Nuggets,132
Mon Feb 13 2017,New Orleans Pelicans,110,Phoenix Suns,108
Mon Feb 13 2017,Los Angeles Clippers,88,Utah Jazz,72
Mon Feb 13 2017,Atlanta Hawks,109,Portland Trail Blazers,104
Tue Feb 14 2017,Toronto Raptors,94,Chicago Bulls,105
Tue Feb 14 2017,Cleveland Cavaliers,116,Minnesota Timberwolves,108
Tue Feb 14 2017,Sacramento Kings,97,Los Angeles Lakers,96
Wed Feb 15 2017,Indiana Pacers,104,Cleveland Cavaliers,113
Wed Feb 15 2017,San Antonio Spurs,107,Orlando Magic,79
Wed Feb 15 2017,Philadelphia 76ers,108,Boston Celtics,116
Wed Feb 15 2017,Milwaukee Bucks,129,Brooklyn Nets,125
Wed Feb 15 2017,Dallas Mavericks,91,Detroit Pistons,98
Wed Feb 15 2017,Charlotte Hornets,85,Toronto Raptors,90
Wed Feb 15 2017,Miami Heat,117,Houston Rockets,109
Wed Feb 15 2017,New Orleans Pelicans,95,Memphis Grizzlies,91
Wed Feb 15 2017,Minnesota Timberwolves,112,Denver Nuggets,99
Wed Feb 15 2017,Los Angeles Lakers,101,Phoenix Suns,137
Wed Feb 15 2017,Portland Trail Blazers,88,Utah Jazz,111
Wed Feb 15 2017,New York Knicks,105,Oklahoma City Thunder,116
Wed Feb 15 2017,Sacramento Kings,86,Golden State Warriors,109
Wed Feb 15 2017,Atlanta Hawks,84,Los Angeles Clippers,99
Thu Feb 16 2017,Washington Wizards,111,Indiana Pacers,98
Thu Feb 16 2017,Boston Celtics,103,Chicago Bulls,104
Thu Feb 23 2017,Portland Trail Blazers,112,Orlando Magic,103
Thu Feb 23 2017,Charlotte Hornets,108,Detroit Pistons,114
Thu Feb 23 2017,New York Knicks,104,Cleveland Cavaliers,119
Thu Feb 23 2017,Houston Rockets,129,New Orleans Pelicans,99
Thu Feb 23 2017,Los Angeles Clippers,113,Golden State Warriors,123
Thu Feb 23 2017,Denver Nuggets,100,Sacramento Kings,116
Fri Feb 24 2017,Memphis Grizzlies,92,Indiana Pacers,102
Fri Feb 24 2017,Washington Wizards,112,Philadelphia 76ers,120
Fri Feb 24 2017,Miami Heat,108,Atlanta Hawks,90
Fri Feb 24 2017,Phoenix Suns,121,Chicago Bulls,128
Fri Feb 24 2017,Utah Jazz,109,Milwaukee Bucks,95
Fri Feb 24 2017,Dallas Mavericks,84,Minnesota Timberwolves,97
Fri Feb 24 2017,Los Angeles Lakers,93,Oklahoma City Thunder,110
Fri Feb 24 2017,Boston Celtics,97,Toronto Raptors,107
Fri Feb 24 2017,Brooklyn Nets,109,Denver Nuggets,129
Fri Feb 24 2017,San Antonio Spurs,105,Los Angeles Clippers,97
Sat Feb 25 2017,Charlotte Hornets,99,Sacramento Kings,85
Sat Feb 25 2017,Atlanta Hawks,86,Orlando Magic,105
Sat Feb 25 2017,Philadelphia 76ers,109,New York Knicks,110
Sat Feb 25 2017,Indiana Pacers,95,Miami Heat,113
Sat Feb 25 2017,Chicago Bulls,117,Cleveland Cavaliers,99
Sat Feb 25 2017,New Orleans Pelicans,83,Dallas Mavericks,96
Sat Feb 25 2017,Minnesota Timberwolves,130,Houston Rockets,142
Sat Feb 25 2017,Brooklyn Nets,95,Golden State Warriors,112
Sun Feb 26 2017,San Antonio Spurs,119,Los Angeles Lakers,98
Sun Feb 26 2017,Phoenix Suns,96,Milwaukee Bucks,100
Sun Feb 26 2017,Memphis Grizzlies,105,Denver Nuggets,98
Sun Feb 26 2017,Utah Jazz,102,Washington Wizards,92
Sun Feb 26 2017,Boston Celtics,104,Detroit Pistons,98
Sun Feb 26 2017,Portland Trail Blazers,106,Toronto Raptors,112
Sun Feb 26 2017,New Orleans Pelicans,110,Oklahoma City Thunder,118
Sun Feb 26 2017,Charlotte Hornets,121,Los Angeles Clippers,124
Mon Feb 27 2017,Milwaukee Bucks,95,Cleveland Cavaliers,102
Mon Feb 27 2017,Toronto Raptors,92,New York Knicks,91
Mon Feb 27 2017,Golden State Warriors,119,Philadelphia 76ers,108
Mon Feb 27 2017,Atlanta Hawks,114,Boston Celtics,98
Mon Feb 27 2017,Miami Heat,89,Dallas Mavericks,96
Mon Feb 27 2017,Indiana Pacers,117,Houston Rockets,108
Mon Feb 27 2017,Minnesota Timberwolves,102,Sacramento Kings,88
Tue Feb 28 2017,Golden State Warriors,108,Washington Wizards,112
Tue Feb 28 2017,Portland Trail Blazers,113,Detroit Pistons,120
Tue Feb 28 2017,Denver Nuggets,125,Chicago Bulls,107
Tue Feb 28 2017,Phoenix Suns,112,Memphis Grizzlies,130
Tue Feb 28 2017,Utah Jazz,106,Oklahoma City Thunder,109
Tue Feb 28 2017,Charlotte Hornets,109,Los Angeles Lakers,104
Wed Mar 1 2017,New York Knicks,101,Orlando Magic,90
Wed Mar 1 2017,Dallas Mavericks,95,Atlanta Hawks,100
Wed Mar 1 2017,Philadelphia 76ers,98,Miami Heat,125
Wed Mar 1 2017,Washington Wizards,105,Toronto Raptors,96
Wed Mar 1 2017,Cleveland Cavaliers,99,Boston Celtics,103
Wed Mar 1 2017,Denver Nuggets,110,Milwaukee Bucks,98
Wed Mar 1 2017,Detroit Pistons,86,New Orleans Pelicans,109
Wed Mar 1 2017,Indiana Pacers,99,San Antonio Spurs,100
Wed Mar 1 2017,Minnesota Timberwolves,107,Utah Jazz,80
Wed Mar 1 2017,Houston Rockets,122,Los Angeles Clippers,103
Wed Mar 1 2017,Brooklyn Nets,109,Sacramento Kings,100
Thu Mar 2 2017,Golden State Warriors,87,Chicago Bulls,94
Thu Mar 2 2017,Charlotte Hornets,103,Phoenix Suns,120
Thu Mar 2 2017,Oklahoma City Thunder,109,Portland Trail Blazers,114
Fri Mar 3 2017,Cleveland Cavaliers,135,Atlanta Hawks,130
Fri Mar 3 2017,Miami Heat,99,Orlando Magic,110
Fri Mar 3 2017,New York Knicks,102,Philadelphia 76ers,105
Fri Mar 3 2017,Toronto Raptors,114,Washington Wizards,106
Fri Mar 3 2017,Los Angeles Clippers,101,Milwaukee Bucks,112
Fri Mar 3 2017,Memphis Grizzlies,100,Dallas Mavericks,104
Fri Mar 3 2017,Oklahoma City Thunder,111,Phoenix Suns,118
Fri Mar 3 2017,Brooklyn Nets,97,Utah Jazz,112
Fri Mar 3 2017,San Antonio Spurs,101,New Orleans Pelicans,98
Fri Mar 3 2017,Boston Celtics,115,Los Angeles Lakers,95
Sat Mar 4 2017,Detroit Pistons,136,Philadelphia 76ers,106
Sat Mar 4 2017,Cleveland Cavaliers,92,Miami Heat,120
Sat Mar 4 2017,Toronto Raptors,94,Milwaukee Bucks,101
Sat Mar 4 2017,Los Angeles Clippers,101,Chicago Bulls,91
Sat Mar 4 2017,Charlotte Hornets,112,Denver Nuggets,102
Sat Mar 4 2017,Memphis Grizzlies,108,Houston Rockets,123
Sat Mar 4 2017,Minnesota Timberwolves,90,San Antonio Spurs,97
Sat Mar 4 2017,Brooklyn Nets,116,Portland Trail Blazers,130
Sun Mar 5 2017,Indiana Pacers,97,Atlanta Hawks,96
Sun Mar 5 2017,Golden State Warriors,112,New York Knicks,105
Sun Mar 5 2017,Boston Celtics,106,Phoenix Suns,109
Sun Mar 5 2017,Orlando Magic,114,Washington Wizards,115
Sun Mar 5 2017,Utah Jazz,110,Sacramento Kings,109
Sun Mar 5 2017,Oklahoma City Thunder,89,Dallas Mavericks,104
Sun Mar 5 2017,New Orleans Pelicans,105,Los Angeles Lakers,97
Mon Mar 6 2017,Miami Heat,106,Cleveland Cavaliers,98
Mon Mar 6 2017,New York Knicks,113,Orlando Magic,105
Mon Mar 6 2017,Milwaukee Bucks,112,Philadelphia 76ers,98
Mon Mar 6 2017,Golden State Warriors,119,Atlanta Hawks,111
Mon Mar 6 2017,Chicago Bulls,95,Detroit Pistons,109
Mon Mar 6 2017,Indiana Pacers,88,Charlotte Hornets,100
Mon Mar 6 2017,Brooklyn Nets,122,Memphis Grizzlies,109
Mon Mar 6 2017,Houston Rockets,110,San Antonio Spurs,112
Mon Mar 6 2017,Sacramento Kings,96,Denver Nuggets,108
Mon Mar 6 2017,New Orleans Pelicans,83,Utah Jazz,88
Mon Mar 6 2017,Boston Celtics,102,Los Angeles Clippers,116
Tue Mar 7 2017,Portland Trail Blazers,126,Oklahoma City Thunder,121
Tue Mar 7 2017,Los Angeles Lakers,111,Dallas Mavericks,122
Tue Mar 7 2017,Washington Wizards,131,Phoenix Suns,127
Wed Mar 8 2017,Chicago Bulls,91,Orlando Magic,98
Wed Mar 8 2017,Brooklyn Nets,105,Atlanta Hawks,110
Wed Mar 8 2017,Charlotte Hornets,101,Miami Heat,108
Wed Mar 8 2017,Utah Jazz,115,Houston Rockets,108
Wed Mar 8 2017,Detroit Pistons,98,Indiana Pacers,115
Wed Mar 8 2017,New York Knicks,93,Milwaukee Bucks,104
Wed Mar 8 2017,Los Angeles Clippers,91,Minnesota Timberwolves,107
Wed Mar 8 2017,Toronto Raptors,94,New Orleans Pelicans,87
Wed Mar 8 2017,Sacramento Kings,104,San Antonio Spurs,114
Wed Mar 8 2017,Washington Wizards,123,Denver Nuggets,113
Wed Mar 8 2017,Boston Celtics,99,Golden State Warriors,86
Thu Mar 9 2017,Cleveland Cavaliers,101,Detroit Pistons,106
Thu Mar 9 2017,Los Angeles Clippers,114,Memphis Grizzlies,98
Thu Mar 9 2017,San Antonio Spurs,92,Oklahoma City Thunder,102
Thu Mar 9 2017,Philadelphia 76ers,108,Portland Trail Blazers,114
Thu Mar 9 2017,Los Angeles Lakers,122,Phoenix Suns,110
Fri Mar 10 2017,Orlando Magic,81,Charlotte Hornets,121
Fri Mar 10 2017,Toronto Raptors,99,Atlanta Hawks,105
Fri Mar 10 2017,Houston Rockets,115,Chicago Bulls,94
Fri Mar 10 2017,Indiana Pacers,85,Milwaukee Bucks,99
Fri Mar 10 2017,Golden State Warriors,102,Minnesota Timberwolves,103
Fri Mar 10 2017,Brooklyn Nets,96,Dallas Mavericks,105
Fri Mar 10 2017,Boston Celtics,99,Denver Nuggets,119
Fri Mar 10 2017,Washington Wizards,130,Sacramento Kings,122
Sat Mar 11 2017,Utah Jazz,104,Oklahoma City Thunder,112
Sat Mar 11 2017,Philadelphia 76ers,100,Los Angeles Clippers,112
Sat Mar 11 2017,New York Knicks,92,Detroit Pistons,112
Sat Mar 11 2017,New Orleans Pelicans,125,Charlotte Hornets,122
Sat Mar 11 2017,Cleveland Cavaliers,116,Orlando Magic,104
Sat Mar 11 2017,Toronto Raptors,89,Miami Heat,104
Sat Mar 11 2017,Minnesota Timberwolves,95,Milwaukee Bucks,102
Sat Mar 11 2017,Golden State Warriors,85,San Antonio Spurs,107
Sat Mar 11 2017,Phoenix Suns,100,Dallas Mavericks,98
Sat Mar 11 2017,Atlanta Hawks,107,Memphis Grizzlies,90
Sat Mar 11 2017,Washington Wizards,125,Portland Trail Blazers,124
Sat Mar 11 2017,Denver Nuggets,105,Sacramento Kings,92
Sun Mar 12 2017,Chicago Bulls,80,Boston Celtics,100
Sun Mar 12 2017,New York Knicks,112,Brooklyn Nets,120
Sun Mar 12 2017,Miami Heat,98,Indiana Pacers,102
Sun Mar 12 2017,Cleveland Cavaliers,112,Houston Rockets,117
Sun Mar 12 2017,Portland Trail Blazers,110,Phoenix Suns,101
Sun Mar 12 2017,Philadelphia 76ers,118,Los Angeles Lakers,116
Mon Mar 13 2017,Chicago Bulls,115,Charlotte Hornets,109
Mon Mar 13 2017,Dallas Mavericks,78,Toronto Raptors,100
Mon Mar 13 2017,Milwaukee Bucks,93,Memphis Grizzlies,113
Mon Mar 13 2017,Washington Wizards,104,Minnesota Timberwolves,119
Mon Mar 13 2017,Atlanta Hawks,99,San Antonio Spurs,107
Mon Mar 13 2017,Los Angeles Clippers,108,Utah Jazz,114
Mon Mar 13 2017,Los Angeles Lakers,101,Denver Nuggets,129
Mon Mar 13 2017,Orlando Magic,115,Sacramento Kings,120
Tue Mar 14 2017,Detroit Pistons,96,Cleveland Cavaliers,128
Tue Mar 14 2017,Oklahoma City Thunder,122,Brooklyn Nets,104
Tue Mar 14 2017,Indiana Pacers,81,New York Knicks,87
Tue Mar 14 2017,Portland Trail Blazers,77,New Orleans Pelicans,100
Tue Mar 14 2017,Philadelphia 76ers,104,Golden State Warriors,106
Wed Mar 15 2017,Charlotte Hornets,77,Indiana Pacers,98
Wed Mar 15 2017,Dallas Mavericks,112,Washington Wizards,107
Wed Mar 15 2017,Minnesota Timberwolves,104,Boston Celtics,117
Wed Mar 15 2017,Utah Jazz,97,Detroit Pistons,83
Wed Mar 15 2017,New Orleans Pelicans,112,Miami Heat,120
Wed Mar 15 2017,Memphis Grizzlies,98,Chicago Bulls,91
Wed Mar 15 2017,Los Angeles Lakers,100,Houston Rockets,139
Wed Mar 15 2017,Portland Trail Blazers,110,San Antonio Spurs,106
Wed Mar 15 2017,Sacramento Kings,107,Phoenix Suns,101
Wed Mar 15 2017,Milwaukee Bucks,97,Los Angeles Clippers,96
Thu Mar 16 2017,Utah Jazz,83,Cleveland Cavaliers,91
Thu Mar 16 2017,Oklahoma City Thunder,123,Toronto Raptors,102
Thu Mar 16 2017,Memphis Grizzlies,103,Atlanta Hawks,91
Thu Mar 16 2017,Brooklyn Nets,121,New York Knicks,110
Thu Mar 16 2017,Los Angeles Clippers,114,Denver Nuggets,129
Thu Mar 16 2017,Orlando Magic,92,Golden State Warriors,122
Fri Mar 17 2017,Dallas Mavericks,74,Philadelphia 76ers,116
Fri Mar 17 2017,Chicago Bulls,107,Washington Wizards,112
Fri Mar 17 2017,Boston Celtics,98,Brooklyn Nets,95
Fri Mar 17 2017,Toronto Raptors,87,Detroit Pistons,75
Fri Mar 17 2017,Minnesota Timberwolves,105,Miami Heat,123
Fri Mar 17 2017,Houston Rockets,112,New Orleans Pelicans,128
Fri Mar 17 2017,Orlando Magic,109,Phoenix Suns,103
Fri Mar 17 2017,Milwaukee Bucks,107,Los Angeles Lakers,103
Sat Mar 18 2017,Sacramento Kings,94,Oklahoma City Thunder,110
Sat Mar 18 2017,Portland Trail Blazers,113,Atlanta Hawks,97
Sat Mar 18 2017,Washington Wizards,93,Charlotte Hornets,98
Sat Mar 18 2017,Cleveland Cavaliers,78,Los Angeles Clippers,108
Sat Mar 18 2017,Utah Jazz,86,Chicago Bulls,95
Sat Mar 18 2017,San Antonio Spurs,96,Memphis Grizzlies,104
Sat Mar 18 2017,Houston Rockets,109,Denver Nuggets,105
Sat Mar 18 2017,Milwaukee Bucks,92,Golden State Warriors,117
Sun Mar 19 2017,Dallas Mavericks,111,Brooklyn Nets,104
Sun Mar 19 2017,Boston Celtics,99,Philadelphia 76ers,105
Sun Mar 19 2017,Phoenix Suns,95,Detroit Pistons,112
Sun Mar 19 2017,Portland Trail Blazers,115,Miami Heat,104
Sun Mar 19 2017,Minnesota Timberwolves,109,New Orleans Pelicans,123
Sun Mar 19 2017,Indiana Pacers,91,Toronto Raptors,116
Sun Mar 19 2017,Sacramento Kings,102,San Antonio Spurs,118
Sun Mar 19 2017,Cleveland Cavaliers,125,Los Angeles Lakers,120
Mon Mar 20 2017,Atlanta Hawks,90,Charlotte Hornets,105
Mon Mar 20 2017,Utah Jazz,100,Indiana Pacers,107
Mon Mar 20 2017,Philadelphia 76ers,109,Orlando Magic,112
Mon Mar 20 2017,Washington Wizards,102,Boston Celtics,110
Mon Mar 20 2017,Denver Nuggets,124,Houston Rockets,125
Mon Mar 20 2017,Golden State Warriors,111,Oklahoma City Thunder,95
Mon Mar 20 2017,New York Knicks,105,Los Angeles Clippers,114
Tue Mar 21 2017,Chicago Bulls,120,Toronto Raptors,122
Tue Mar 21 2017,Detroit Pistons,96,Brooklyn Nets,98
Tue Mar 21 2017,Phoenix Suns,97,Miami Heat,112
Tue Mar 21 2017,Memphis Grizzlies,82,New Orleans Pelicans,95
Tue Mar 21 2017,Golden State Warriors,112,Dallas Mavericks,87
Tue Mar 21 2017,San Antonio Spurs,100,Minnesota Timberwolves,93
Tue Mar 21 2017,Milwaukee Bucks,93,Portland Trail Blazers,90
Tue Mar 21 2017,Los Angeles Clippers,133,Los Angeles Lakers,109
Wed Mar 22 2017,Charlotte Hornets,109,Orlando Magic,102
Wed Mar 22 2017,Indiana Pacers,100,Boston Celtics,109
Wed Mar 22 2017,Detroit Pistons,95,Chicago Bulls,117
Wed Mar 22 2017,Philadelphia 76ers,97,Oklahoma City Thunder,122
Wed Mar 22 2017,Atlanta Hawks,100,Washington Wizards,104
Wed Mar 22 2017,Cleveland Cavaliers,113,Denver Nuggets,126
Wed Mar 22 2017,Milwaukee Bucks,116,Sacramento Kings,98
Wed Mar 22 2017,New York Knicks,101,Utah Jazz,108
Thu Mar 23 2017,Phoenix Suns,98,Brooklyn Nets,126
Thu Mar 23 2017,Toronto Raptors,101,Miami Heat,84
Thu Mar 23 2017,Los Angeles Clippers,95,Dallas Mavericks,97
Thu Mar 23 2017,Memphis Grizzlies,90,San Antonio Spurs,97
Thu Mar 23 2017,New York Knicks,95,Portland Trail Blazers,110
Fri Mar 24 2017,Cleveland Cavaliers,112,Charlotte Hornets,105
Fri Mar 24 2017,Denver Nuggets,125,Indiana Pacers,117
Fri Mar 24 2017,Detroit Pistons,87,Orlando Magic,115
Fri Mar 24 2017,Brooklyn Nets,108,Washington Wizards,129
Fri Mar 24 2017,Phoenix Suns,120,Boston Celtics,130
Fri Mar 24 2017,Philadelphia 76ers,117,Chicago Bulls,107
Fri Mar 24 2017,New Orleans Pelicans,107,Houston Rockets,117
Fri Mar 24 2017,Atlanta Hawks,97,Milwaukee Bucks,100
Fri Mar 24 2017,Sacramento Kings,100,Golden State Warriors,114
Fri Mar 24 2017,Minnesota Timberwolves,119,Los Angeles Lakers,130
Sat Mar 25 2017,Utah Jazz,95,Los Angeles Clippers,108
Sat Mar 25 2017,Washington Wizards,127,Cleveland Cavaliers,115
Sat Mar 25 2017,Toronto Raptors,94,Dallas Mavericks,86
Sat Mar 25 2017,New York Knicks,98,San Antonio Spurs,106
Sat Mar 25 2017,Minnesota Timberwolves,100,Portland Trail Blazers,112
Sun Mar 26 2017,Brooklyn Nets,107,Atlanta Hawks,92
Sun Mar 26 2017,Phoenix Suns,106,Charlotte Hornets,120
Sun Mar 26 2017,Oklahoma City Thunder,125,Houston Rockets,137
Sun Mar 26 2017,Sacramento Kings,98,Los Angeles Clippers,97
Sun Mar 26 2017,Chicago Bulls,109,Milwaukee Bucks,94
Sun Mar 26 2017,Miami Heat,108,Boston Celtics,112
Sun Mar 26 2017,Philadelphia 76ers,94,Indiana Pacers,107
Sun Mar 26 2017,New Orleans Pelicans,115,Denver Nuggets,90
Sun Mar 26 2017,Memphis Grizzlies,94,Golden State Warriors,106
Sun Mar 26 2017,Portland Trail Blazers,97,Los Angeles Lakers,81
Mon Mar 27 2017,Detroit Pistons,95,New York Knicks,109
Mon Mar 27 2017,Orlando Magic,112,Toronto Raptors,131
Mon Mar 27 2017,Cleveland Cavaliers,74,San Antonio Spurs,103
Mon Mar 27 2017,Oklahoma City Thunder,92,Dallas Mavericks,91
Mon Mar 27 2017,Memphis Grizzlies,90,Sacramento Kings,91
Mon Mar 27 2017,New Orleans Pelicans,100,Utah Jazz,108
Tue Mar 28 2017,Milwaukee Bucks,118,Charlotte Hornets,108
Tue Mar 28 2017,Minnesota Timberwolves,115,Indiana Pacers,114
Tue Mar 28 2017,Phoenix Suns,91,Atlanta Hawks,95
Tue Mar 28 2017,Philadelphia 76ers,106,Brooklyn Nets,101
Tue Mar 28 2017,Miami Heat,97,Detroit Pistons,96
Tue Mar 28 2017,Golden State Warriors,113,Houston Rockets,106
Tue Mar 28 2017,Denver Nuggets,113,Portland Trail Blazers,122
Tue Mar 28 2017,Washington Wizards,119,Los Angeles Lakers,108
Wed Mar 29 2017,Oklahoma City Thunder,114,Orlando Magic,106
Wed Mar 29 2017,Atlanta Hawks,99,Philadelphia 76ers,92
Wed Mar 29 2017,Milwaukee Bucks,103,Boston Celtics,100
Wed Mar 29 2017,Miami Heat,105,New York Knicks,88
Wed Mar 29 2017,Charlotte Hornets,110,Toronto Raptors,106
Wed Mar 29 2017,Indiana Pacers,97,Memphis Grizzlies,110
Wed Mar 29 2017,Dallas Mavericks,118,New Orleans Pelicans,121
Wed Mar 29 2017,Golden State Warriors,110,San Antonio Spurs,98
Wed Mar 29 2017,Washington Wizards,124,Los Angeles Clippers,133
Wed Mar 29 2017,Utah Jazz,112,Sacramento Kings,82
Thu Mar 30 2017,Brooklyn Nets,89,Detroit Pistons,90
Thu Mar 30 2017,Cleveland Cavaliers,93,Chicago Bulls,99
Thu Mar 30 2017,Los Angeles Lakers,104,Minnesota Timberwolves,119
Thu Mar 30 2017,Los Angeles Clippers,124,Phoenix Suns,118
Thu Mar 30 2017,Houston Rockets,107,Portland Trail Blazers,117
Fri Mar 31 2017,Denver Nuggets,114,Charlotte Hornets,122
Fri Mar 31 2017,Indiana Pacers,100,Toronto Raptors,111
Fri Mar 31 2017,Orlando Magic,116,Boston Celtics,117
Fri Mar 31 2017,Philadelphia 76ers,105,Cleveland Cavaliers,122
Fri Mar 31 2017,Dallas Mavericks,90,Memphis Grizzlies,99
Fri Mar 31 2017,New York Knicks,98,Miami Heat,94
Fri Mar 31 2017,Detroit Pistons,105,Milwaukee Bucks,108
Fri Mar 31 2017,Sacramento Kings,89,New Orleans Pelicans,117
Fri Mar 31 2017,San Antonio Spurs,100,Oklahoma City Thunder,95
Fri Mar 31 2017,Washington Wizards,88,Utah Jazz,95
Fri Mar 31 2017,Houston Rockets,98,Golden State Warriors,107
Sat Apr 1 2017,Los Angeles Lakers,104,Los Angeles Clippers,115
Sat Apr 1 2017,Atlanta Hawks,104,Chicago Bulls,106
Sat Apr 1 2017,Orlando Magic,111,Brooklyn Nets,121
Sat Apr 1 2017,Sacramento Kings,123,Minnesota Timberwolves,117
Sat Apr 1 2017,Phoenix Suns,117,Portland Trail Blazers,130
Sun Apr 2 2017,Boston Celtics,110,New York Knicks,94
Sun Apr 2 2017,Charlotte Hornets,113,Oklahoma City Thunder,101
Sun Apr 2 2017,Memphis Grizzlies,103,Los Angeles Lakers,108
Sun Apr 2 2017,Dallas Mavericks,109,Milwaukee Bucks,105
Sun Apr 2 2017,Utah Jazz,103,San Antonio Spurs,109
Sun Apr 2 2017,Atlanta Hawks,82,Brooklyn Nets,91
Sun Apr 2 2017,Indiana Pacers,130,Cleveland Cavaliers,135
Sun Apr 2 2017,Denver Nuggets,116,Miami Heat,113
Sun Apr 2 2017,Chicago Bulls,117,New Orleans Pelicans,110
Sun Apr 2 2017,Philadelphia 76ers,105,Toronto Raptors,113
Sun Apr 2 2017,Washington Wizards,115,Golden State Warriors,139
Sun Apr 2 2017,Houston Rockets,123,Phoenix Suns,116
Mon Apr 3 2017,Portland Trail Blazers,109,Minnesota Timberwolves,110
Tue Apr 4 2017,Orlando Magic,102,Cleveland Cavaliers,122
Tue Apr 4 2017,Toronto Raptors,90,Indiana Pacers,108
Tue Apr 4 2017,Brooklyn Nets,141,Philadelphia 76ers,118
Tue Apr 4 2017,Charlotte Hornets,111,Washington Wizards,118
Tue Apr 4 2017,Denver Nuggets,134,New Orleans Pelicans,131
Tue Apr 4 2017,Chicago Bulls,91,New York Knicks,100
Tue Apr 4 2017,Milwaukee Bucks,79,Oklahoma City Thunder,110
Tue Apr 4 2017,Memphis Grizzlies,89,San Antonio Spurs,95
Tue Apr 4 2017,Portland Trail Blazers,87,Utah Jazz,106
Tue Apr 4 2017,Minnesota Timberwolves,107,Golden State Warriors,121
Tue Apr 4 2017,Dallas Mavericks,87,Sacramento Kings,98
Wed Apr 5 2017,Miami Heat,112,Charlotte Hornets,99
Wed Apr 5 2017,Toronto Raptors,105,Detroit Pistons,102
Wed Apr 5 2017,Cleveland Cavaliers,114,Boston Celtics,91
Wed Apr 5 2017,Denver Nuggets,104,Houston Rockets,110
Wed Apr 5 2017,Oklahoma City Thunder,103,Memphis Grizzlies,100
Wed Apr 5 2017,Los Angeles Lakers,102,San Antonio Spurs,95
Wed Apr 5 2017,Golden State Warriors,120,Phoenix Suns,111
Wed Apr 5 2017,Dallas Mavericks,101,Los Angeles Clippers,112
Thu Apr 6 2017,Milwaukee Bucks,89,Indiana Pacers,104
Thu Apr 6 2017,Brooklyn Nets,107,Orlando Magic,115
Thu Apr 6 2017,Chicago Bulls,102,Philadelphia 76ers,90
Thu Apr 6 2017,Washington Wizards,106,New York Knicks,103
Thu Apr 6 2017,Boston Celtics,116,Atlanta Hawks,123
Thu Apr 6 2017,Minnesota Timberwolves,98,Portland Trail Blazers,105
Fri Apr 7 2017,Atlanta Hawks,114,Cleveland Cavaliers,100
Fri Apr 7 2017,Miami Heat,94,Toronto Raptors,96
Fri Apr 7 2017,Detroit Pistons,114,Houston Rockets,109
Fri Apr 7 2017,New York Knicks,88,Memphis Grizzlies,101
Fri Apr 7 2017,San Antonio Spurs,102,Dallas Mavericks,89
Fri Apr 7 2017,New Orleans Pelicans,106,Denver Nuggets,122
Fri Apr 7 2017,Minnesota Timberwolves,113,Utah Jazz,120
Fri Apr 7 2017,Oklahoma City Thunder,99,Phoenix Suns,120
Fri Apr 7 2017,Sacramento Kings,94,Los Angeles Lakers,98
Sat Apr 8 2017,Chicago Bulls,106,Brooklyn Nets,107
Sat Apr 8 2017,Boston Celtics,121,Charlotte Hornets,114
Sat Apr 8 2017,Indiana Pacers,127,Orlando Magic,112
Sat Apr 8 2017,Milwaukee Bucks,90,Philadelphia 76ers,82
Sat Apr 8 2017,Miami Heat,106,Washington Wizards,103
Sat Apr 8 2017,Los Angeles Clippers,98,San Antonio Spurs,87
Sat Apr 8 2017,Utah Jazz,86,Portland Trail Blazers,101
Sat Apr 8 2017,New Orleans Pelicans,101,Golden State Warriors,123
Sun Apr 9 2017,Toronto Raptors,110,New York Knicks,97
Sun Apr 9 2017,Cleveland Cavaliers,125,Atlanta Hawks,126
Sun Apr 9 2017,Oklahoma City Thunder,106,Denver Nuggets,105
Sun Apr 9 2017,Detroit Pistons,103,Memphis Grizzlies,90
Sun Apr 9 2017,Dallas Mavericks,111,Phoenix Suns,124
Sun Apr 9 2017,Houston Rockets,135,Sacramento Kings,128
Sun Apr 9 2017,Minnesota Timberwolves,109,Los Angeles Lakers,110
Mon Apr 10 2017,Indiana Pacers,120,Philadelphia 76ers,111
Mon Apr 10 2017,Brooklyn Nets,105,Boston Celtics,114
Mon Apr 10 2017,Cleveland Cavaliers,121,Miami Heat,124
Mon Apr 10 2017,Orlando Magic,75,Chicago Bulls,122
Mon Apr 10 2017,Washington Wizards,105,Detroit Pistons,101
Mon Apr 10 2017,Charlotte Hornets,79,Milwaukee Bucks,89
Mon Apr 10 2017,San Antonio Spurs,98,Portland Trail Blazers,99
Mon Apr 10 2017,Utah Jazz,105,Golden State Warriors,99
Mon Apr 10 2017,Houston Rockets,96,Los Angeles Clippers,125
Tue Apr 11 2017,Charlotte Hornets,76,Atlanta Hawks,103
Tue Apr 11 2017,Oklahoma City Thunder,100,Minnesota Timberwolves,98
Tue Apr 11 2017,Denver Nuggets,109,Dallas Mavericks,91
Tue Apr 11 2017,New Orleans Pelicans,96,Los Angeles Lakers,108
Tue Apr 11 2017,Phoenix Suns,104,Sacramento Kings,129
Wed Apr 12 2017,Milwaukee Bucks,94,Boston Celtics,112
Wed Apr 12 2017,Brooklyn Nets,73,Chicago Bulls,112
Wed Apr 12 2017,Toronto Raptors,98,Cleveland Cavaliers,83
Wed Apr 12 2017,Minnesota Timberwolves,118,Houston Rockets,123
Wed Apr 12 2017,Atlanta Hawks,86,Indiana Pacers,104
Wed Apr 12 2017,Dallas Mavericks,100,Memphis Grizzlies,93
Wed Apr 12 2017,Washington Wizards,102,Miami Heat,110
Wed Apr 12 2017,Philadelphia 76ers,113,New York Knicks,114
Wed Apr 12 2017,Denver Nuggets,111,Oklahoma City Thunder,105
Wed Apr 12 2017,Detroit Pistons,109,Orlando Magic,113
Wed Apr 12 2017,San Antonio Spurs,97,Utah Jazz,101
Wed Apr 12 2017,Los Angeles Lakers,94,Golden State Warriors,109
Wed Apr 12 2017,Sacramento Kings,95,Los Angeles Clippers,115
Wed Apr 12 2017,New Orleans Pelicans,103,Portland Trail Blazers,100
Sat Apr 15 2017,Indiana Pacers,108,Cleveland Cavaliers,109
Sat Apr 15 2017,Milwaukee Bucks,97,Toronto Raptors,83
Sat Apr 15 2017,Memphis Grizzlies,82,San Antonio Spurs,111
Sat Apr 15 2017,Utah Jazz,97,Los Angeles Clippers,95
Sun Apr 16 2017,Atlanta Hawks,107,Washington Wizards,114
Sun Apr 16 2017,Portland Trail Blazers,109,Golden State Warriors,121
Sun Apr 16 2017,Chicago Bulls,106,Boston Celtics,102
Sun Apr 16 2017,Oklahoma City Thunder,87,Houston Rockets,118
Mon Apr 17 2017,Indiana Pacers,111,Cleveland Cavaliers,117
Mon Apr 17 2017,Memphis Grizzlies,82,San Antonio Spurs,96
Tue Apr 18 2017,Milwaukee Bucks,100,Toronto Raptors,106
Tue Apr 18 2017,Chicago Bulls,111,Boston Celtics,97
Tue Apr 18 2017,Utah Jazz,91,Los Angeles Clippers,99
Wed Apr 19 2017,Atlanta Hawks,101,Washington Wizards,109
Wed Apr 19 2017,Oklahoma City Thunder,111,Houston Rockets,115
Wed Apr 19 2017,Portland Trail Blazers,81,Golden State Warriors,110
Thu Apr 20 2017,Cleveland Cavaliers,119,Indiana Pacers,114
Thu Apr 20 2017,Toronto Raptors,77,Milwaukee Bucks,104
Thu Apr 20 2017,San Antonio Spurs,94,Memphis Grizzlies,105
Fri Apr 21 2017,Boston Celtics,104,Chicago Bulls,87
Fri Apr 21 2017,Houston Rockets,113,Oklahoma City Thunder,115
Fri Apr 21 2017,Los Angeles Clippers,111,Utah Jazz,106
Sat Apr 22 2017,Toronto Raptors,87,Milwaukee Bucks,76
Sat Apr 22 2017,Washington Wizards,98,Atlanta Hawks,116
Sat Apr 22 2017,San Antonio Spurs,108,Memphis Grizzlies,110
Sat Apr 22 2017,Golden State Warriors,119,Portland Trail Blazers,113
Sun Apr 23 2017,Cleveland Cavaliers,106,Indiana Pacers,102
Sun Apr 23 2017,Houston Rockets,113,Oklahoma City Thunder,109
Sun Apr 23 2017,Boston Celtics,104,Chicago Bulls,95
Sun Apr 23 2017,Los Angeles Clippers,98,Utah Jazz,105
Mon Apr 24 2017,Milwaukee Bucks,93,Toronto Raptors,118
Mon Apr 24 2017,Washington Wizards,101,Atlanta Hawks,111
Mon Apr 24 2017,Golden State Warriors,128,Portland Trail Blazers,103
Tue Apr 25 2017,Oklahoma City Thunder,99,Houston Rockets,105
Tue Apr 25 2017,Memphis Grizzlies,103,San Antonio Spurs,116
Tue Apr 25 2017,Utah Jazz,96,Los Angeles Clippers,92
Wed Apr 26 2017,Atlanta Hawks,99,Washington Wizards,103
Wed Apr 26 2017,Chicago Bulls,97,Boston Celtics,108
Thu Apr 27 2017,Toronto Raptors,92,Milwaukee Bucks,89
Thu Apr 27 2017,San Antonio Spurs,103,Memphis Grizzlies,96
Fri Apr 28 2017,Washington Wizards,115,Atlanta Hawks,99
Fri Apr 28 2017,Boston Celtics,105,Chicago Bulls,83
Fri Apr 28 2017,Los Angeles Clippers,98,Utah Jazz,93
Sun Apr 30 2017,Washington Wizards,111,Boston Celtics,123
Sun Apr 30 2017,Utah Jazz,104,Los Angeles Clippers,91
Mon May 1 2017,Toronto Raptors,105,Cleveland Cavaliers,116
Mon May 1 2017,Houston Rockets,126,San Antonio Spurs,99
Tue May 2 2017,Washington Wizards,119,Boston Celtics,129
Tue May 2 2017,Utah Jazz,94,Golden State Warriors,106
Wed May 3 2017,Toronto Raptors,103,Cleveland Cavaliers,125
Wed May 3 2017,Houston Rockets,96,San Antonio Spurs,121
Thu May 4 2017,Boston Celtics,89,Washington Wizards,116
Thu May 4 2017,Utah Jazz,104,Golden State Warriors,115
Fri May 5 2017,Cleveland Cavaliers,115,Toronto Raptors,94
Fri May 5 2017,San Antonio Spurs,103,Houston Rockets,92
Sat May 6 2017,Golden State Warriors,102,Utah Jazz,91
Sun May 7 2017,Cleveland Cavaliers,109,Toronto Raptors,102
Sun May 7 2017,Boston Celtics,102,Washington Wizards,121
Sun May 7 2017,San Antonio Spurs,104,Houston Rockets,125
Mon May 8 2017,Golden State Warriors,121,Utah Jazz,95
Tue May 9 2017,Houston Rockets,107,San Antonio Spurs,110
Wed May 10 2017,Washington Wizards,101,Boston Celtics,123
Thu May 11 2017,San Antonio Spurs,114,Houston Rockets,75
Fri May 12 2017,Boston Celtics,91,Washington Wizards,92
Sun May 14 2017,San Antonio Spurs,111,Golden State Warriors,113
Mon May 15 2017,Washington Wizards,105,Boston Celtics,115
Tue May 16 2017,San Antonio Spurs,100,Golden State Warriors,136
Wed May 17 2017,Cleveland Cavaliers,117,Boston Celtics,104
Fri May 19 2017,Cleveland Cavaliers,130,Boston Celtics,86
Sat May 20 2017,Golden State Warriors,120,San Antonio Spurs,108
Sun May 21 2017,Boston Celtics,111,Cleveland Cavaliers,108
Mon May 22 2017,Golden State Warriors,129,San Antonio Spurs,115
Tue May 23 2017,Boston Celtics,99,Cleveland Cavaliers,112
Thu May 25 2017,Cleveland Cavaliers,135,Boston Celtics,102
Thu Jun 1 2017,Cleveland Cavaliers,91,Golden State Warriors,113
Sun Jun 4 2017,Cleveland Cavaliers,113,Golden State Warriors,132
Wed Jun 7 2017,Golden State Warriors,118,Cleveland Cavaliers,113
Fri Jun 9 2017,Golden State Warriors,116,Cleveland Cavaliers,137
Mon Jun 12 2017,Cleveland Cavaliers,120,Golden State Warriors,129